2025-03-31 09:56:31 - eeg_brain_state_prediction.data_pipeline.tools.utils - INFO - Starting main_collect_multimodal_data_resampled
2025-03-31 09:56:31 - eeg_brain_state_prediction.data_pipeline.tools.multimodal - INFO - Loading data for modality: brainstates
2025-03-31 09:56:31 - eeg_brain_state_prediction.data_pipeline.tools.multimodal - INFO - Loading data for modality: eeg
2025-03-31 09:56:35 - eeg_brain_state_prediction.data_pipeline.tools.multimodal - INFO - Saving data to: /data2/Projects/eeg_fmri_natview/chang_data/derivatives/sub-0010/ses-01/multimodal/sub-0010_ses-01_task-MeRest_acq-mr0009_desc-SSDbandsEnv8Caps_multimodal.pkl
2025-03-31 09:56:35 - eeg_brain_state_prediction.data_pipeline.tools.multimodal - INFO - Successfully saved data
2025-03-31 09:56:35 - eeg_brain_state_prediction.data_pipeline.tools.multimodal - INFO - Loading data for modality: brainstates
2025-03-31 09:56:35 - eeg_brain_state_prediction.data_pipeline.tools.multimodal - INFO - Loading data for modality: eeg
2025-03-31 09:56:38 - eeg_brain_state_prediction.data_pipeline.tools.multimodal - INFO - Saving data to: /data2/Projects/eeg_fmri_natview/chang_data/derivatives/sub-0010/ses-01/multimodal/sub-0010_ses-01_task-MeRest_acq-mr0009_desc-SSDbandsEnv8Caps_multimodal.pkl
2025-03-31 09:56:38 - eeg_brain_state_prediction.data_pipeline.tools.multimodal - INFO - Successfully saved data
2025-03-31 09:56:38 - eeg_brain_state_prediction.data_pipeline.tools.multimodal - INFO - Loading data for modality: brainstates
2025-03-31 09:56:38 - eeg_brain_state_prediction.data_pipeline.tools.multimodal - INFO - Loading data for modality: eeg
2025-03-31 09:56:41 - eeg_brain_state_prediction.data_pipeline.tools.multimodal - INFO - Saving data to: /data2/Projects/eeg_fmri_natview/chang_data/derivatives/sub-0010/ses-01/multimodal/sub-0010_ses-01_task-MeRest_acq-mr0015_desc-SSDbandsEnv8Caps_multimodal.pkl
2025-03-31 09:56:41 - eeg_brain_state_prediction.data_pipeline.tools.multimodal - INFO - Successfully saved data
2025-03-31 09:56:41 - eeg_brain_state_prediction.data_pipeline.tools.multimodal - INFO - Loading data for modality: brainstates
2025-03-31 09:56:41 - eeg_brain_state_prediction.data_pipeline.tools.multimodal - INFO - Loading data for modality: eeg
2025-03-31 09:56:44 - eeg_brain_state_prediction.data_pipeline.tools.multimodal - INFO - Saving data to: /data2/Projects/eeg_fmri_natview/chang_data/derivatives/sub-0010/ses-01/multimodal/sub-0010_ses-01_task-MeRest_acq-mr0015_desc-SSDbandsEnv8Caps_multimodal.pkl
2025-03-31 09:56:44 - eeg_brain_state_prediction.data_pipeline.tools.multimodal - INFO - Successfully saved data
2025-03-31 09:56:44 - eeg_brain_state_prediction.data_pipeline.tools.multimodal - INFO - Loading data for modality: brainstates
2025-03-31 09:56:44 - eeg_brain_state_prediction.data_pipeline.tools.multimodal - INFO - Loading data for modality: eeg
2025-03-31 09:56:47 - eeg_brain_state_prediction.data_pipeline.tools.multimodal - INFO - Saving data to: /data2/Projects/eeg_fmri_natview/chang_data/derivatives/sub-0010/ses-01/multimodal/sub-0010_ses-01_task-MeRest_acq-mr0009_desc-SSDbandsEnv8Caps_multimodal.pkl
2025-03-31 09:56:47 - eeg_brain_state_prediction.data_pipeline.tools.multimodal - INFO - Successfully saved data
2025-03-31 09:56:47 - eeg_brain_state_prediction.data_pipeline.tools.multimodal - INFO - Loading data for modality: brainstates
2025-03-31 09:56:47 - eeg_brain_state_prediction.data_pipeline.tools.multimodal - INFO - Loading data for modality: eeg
2025-03-31 09:56:50 - eeg_brain_state_prediction.data_pipeline.tools.multimodal - INFO - Saving data to: /data2/Projects/eeg_fmri_natview/chang_data/derivatives/sub-0010/ses-01/multimodal/sub-0010_ses-01_task-MeRest_acq-mr0009_desc-SSDbandsEnv8Caps_multimodal.pkl
2025-03-31 09:56:50 - eeg_brain_state_prediction.data_pipeline.tools.multimodal - INFO - Successfully saved data
2025-03-31 09:56:50 - eeg_brain_state_prediction.data_pipeline.tools.multimodal - INFO - Loading data for modality: brainstates
2025-03-31 09:56:50 - eeg_brain_state_prediction.data_pipeline.tools.multimodal - INFO - Loading data for modality: eeg
2025-03-31 09:56:53 - eeg_brain_state_prediction.data_pipeline.tools.multimodal - INFO - Saving data to: /data2/Projects/eeg_fmri_natview/chang_data/derivatives/sub-0010/ses-01/multimodal/sub-0010_ses-01_task-MeRest_acq-mr0015_desc-SSDbandsEnv8Caps_multimodal.pkl
2025-03-31 09:56:53 - eeg_brain_state_prediction.data_pipeline.tools.multimodal - INFO - Successfully saved data
2025-03-31 09:56:53 - eeg_brain_state_prediction.data_pipeline.tools.multimodal - INFO - Loading data for modality: brainstates
2025-03-31 09:56:53 - eeg_brain_state_prediction.data_pipeline.tools.multimodal - INFO - Loading data for modality: eeg
2025-03-31 09:56:56 - eeg_brain_state_prediction.data_pipeline.tools.multimodal - INFO - Saving data to: /data2/Projects/eeg_fmri_natview/chang_data/derivatives/sub-0010/ses-01/multimodal/sub-0010_ses-01_task-MeRest_acq-mr0015_desc-SSDbandsEnv8Caps_multimodal.pkl
2025-03-31 09:56:57 - eeg_brain_state_prediction.data_pipeline.tools.multimodal - INFO - Successfully saved data
2025-03-31 09:56:57 - eeg_brain_state_prediction.data_pipeline.tools.multimodal - INFO - Loading data for modality: brainstates
2025-03-31 09:56:57 - eeg_brain_state_prediction.data_pipeline.tools.multimodal - INFO - Loading data for modality: eeg
2025-03-31 09:57:00 - eeg_brain_state_prediction.data_pipeline.tools.multimodal - INFO - Saving data to: /data2/Projects/eeg_fmri_natview/chang_data/derivatives/sub-0010/ses-01/multimodal/sub-0010_ses-01_task-MeRest_acq-mr0009_desc-SSDbandsEnv8Caps_multimodal.pkl
2025-03-31 09:57:00 - eeg_brain_state_prediction.data_pipeline.tools.multimodal - INFO - Successfully saved data
2025-03-31 09:57:00 - eeg_brain_state_prediction.data_pipeline.tools.multimodal - INFO - Loading data for modality: brainstates
2025-03-31 09:57:00 - eeg_brain_state_prediction.data_pipeline.tools.multimodal - INFO - Loading data for modality: eeg
2025-03-31 09:57:03 - eeg_brain_state_prediction.data_pipeline.tools.multimodal - INFO - Saving data to: /data2/Projects/eeg_fmri_natview/chang_data/derivatives/sub-0010/ses-01/multimodal/sub-0010_ses-01_task-MeRest_acq-mr0015_desc-SSDbandsEnv8Caps_multimodal.pkl
2025-03-31 09:57:03 - eeg_brain_state_prediction.data_pipeline.tools.multimodal - INFO - Successfully saved data
2025-03-31 09:57:03 - eeg_brain_state_prediction.data_pipeline.tools.multimodal - INFO - Loading data for modality: brainstates
2025-03-31 09:57:03 - eeg_brain_state_prediction.data_pipeline.tools.multimodal - INFO - Loading data for modality: eeg
2025-03-31 09:57:06 - eeg_brain_state_prediction.data_pipeline.tools.multimodal - INFO - Saving data to: /data2/Projects/eeg_fmri_natview/chang_data/derivatives/sub-0010/ses-01/multimodal/sub-0010_ses-01_task-MeRest_acq-mr0009_desc-SSDbandsEnv8Caps_multimodal.pkl
2025-03-31 09:57:06 - eeg_brain_state_prediction.data_pipeline.tools.multimodal - INFO - Successfully saved data
2025-03-31 09:57:06 - eeg_brain_state_prediction.data_pipeline.tools.multimodal - INFO - Loading data for modality: brainstates
2025-03-31 09:57:06 - eeg_brain_state_prediction.data_pipeline.tools.multimodal - INFO - Loading data for modality: eeg
2025-03-31 09:57:09 - eeg_brain_state_prediction.data_pipeline.tools.multimodal - INFO - Saving data to: /data2/Projects/eeg_fmri_natview/chang_data/derivatives/sub-0010/ses-01/multimodal/sub-0010_ses-01_task-MeRest_acq-mr0015_desc-SSDbandsEnv8Caps_multimodal.pkl
2025-03-31 09:57:09 - eeg_brain_state_prediction.data_pipeline.tools.multimodal - INFO - Successfully saved data
2025-03-31 09:57:09 - eeg_brain_state_prediction.data_pipeline.tools.multimodal - INFO - Loading data for modality: brainstates
2025-03-31 09:57:09 - eeg_brain_state_prediction.data_pipeline.tools.multimodal - INFO - Loading data for modality: eeg
2025-03-31 09:57:12 - eeg_brain_state_prediction.data_pipeline.tools.multimodal - INFO - Saving data to: /data2/Projects/eeg_fmri_natview/chang_data/derivatives/sub-0010/ses-01/multimodal/sub-0010_ses-01_task-MeRest_acq-mr0009_desc-SSDbandsEnv8Caps_multimodal.pkl
2025-03-31 09:57:12 - eeg_brain_state_prediction.data_pipeline.tools.multimodal - INFO - Successfully saved data
2025-03-31 09:57:12 - eeg_brain_state_prediction.data_pipeline.tools.multimodal - INFO - Loading data for modality: brainstates
2025-03-31 09:57:12 - eeg_brain_state_prediction.data_pipeline.tools.multimodal - INFO - Loading data for modality: eeg
2025-03-31 09:57:15 - eeg_brain_state_prediction.data_pipeline.tools.multimodal - INFO - Saving data to: /data2/Projects/eeg_fmri_natview/chang_data/derivatives/sub-0010/ses-01/multimodal/sub-0010_ses-01_task-MeRest_acq-mr0015_desc-SSDbandsEnv8Caps_multimodal.pkl
2025-03-31 09:57:15 - eeg_brain_state_prediction.data_pipeline.tools.multimodal - INFO - Successfully saved data
2025-03-31 09:57:15 - eeg_brain_state_prediction.data_pipeline.tools.multimodal - INFO - Loading data for modality: brainstates
2025-03-31 09:57:15 - eeg_brain_state_prediction.data_pipeline.tools.multimodal - INFO - Loading data for modality: eeg
2025-03-31 09:57:18 - eeg_brain_state_prediction.data_pipeline.tools.multimodal - INFO - Saving data to: /data2/Projects/eeg_fmri_natview/chang_data/derivatives/sub-0010/ses-01/multimodal/sub-0010_ses-01_task-MeRest_acq-mr0009_desc-SSDbandsEnv8Caps_multimodal.pkl
2025-03-31 09:57:18 - eeg_brain_state_prediction.data_pipeline.tools.multimodal - INFO - Successfully saved data
2025-03-31 09:57:18 - eeg_brain_state_prediction.data_pipeline.tools.multimodal - INFO - Loading data for modality: brainstates
2025-03-31 09:57:18 - eeg_brain_state_prediction.data_pipeline.tools.multimodal - INFO - Loading data for modality: eeg
2025-03-31 09:57:21 - eeg_brain_state_prediction.data_pipeline.tools.multimodal - INFO - Saving data to: /data2/Projects/eeg_fmri_natview/chang_data/derivatives/sub-0010/ses-01/multimodal/sub-0010_ses-01_task-MeRest_acq-mr0015_desc-SSDbandsEnv8Caps_multimodal.pkl
2025-03-31 09:57:21 - eeg_brain_state_prediction.data_pipeline.tools.multimodal - INFO - Successfully saved data
2025-03-31 09:57:21 - eeg_brain_state_prediction.data_pipeline.tools.multimodal - INFO - Loading data for modality: brainstates
2025-03-31 09:57:21 - eeg_brain_state_prediction.data_pipeline.tools.multimodal - INFO - Loading data for modality: eeg
2025-03-31 09:57:24 - eeg_brain_state_prediction.data_pipeline.tools.multimodal - INFO - Saving data to: /data2/Projects/eeg_fmri_natview/chang_data/derivatives/sub-0010/ses-01/multimodal/sub-0010_ses-01_task-MeRest_acq-mr0009_desc-SSDbandsEnv8Caps_multimodal.pkl
2025-03-31 09:57:24 - eeg_brain_state_prediction.data_pipeline.tools.multimodal - INFO - Successfully saved data
2025-03-31 09:57:24 - eeg_brain_state_prediction.data_pipeline.tools.multimodal - INFO - Loading data for modality: brainstates
2025-03-31 09:57:24 - eeg_brain_state_prediction.data_pipeline.tools.multimodal - INFO - Loading data for modality: eeg
2025-03-31 09:57:27 - eeg_brain_state_prediction.data_pipeline.tools.multimodal - INFO - Saving data to: /data2/Projects/eeg_fmri_natview/chang_data/derivatives/sub-0010/ses-01/multimodal/sub-0010_ses-01_task-MeRest_acq-mr0015_desc-SSDbandsEnv8Caps_multimodal.pkl
2025-03-31 09:57:27 - eeg_brain_state_prediction.data_pipeline.tools.multimodal - INFO - Successfully saved data
2025-03-31 09:57:27 - eeg_brain_state_prediction.data_pipeline.tools.multimodal - INFO - Loading data for modality: brainstates
2025-03-31 09:57:27 - eeg_brain_state_prediction.data_pipeline.tools.multimodal - INFO - Loading data for modality: eeg
2025-03-31 09:57:30 - eeg_brain_state_prediction.data_pipeline.tools.multimodal - INFO - Saving data to: /data2/Projects/eeg_fmri_natview/chang_data/derivatives/sub-0010/ses-01/multimodal/sub-0010_ses-01_task-MeRest_acq-mr0009_desc-SSDbandsEnv8Caps_multimodal.pkl
2025-03-31 09:57:30 - eeg_brain_state_prediction.data_pipeline.tools.multimodal - INFO - Successfully saved data
2025-03-31 09:57:30 - eeg_brain_state_prediction.data_pipeline.tools.multimodal - INFO - Loading data for modality: brainstates
2025-03-31 09:57:30 - eeg_brain_state_prediction.data_pipeline.tools.multimodal - INFO - Loading data for modality: eeg
2025-03-31 09:57:33 - eeg_brain_state_prediction.data_pipeline.tools.multimodal - INFO - Saving data to: /data2/Projects/eeg_fmri_natview/chang_data/derivatives/sub-0010/ses-01/multimodal/sub-0010_ses-01_task-MeRest_acq-mr0015_desc-SSDbandsEnv8Caps_multimodal.pkl
2025-03-31 09:57:33 - eeg_brain_state_prediction.data_pipeline.tools.multimodal - INFO - Successfully saved data
2025-03-31 09:57:33 - eeg_brain_state_prediction.data_pipeline.tools.multimodal - INFO - Loading data for modality: brainstates
2025-03-31 09:57:33 - eeg_brain_state_prediction.data_pipeline.tools.multimodal - INFO - Loading data for modality: eeg
2025-03-31 09:57:36 - eeg_brain_state_prediction.data_pipeline.tools.multimodal - INFO - Saving data to: /data2/Projects/eeg_fmri_natview/chang_data/derivatives/sub-0012/ses-01/multimodal/sub-0012_ses-01_task-MeRest_acq-mr0018_desc-SSDbandsEnv8Caps_multimodal.pkl
2025-03-31 09:57:37 - eeg_brain_state_prediction.data_pipeline.tools.multimodal - INFO - Successfully saved data
2025-03-31 09:57:37 - eeg_brain_state_prediction.data_pipeline.tools.multimodal - INFO - Loading data for modality: brainstates
2025-03-31 09:57:37 - eeg_brain_state_prediction.data_pipeline.tools.multimodal - INFO - Loading data for modality: eeg
2025-03-31 09:57:40 - eeg_brain_state_prediction.data_pipeline.tools.multimodal - INFO - Saving data to: /data2/Projects/eeg_fmri_natview/chang_data/derivatives/sub-0012/ses-01/multimodal/sub-0012_ses-01_task-MeRest_acq-mr0018_desc-SSDbandsEnv8Caps_multimodal.pkl
2025-03-31 09:57:40 - eeg_brain_state_prediction.data_pipeline.tools.multimodal - INFO - Successfully saved data
2025-03-31 09:57:40 - eeg_brain_state_prediction.data_pipeline.tools.multimodal - INFO - Loading data for modality: brainstates
2025-03-31 09:57:40 - eeg_brain_state_prediction.data_pipeline.tools.multimodal - INFO - Loading data for modality: eeg
2025-03-31 09:57:43 - eeg_brain_state_prediction.data_pipeline.tools.multimodal - INFO - Saving data to: /data2/Projects/eeg_fmri_natview/chang_data/derivatives/sub-0012/ses-01/multimodal/sub-0012_ses-01_task-MeRest_acq-mr0012_desc-SSDbandsEnv8Caps_multimodal.pkl
2025-03-31 09:57:43 - eeg_brain_state_prediction.data_pipeline.tools.multimodal - INFO - Successfully saved data
2025-03-31 09:57:43 - eeg_brain_state_prediction.data_pipeline.tools.multimodal - INFO - Loading data for modality: brainstates
2025-03-31 09:57:43 - eeg_brain_state_prediction.data_pipeline.tools.multimodal - INFO - Loading data for modality: eeg
2025-03-31 09:57:46 - eeg_brain_state_prediction.data_pipeline.tools.multimodal - INFO - Saving data to: /data2/Projects/eeg_fmri_natview/chang_data/derivatives/sub-0012/ses-01/multimodal/sub-0012_ses-01_task-MeRest_acq-mr0012_desc-SSDbandsEnv8Caps_multimodal.pkl
2025-03-31 09:57:46 - eeg_brain_state_prediction.data_pipeline.tools.multimodal - INFO - Successfully saved data
2025-03-31 09:57:46 - eeg_brain_state_prediction.data_pipeline.tools.multimodal - INFO - Loading data for modality: brainstates
2025-03-31 09:57:46 - eeg_brain_state_prediction.data_pipeline.tools.multimodal - INFO - Loading data for modality: eeg
2025-03-31 09:57:49 - eeg_brain_state_prediction.data_pipeline.tools.multimodal - INFO - Saving data to: /data2/Projects/eeg_fmri_natview/chang_data/derivatives/sub-0012/ses-01/multimodal/sub-0012_ses-01_task-MeRest_acq-mr0012_desc-SSDbandsEnv8Caps_multimodal.pkl
2025-03-31 09:57:49 - eeg_brain_state_prediction.data_pipeline.tools.multimodal - INFO - Successfully saved data
2025-03-31 09:57:49 - eeg_brain_state_prediction.data_pipeline.tools.multimodal - INFO - Loading data for modality: brainstates
2025-03-31 09:57:49 - eeg_brain_state_prediction.data_pipeline.tools.multimodal - INFO - Loading data for modality: eeg
2025-03-31 09:57:52 - eeg_brain_state_prediction.data_pipeline.tools.multimodal - INFO - Saving data to: /data2/Projects/eeg_fmri_natview/chang_data/derivatives/sub-0012/ses-01/multimodal/sub-0012_ses-01_task-MeRest_acq-mr0018_desc-SSDbandsEnv8Caps_multimodal.pkl
2025-03-31 09:57:52 - eeg_brain_state_prediction.data_pipeline.tools.multimodal - INFO - Successfully saved data
2025-03-31 09:57:52 - eeg_brain_state_prediction.data_pipeline.tools.multimodal - INFO - Loading data for modality: brainstates
2025-03-31 09:57:52 - eeg_brain_state_prediction.data_pipeline.tools.multimodal - INFO - Loading data for modality: eeg
2025-03-31 09:57:55 - eeg_brain_state_prediction.data_pipeline.tools.multimodal - INFO - Saving data to: /data2/Projects/eeg_fmri_natview/chang_data/derivatives/sub-0012/ses-01/multimodal/sub-0012_ses-01_task-MeRest_acq-mr0012_desc-SSDbandsEnv8Caps_multimodal.pkl
2025-03-31 09:57:55 - eeg_brain_state_prediction.data_pipeline.tools.multimodal - INFO - Successfully saved data
2025-03-31 09:57:55 - eeg_brain_state_prediction.data_pipeline.tools.multimodal - INFO - Loading data for modality: brainstates
2025-03-31 09:57:55 - eeg_brain_state_prediction.data_pipeline.tools.multimodal - INFO - Loading data for modality: eeg
2025-03-31 09:57:58 - eeg_brain_state_prediction.data_pipeline.tools.multimodal - INFO - Saving data to: /data2/Projects/eeg_fmri_natview/chang_data/derivatives/sub-0012/ses-01/multimodal/sub-0012_ses-01_task-MeRest_acq-mr0018_desc-SSDbandsEnv8Caps_multimodal.pkl
2025-03-31 09:57:58 - eeg_brain_state_prediction.data_pipeline.tools.multimodal - INFO - Successfully saved data
2025-03-31 09:57:58 - eeg_brain_state_prediction.data_pipeline.tools.multimodal - INFO - Loading data for modality: brainstates
2025-03-31 09:57:58 - eeg_brain_state_prediction.data_pipeline.tools.multimodal - INFO - Loading data for modality: eeg
2025-03-31 09:58:01 - eeg_brain_state_prediction.data_pipeline.tools.multimodal - INFO - Saving data to: /data2/Projects/eeg_fmri_natview/chang_data/derivatives/sub-0012/ses-01/multimodal/sub-0012_ses-01_task-MeRest_acq-mr0012_desc-SSDbandsEnv8Caps_multimodal.pkl
2025-03-31 09:58:01 - eeg_brain_state_prediction.data_pipeline.tools.multimodal - INFO - Successfully saved data
2025-03-31 09:58:01 - eeg_brain_state_prediction.data_pipeline.tools.multimodal - INFO - Loading data for modality: brainstates
2025-03-31 09:58:01 - eeg_brain_state_prediction.data_pipeline.tools.multimodal - INFO - Loading data for modality: eeg
2025-03-31 09:58:04 - eeg_brain_state_prediction.data_pipeline.tools.multimodal - INFO - Saving data to: /data2/Projects/eeg_fmri_natview/chang_data/derivatives/sub-0012/ses-01/multimodal/sub-0012_ses-01_task-MeRest_acq-mr0018_desc-SSDbandsEnv8Caps_multimodal.pkl
2025-03-31 09:58:04 - eeg_brain_state_prediction.data_pipeline.tools.multimodal - INFO - Successfully saved data
2025-03-31 09:58:04 - eeg_brain_state_prediction.data_pipeline.tools.multimodal - INFO - Loading data for modality: brainstates
2025-03-31 09:58:04 - eeg_brain_state_prediction.data_pipeline.tools.multimodal - INFO - Loading data for modality: eeg
2025-03-31 09:58:07 - eeg_brain_state_prediction.data_pipeline.tools.multimodal - INFO - Saving data to: /data2/Projects/eeg_fmri_natview/chang_data/derivatives/sub-0012/ses-01/multimodal/sub-0012_ses-01_task-MeRest_acq-mr0012_desc-SSDbandsEnv8Caps_multimodal.pkl
2025-03-31 09:58:07 - eeg_brain_state_prediction.data_pipeline.tools.multimodal - INFO - Successfully saved data
2025-03-31 09:58:07 - eeg_brain_state_prediction.data_pipeline.tools.multimodal - INFO - Loading data for modality: brainstates
2025-03-31 09:58:07 - eeg_brain_state_prediction.data_pipeline.tools.multimodal - INFO - Loading data for modality: eeg
2025-03-31 09:58:10 - eeg_brain_state_prediction.data_pipeline.tools.multimodal - INFO - Saving data to: /data2/Projects/eeg_fmri_natview/chang_data/derivatives/sub-0012/ses-01/multimodal/sub-0012_ses-01_task-MeRest_acq-mr0018_desc-SSDbandsEnv8Caps_multimodal.pkl
2025-03-31 09:58:11 - eeg_brain_state_prediction.data_pipeline.tools.multimodal - INFO - Successfully saved data
2025-03-31 09:58:11 - eeg_brain_state_prediction.data_pipeline.tools.multimodal - INFO - Loading data for modality: brainstates
2025-03-31 09:58:11 - eeg_brain_state_prediction.data_pipeline.tools.multimodal - INFO - Loading data for modality: eeg
2025-03-31 09:58:14 - eeg_brain_state_prediction.data_pipeline.tools.multimodal - INFO - Saving data to: /data2/Projects/eeg_fmri_natview/chang_data/derivatives/sub-0012/ses-01/multimodal/sub-0012_ses-01_task-MeRest_acq-mr0012_desc-SSDbandsEnv8Caps_multimodal.pkl
2025-03-31 09:58:14 - eeg_brain_state_prediction.data_pipeline.tools.multimodal - INFO - Successfully saved data
2025-03-31 09:58:14 - eeg_brain_state_prediction.data_pipeline.tools.multimodal - INFO - Loading data for modality: brainstates
2025-03-31 09:58:14 - eeg_brain_state_prediction.data_pipeline.tools.multimodal - INFO - Loading data for modality: eeg
2025-03-31 09:58:17 - eeg_brain_state_prediction.data_pipeline.tools.multimodal - INFO - Saving data to: /data2/Projects/eeg_fmri_natview/chang_data/derivatives/sub-0012/ses-01/multimodal/sub-0012_ses-01_task-MeRest_acq-mr0018_desc-SSDbandsEnv8Caps_multimodal.pkl
2025-03-31 09:58:17 - eeg_brain_state_prediction.data_pipeline.tools.multimodal - INFO - Successfully saved data
2025-03-31 09:58:17 - eeg_brain_state_prediction.data_pipeline.tools.multimodal - INFO - Loading data for modality: brainstates
2025-03-31 09:58:17 - eeg_brain_state_prediction.data_pipeline.tools.multimodal - INFO - Loading data for modality: eeg
2025-03-31 09:58:20 - eeg_brain_state_prediction.data_pipeline.tools.multimodal - INFO - Saving data to: /data2/Projects/eeg_fmri_natview/chang_data/derivatives/sub-0012/ses-01/multimodal/sub-0012_ses-01_task-MeRest_acq-mr0018_desc-SSDbandsEnv8Caps_multimodal.pkl
2025-03-31 09:58:20 - eeg_brain_state_prediction.data_pipeline.tools.multimodal - INFO - Successfully saved data
2025-03-31 09:58:20 - eeg_brain_state_prediction.data_pipeline.tools.multimodal - INFO - Loading data for modality: brainstates
2025-03-31 09:58:20 - eeg_brain_state_prediction.data_pipeline.tools.multimodal - INFO - Loading data for modality: eeg
2025-03-31 09:58:23 - eeg_brain_state_prediction.data_pipeline.tools.multimodal - INFO - Saving data to: /data2/Projects/eeg_fmri_natview/chang_data/derivatives/sub-0012/ses-01/multimodal/sub-0012_ses-01_task-MeRest_acq-mr0012_desc-SSDbandsEnv8Caps_multimodal.pkl
2025-03-31 09:58:23 - eeg_brain_state_prediction.data_pipeline.tools.multimodal - INFO - Successfully saved data
2025-03-31 09:58:23 - eeg_brain_state_prediction.data_pipeline.tools.multimodal - INFO - Loading data for modality: brainstates
2025-03-31 09:58:23 - eeg_brain_state_prediction.data_pipeline.tools.multimodal - INFO - Loading data for modality: eeg
2025-03-31 09:58:26 - eeg_brain_state_prediction.data_pipeline.tools.multimodal - INFO - Saving data to: /data2/Projects/eeg_fmri_natview/chang_data/derivatives/sub-0012/ses-01/multimodal/sub-0012_ses-01_task-MeRest_acq-mr0018_desc-SSDbandsEnv8Caps_multimodal.pkl
2025-03-31 09:58:26 - eeg_brain_state_prediction.data_pipeline.tools.multimodal - INFO - Successfully saved data
2025-03-31 09:58:26 - eeg_brain_state_prediction.data_pipeline.tools.multimodal - INFO - Loading data for modality: brainstates
2025-03-31 09:58:26 - eeg_brain_state_prediction.data_pipeline.tools.multimodal - INFO - Loading data for modality: eeg
2025-03-31 09:58:29 - eeg_brain_state_prediction.data_pipeline.tools.multimodal - INFO - Saving data to: /data2/Projects/eeg_fmri_natview/chang_data/derivatives/sub-0012/ses-01/multimodal/sub-0012_ses-01_task-MeRest_acq-mr0012_desc-SSDbandsEnv8Caps_multimodal.pkl
2025-03-31 09:58:29 - eeg_brain_state_prediction.data_pipeline.tools.multimodal - INFO - Successfully saved data
2025-03-31 09:58:29 - eeg_brain_state_prediction.data_pipeline.tools.multimodal - INFO - Loading data for modality: brainstates
2025-03-31 09:58:29 - eeg_brain_state_prediction.data_pipeline.tools.multimodal - INFO - Loading data for modality: eeg
2025-03-31 09:58:32 - eeg_brain_state_prediction.data_pipeline.tools.multimodal - INFO - Saving data to: /data2/Projects/eeg_fmri_natview/chang_data/derivatives/sub-0012/ses-01/multimodal/sub-0012_ses-01_task-MeRest_acq-mr0018_desc-SSDbandsEnv8Caps_multimodal.pkl
2025-03-31 09:58:32 - eeg_brain_state_prediction.data_pipeline.tools.multimodal - INFO - Successfully saved data
2025-03-31 09:58:32 - eeg_brain_state_prediction.data_pipeline.tools.multimodal - INFO - Loading data for modality: brainstates
2025-03-31 09:58:32 - eeg_brain_state_prediction.data_pipeline.tools.multimodal - INFO - Loading data for modality: eeg
2025-03-31 09:58:35 - eeg_brain_state_prediction.data_pipeline.tools.multimodal - INFO - Saving data to: /data2/Projects/eeg_fmri_natview/chang_data/derivatives/sub-0012/ses-01/multimodal/sub-0012_ses-01_task-MeRest_acq-mr0012_desc-SSDbandsEnv8Caps_multimodal.pkl
2025-03-31 09:58:35 - eeg_brain_state_prediction.data_pipeline.tools.multimodal - INFO - Successfully saved data
2025-03-31 09:58:35 - eeg_brain_state_prediction.data_pipeline.tools.multimodal - INFO - Loading data for modality: brainstates
2025-03-31 09:58:35 - eeg_brain_state_prediction.data_pipeline.tools.multimodal - INFO - Loading data for modality: eeg
2025-03-31 09:58:38 - eeg_brain_state_prediction.data_pipeline.tools.multimodal - INFO - Saving data to: /data2/Projects/eeg_fmri_natview/chang_data/derivatives/sub-0014/ses-01/multimodal/sub-0014_ses-01_task-MeRest_acq-mr0018_desc-SSDbandsEnv8Caps_multimodal.pkl
2025-03-31 09:58:38 - eeg_brain_state_prediction.data_pipeline.tools.multimodal - INFO - Successfully saved data
2025-03-31 09:58:38 - eeg_brain_state_prediction.data_pipeline.tools.multimodal - INFO - Loading data for modality: brainstates
2025-03-31 09:58:38 - eeg_brain_state_prediction.data_pipeline.tools.multimodal - INFO - Loading data for modality: eeg
2025-03-31 09:58:41 - eeg_brain_state_prediction.data_pipeline.tools.multimodal - INFO - Saving data to: /data2/Projects/eeg_fmri_natview/chang_data/derivatives/sub-0014/ses-01/multimodal/sub-0014_ses-01_task-MeRest_acq-mr0018_desc-SSDbandsEnv8Caps_multimodal.pkl
2025-03-31 09:58:41 - eeg_brain_state_prediction.data_pipeline.tools.multimodal - INFO - Successfully saved data
2025-03-31 09:58:41 - eeg_brain_state_prediction.data_pipeline.tools.multimodal - INFO - Loading data for modality: brainstates
2025-03-31 09:58:41 - eeg_brain_state_prediction.data_pipeline.tools.multimodal - INFO - Loading data for modality: eeg
2025-03-31 09:58:44 - eeg_brain_state_prediction.data_pipeline.tools.multimodal - INFO - Saving data to: /data2/Projects/eeg_fmri_natview/chang_data/derivatives/sub-0014/ses-01/multimodal/sub-0014_ses-01_task-MeRest_acq-mr0012_desc-SSDbandsEnv8Caps_multimodal.pkl
2025-03-31 09:58:44 - eeg_brain_state_prediction.data_pipeline.tools.multimodal - INFO - Successfully saved data
2025-03-31 09:58:44 - eeg_brain_state_prediction.data_pipeline.tools.multimodal - INFO - Loading data for modality: brainstates
2025-03-31 09:58:44 - eeg_brain_state_prediction.data_pipeline.tools.multimodal - INFO - Loading data for modality: eeg
2025-03-31 09:58:47 - eeg_brain_state_prediction.data_pipeline.tools.multimodal - INFO - Saving data to: /data2/Projects/eeg_fmri_natview/chang_data/derivatives/sub-0014/ses-01/multimodal/sub-0014_ses-01_task-MeRest_acq-mr0012_desc-SSDbandsEnv8Caps_multimodal.pkl
2025-03-31 09:58:47 - eeg_brain_state_prediction.data_pipeline.tools.multimodal - INFO - Successfully saved data
2025-03-31 09:58:47 - eeg_brain_state_prediction.data_pipeline.tools.multimodal - INFO - Loading data for modality: brainstates
2025-03-31 09:58:47 - eeg_brain_state_prediction.data_pipeline.tools.multimodal - INFO - Loading data for modality: eeg
2025-03-31 09:58:50 - eeg_brain_state_prediction.data_pipeline.tools.multimodal - INFO - Saving data to: /data2/Projects/eeg_fmri_natview/chang_data/derivatives/sub-0014/ses-01/multimodal/sub-0014_ses-01_task-MeRest_acq-mr0012_desc-SSDbandsEnv8Caps_multimodal.pkl
2025-03-31 09:58:51 - eeg_brain_state_prediction.data_pipeline.tools.multimodal - INFO - Successfully saved data
2025-03-31 09:58:51 - eeg_brain_state_prediction.data_pipeline.tools.multimodal - INFO - Loading data for modality: brainstates
2025-03-31 09:58:51 - eeg_brain_state_prediction.data_pipeline.tools.multimodal - INFO - Loading data for modality: eeg
2025-03-31 09:58:53 - eeg_brain_state_prediction.data_pipeline.tools.multimodal - INFO - Saving data to: /data2/Projects/eeg_fmri_natview/chang_data/derivatives/sub-0014/ses-01/multimodal/sub-0014_ses-01_task-MeRest_acq-mr0018_desc-SSDbandsEnv8Caps_multimodal.pkl
2025-03-31 09:58:54 - eeg_brain_state_prediction.data_pipeline.tools.multimodal - INFO - Successfully saved data
2025-03-31 09:58:54 - eeg_brain_state_prediction.data_pipeline.tools.multimodal - INFO - Loading data for modality: brainstates
2025-03-31 09:58:54 - eeg_brain_state_prediction.data_pipeline.tools.multimodal - INFO - Loading data for modality: eeg
2025-03-31 09:58:57 - eeg_brain_state_prediction.data_pipeline.tools.multimodal - INFO - Saving data to: /data2/Projects/eeg_fmri_natview/chang_data/derivatives/sub-0014/ses-01/multimodal/sub-0014_ses-01_task-MeRest_acq-mr0012_desc-SSDbandsEnv8Caps_multimodal.pkl
2025-03-31 09:58:57 - eeg_brain_state_prediction.data_pipeline.tools.multimodal - INFO - Successfully saved data
2025-03-31 09:58:57 - eeg_brain_state_prediction.data_pipeline.tools.multimodal - INFO - Loading data for modality: brainstates
2025-03-31 09:58:57 - eeg_brain_state_prediction.data_pipeline.tools.multimodal - INFO - Loading data for modality: eeg
2025-03-31 09:59:00 - eeg_brain_state_prediction.data_pipeline.tools.multimodal - INFO - Saving data to: /data2/Projects/eeg_fmri_natview/chang_data/derivatives/sub-0014/ses-01/multimodal/sub-0014_ses-01_task-MeRest_acq-mr0018_desc-SSDbandsEnv8Caps_multimodal.pkl
2025-03-31 09:59:00 - eeg_brain_state_prediction.data_pipeline.tools.multimodal - INFO - Successfully saved data
2025-03-31 09:59:00 - eeg_brain_state_prediction.data_pipeline.tools.multimodal - INFO - Loading data for modality: brainstates
2025-03-31 09:59:00 - eeg_brain_state_prediction.data_pipeline.tools.multimodal - INFO - Loading data for modality: eeg
2025-03-31 09:59:03 - eeg_brain_state_prediction.data_pipeline.tools.multimodal - INFO - Saving data to: /data2/Projects/eeg_fmri_natview/chang_data/derivatives/sub-0014/ses-01/multimodal/sub-0014_ses-01_task-MeRest_acq-mr0012_desc-SSDbandsEnv8Caps_multimodal.pkl
2025-03-31 09:59:03 - eeg_brain_state_prediction.data_pipeline.tools.multimodal - INFO - Successfully saved data
2025-03-31 09:59:03 - eeg_brain_state_prediction.data_pipeline.tools.multimodal - INFO - Loading data for modality: brainstates
2025-03-31 09:59:03 - eeg_brain_state_prediction.data_pipeline.tools.multimodal - INFO - Loading data for modality: eeg
2025-03-31 09:59:06 - eeg_brain_state_prediction.data_pipeline.tools.multimodal - INFO - Saving data to: /data2/Projects/eeg_fmri_natview/chang_data/derivatives/sub-0014/ses-01/multimodal/sub-0014_ses-01_task-MeRest_acq-mr0018_desc-SSDbandsEnv8Caps_multimodal.pkl
2025-03-31 09:59:06 - eeg_brain_state_prediction.data_pipeline.tools.multimodal - INFO - Successfully saved data
2025-03-31 09:59:06 - eeg_brain_state_prediction.data_pipeline.tools.multimodal - INFO - Loading data for modality: brainstates
2025-03-31 09:59:06 - eeg_brain_state_prediction.data_pipeline.tools.multimodal - INFO - Loading data for modality: eeg
2025-03-31 09:59:09 - eeg_brain_state_prediction.data_pipeline.tools.multimodal - INFO - Saving data to: /data2/Projects/eeg_fmri_natview/chang_data/derivatives/sub-0014/ses-01/multimodal/sub-0014_ses-01_task-MeRest_acq-mr0012_desc-SSDbandsEnv8Caps_multimodal.pkl
2025-03-31 09:59:09 - eeg_brain_state_prediction.data_pipeline.tools.multimodal - INFO - Successfully saved data
2025-03-31 09:59:09 - eeg_brain_state_prediction.data_pipeline.tools.multimodal - INFO - Loading data for modality: brainstates
2025-03-31 09:59:09 - eeg_brain_state_prediction.data_pipeline.tools.multimodal - INFO - Loading data for modality: eeg
2025-03-31 09:59:12 - eeg_brain_state_prediction.data_pipeline.tools.multimodal - INFO - Saving data to: /data2/Projects/eeg_fmri_natview/chang_data/derivatives/sub-0014/ses-01/multimodal/sub-0014_ses-01_task-MeRest_acq-mr0018_desc-SSDbandsEnv8Caps_multimodal.pkl
2025-03-31 09:59:12 - eeg_brain_state_prediction.data_pipeline.tools.multimodal - INFO - Successfully saved data
2025-03-31 09:59:12 - eeg_brain_state_prediction.data_pipeline.tools.multimodal - INFO - Loading data for modality: brainstates
2025-03-31 09:59:12 - eeg_brain_state_prediction.data_pipeline.tools.multimodal - INFO - Loading data for modality: eeg
2025-03-31 09:59:15 - eeg_brain_state_prediction.data_pipeline.tools.multimodal - INFO - Saving data to: /data2/Projects/eeg_fmri_natview/chang_data/derivatives/sub-0014/ses-01/multimodal/sub-0014_ses-01_task-MeRest_acq-mr0012_desc-SSDbandsEnv8Caps_multimodal.pkl
2025-03-31 09:59:15 - eeg_brain_state_prediction.data_pipeline.tools.multimodal - INFO - Successfully saved data
2025-03-31 09:59:15 - eeg_brain_state_prediction.data_pipeline.tools.multimodal - INFO - Loading data for modality: brainstates
2025-03-31 09:59:15 - eeg_brain_state_prediction.data_pipeline.tools.multimodal - INFO - Loading data for modality: eeg
2025-03-31 09:59:18 - eeg_brain_state_prediction.data_pipeline.tools.multimodal - INFO - Saving data to: /data2/Projects/eeg_fmri_natview/chang_data/derivatives/sub-0014/ses-01/multimodal/sub-0014_ses-01_task-MeRest_acq-mr0018_desc-SSDbandsEnv8Caps_multimodal.pkl
2025-03-31 09:59:18 - eeg_brain_state_prediction.data_pipeline.tools.multimodal - INFO - Successfully saved data
2025-03-31 09:59:18 - eeg_brain_state_prediction.data_pipeline.tools.multimodal - INFO - Loading data for modality: brainstates
2025-03-31 09:59:18 - eeg_brain_state_prediction.data_pipeline.tools.multimodal - INFO - Loading data for modality: eeg
2025-03-31 09:59:21 - eeg_brain_state_prediction.data_pipeline.tools.multimodal - INFO - Saving data to: /data2/Projects/eeg_fmri_natview/chang_data/derivatives/sub-0014/ses-01/multimodal/sub-0014_ses-01_task-MeRest_acq-mr0018_desc-SSDbandsEnv8Caps_multimodal.pkl
2025-03-31 09:59:21 - eeg_brain_state_prediction.data_pipeline.tools.multimodal - INFO - Successfully saved data
2025-03-31 09:59:21 - eeg_brain_state_prediction.data_pipeline.tools.multimodal - INFO - Loading data for modality: brainstates
2025-03-31 09:59:21 - eeg_brain_state_prediction.data_pipeline.tools.multimodal - INFO - Loading data for modality: eeg
2025-03-31 09:59:24 - eeg_brain_state_prediction.data_pipeline.tools.multimodal - INFO - Saving data to: /data2/Projects/eeg_fmri_natview/chang_data/derivatives/sub-0014/ses-01/multimodal/sub-0014_ses-01_task-MeRest_acq-mr0012_desc-SSDbandsEnv8Caps_multimodal.pkl
2025-03-31 09:59:24 - eeg_brain_state_prediction.data_pipeline.tools.multimodal - INFO - Successfully saved data
2025-03-31 09:59:24 - eeg_brain_state_prediction.data_pipeline.tools.multimodal - INFO - Loading data for modality: brainstates
2025-03-31 09:59:24 - eeg_brain_state_prediction.data_pipeline.tools.multimodal - INFO - Loading data for modality: eeg
2025-03-31 09:59:27 - eeg_brain_state_prediction.data_pipeline.tools.multimodal - INFO - Saving data to: /data2/Projects/eeg_fmri_natview/chang_data/derivatives/sub-0014/ses-01/multimodal/sub-0014_ses-01_task-MeRest_acq-mr0018_desc-SSDbandsEnv8Caps_multimodal.pkl
2025-03-31 09:59:27 - eeg_brain_state_prediction.data_pipeline.tools.multimodal - INFO - Successfully saved data
2025-03-31 09:59:27 - eeg_brain_state_prediction.data_pipeline.tools.multimodal - INFO - Loading data for modality: brainstates
2025-03-31 09:59:27 - eeg_brain_state_prediction.data_pipeline.tools.multimodal - INFO - Loading data for modality: eeg
2025-03-31 09:59:30 - eeg_brain_state_prediction.data_pipeline.tools.multimodal - INFO - Saving data to: /data2/Projects/eeg_fmri_natview/chang_data/derivatives/sub-0014/ses-01/multimodal/sub-0014_ses-01_task-MeRest_acq-mr0012_desc-SSDbandsEnv8Caps_multimodal.pkl
2025-03-31 09:59:30 - eeg_brain_state_prediction.data_pipeline.tools.multimodal - INFO - Successfully saved data
2025-03-31 09:59:30 - eeg_brain_state_prediction.data_pipeline.tools.multimodal - INFO - Loading data for modality: brainstates
2025-03-31 09:59:30 - eeg_brain_state_prediction.data_pipeline.tools.multimodal - INFO - Loading data for modality: eeg
2025-03-31 09:59:33 - eeg_brain_state_prediction.data_pipeline.tools.multimodal - INFO - Saving data to: /data2/Projects/eeg_fmri_natview/chang_data/derivatives/sub-0014/ses-01/multimodal/sub-0014_ses-01_task-MeRest_acq-mr0018_desc-SSDbandsEnv8Caps_multimodal.pkl
2025-03-31 09:59:33 - eeg_brain_state_prediction.data_pipeline.tools.multimodal - INFO - Successfully saved data
2025-03-31 09:59:33 - eeg_brain_state_prediction.data_pipeline.tools.multimodal - INFO - Loading data for modality: brainstates
2025-03-31 09:59:33 - eeg_brain_state_prediction.data_pipeline.tools.multimodal - INFO - Loading data for modality: eeg
2025-03-31 09:59:36 - eeg_brain_state_prediction.data_pipeline.tools.multimodal - INFO - Saving data to: /data2/Projects/eeg_fmri_natview/chang_data/derivatives/sub-0014/ses-01/multimodal/sub-0014_ses-01_task-MeRest_acq-mr0012_desc-SSDbandsEnv8Caps_multimodal.pkl
2025-03-31 09:59:36 - eeg_brain_state_prediction.data_pipeline.tools.multimodal - INFO - Successfully saved data
2025-03-31 09:59:36 - eeg_brain_state_prediction.data_pipeline.tools.multimodal - INFO - Loading data for modality: brainstates
2025-03-31 09:59:36 - eeg_brain_state_prediction.data_pipeline.tools.multimodal - INFO - Loading data for modality: eeg
2025-03-31 09:59:39 - eeg_brain_state_prediction.data_pipeline.tools.multimodal - INFO - Saving data to: /data2/Projects/eeg_fmri_natview/chang_data/derivatives/sub-0016/ses-01/multimodal/sub-0016_ses-01_task-MeRest_acq-mr0006_desc-SSDbandsEnv8Caps_multimodal.pkl
2025-03-31 09:59:39 - eeg_brain_state_prediction.data_pipeline.tools.multimodal - INFO - Successfully saved data
2025-03-31 09:59:39 - eeg_brain_state_prediction.data_pipeline.tools.multimodal - INFO - Loading data for modality: brainstates
2025-03-31 09:59:39 - eeg_brain_state_prediction.data_pipeline.tools.multimodal - INFO - Loading data for modality: eeg
2025-03-31 09:59:42 - eeg_brain_state_prediction.data_pipeline.tools.multimodal - INFO - Saving data to: /data2/Projects/eeg_fmri_natview/chang_data/derivatives/sub-0016/ses-01/multimodal/sub-0016_ses-01_task-MeRest_acq-mr0006_desc-SSDbandsEnv8Caps_multimodal.pkl
2025-03-31 09:59:42 - eeg_brain_state_prediction.data_pipeline.tools.multimodal - INFO - Successfully saved data
2025-03-31 09:59:42 - eeg_brain_state_prediction.data_pipeline.tools.multimodal - INFO - Loading data for modality: brainstates
2025-03-31 09:59:42 - eeg_brain_state_prediction.data_pipeline.tools.multimodal - INFO - Loading data for modality: eeg
2025-03-31 09:59:45 - eeg_brain_state_prediction.data_pipeline.tools.multimodal - INFO - Saving data to: /data2/Projects/eeg_fmri_natview/chang_data/derivatives/sub-0016/ses-01/multimodal/sub-0016_ses-01_task-MeRest_acq-mr0015_desc-SSDbandsEnv8Caps_multimodal.pkl
2025-03-31 09:59:45 - eeg_brain_state_prediction.data_pipeline.tools.multimodal - INFO - Successfully saved data
2025-03-31 09:59:46 - eeg_brain_state_prediction.data_pipeline.tools.multimodal - INFO - Loading data for modality: brainstates
2025-03-31 09:59:46 - eeg_brain_state_prediction.data_pipeline.tools.multimodal - INFO - Loading data for modality: eeg
2025-03-31 09:59:49 - eeg_brain_state_prediction.data_pipeline.tools.multimodal - INFO - Saving data to: /data2/Projects/eeg_fmri_natview/chang_data/derivatives/sub-0016/ses-01/multimodal/sub-0016_ses-01_task-MeRest_acq-mr0015_desc-SSDbandsEnv8Caps_multimodal.pkl
2025-03-31 09:59:49 - eeg_brain_state_prediction.data_pipeline.tools.multimodal - INFO - Successfully saved data
2025-03-31 09:59:49 - eeg_brain_state_prediction.data_pipeline.tools.multimodal - INFO - Loading data for modality: brainstates
2025-03-31 09:59:49 - eeg_brain_state_prediction.data_pipeline.tools.multimodal - INFO - Loading data for modality: eeg
2025-03-31 09:59:52 - eeg_brain_state_prediction.data_pipeline.tools.multimodal - INFO - Saving data to: /data2/Projects/eeg_fmri_natview/chang_data/derivatives/sub-0016/ses-01/multimodal/sub-0016_ses-01_task-MeRest_acq-mr0015_desc-SSDbandsEnv8Caps_multimodal.pkl
2025-03-31 09:59:52 - eeg_brain_state_prediction.data_pipeline.tools.multimodal - INFO - Successfully saved data
2025-03-31 09:59:52 - eeg_brain_state_prediction.data_pipeline.tools.multimodal - INFO - Loading data for modality: brainstates
2025-03-31 09:59:52 - eeg_brain_state_prediction.data_pipeline.tools.multimodal - INFO - Loading data for modality: eeg
2025-03-31 09:59:55 - eeg_brain_state_prediction.data_pipeline.tools.multimodal - INFO - Saving data to: /data2/Projects/eeg_fmri_natview/chang_data/derivatives/sub-0016/ses-01/multimodal/sub-0016_ses-01_task-MeRest_acq-mr0006_desc-SSDbandsEnv8Caps_multimodal.pkl
2025-03-31 09:59:55 - eeg_brain_state_prediction.data_pipeline.tools.multimodal - INFO - Successfully saved data
2025-03-31 09:59:55 - eeg_brain_state_prediction.data_pipeline.tools.multimodal - INFO - Loading data for modality: brainstates
2025-03-31 09:59:55 - eeg_brain_state_prediction.data_pipeline.tools.multimodal - INFO - Loading data for modality: eeg
2025-03-31 09:59:58 - eeg_brain_state_prediction.data_pipeline.tools.multimodal - INFO - Saving data to: /data2/Projects/eeg_fmri_natview/chang_data/derivatives/sub-0016/ses-01/multimodal/sub-0016_ses-01_task-MeRest_acq-mr0015_desc-SSDbandsEnv8Caps_multimodal.pkl
2025-03-31 09:59:58 - eeg_brain_state_prediction.data_pipeline.tools.multimodal - INFO - Successfully saved data
2025-03-31 09:59:58 - eeg_brain_state_prediction.data_pipeline.tools.multimodal - INFO - Loading data for modality: brainstates
2025-03-31 09:59:58 - eeg_brain_state_prediction.data_pipeline.tools.multimodal - INFO - Loading data for modality: eeg
2025-03-31 10:00:01 - eeg_brain_state_prediction.data_pipeline.tools.multimodal - INFO - Saving data to: /data2/Projects/eeg_fmri_natview/chang_data/derivatives/sub-0016/ses-01/multimodal/sub-0016_ses-01_task-MeRest_acq-mr0006_desc-SSDbandsEnv8Caps_multimodal.pkl
2025-03-31 10:00:01 - eeg_brain_state_prediction.data_pipeline.tools.multimodal - INFO - Successfully saved data
2025-03-31 10:00:01 - eeg_brain_state_prediction.data_pipeline.tools.multimodal - INFO - Loading data for modality: brainstates
2025-03-31 10:00:01 - eeg_brain_state_prediction.data_pipeline.tools.multimodal - INFO - Loading data for modality: eeg
2025-03-31 10:00:04 - eeg_brain_state_prediction.data_pipeline.tools.multimodal - INFO - Saving data to: /data2/Projects/eeg_fmri_natview/chang_data/derivatives/sub-0016/ses-01/multimodal/sub-0016_ses-01_task-MeRest_acq-mr0015_desc-SSDbandsEnv8Caps_multimodal.pkl
2025-03-31 10:00:04 - eeg_brain_state_prediction.data_pipeline.tools.multimodal - INFO - Successfully saved data
2025-03-31 10:00:04 - eeg_brain_state_prediction.data_pipeline.tools.multimodal - INFO - Loading data for modality: brainstates
2025-03-31 10:00:04 - eeg_brain_state_prediction.data_pipeline.tools.multimodal - INFO - Loading data for modality: eeg
2025-03-31 10:00:07 - eeg_brain_state_prediction.data_pipeline.tools.multimodal - INFO - Saving data to: /data2/Projects/eeg_fmri_natview/chang_data/derivatives/sub-0016/ses-01/multimodal/sub-0016_ses-01_task-MeRest_acq-mr0006_desc-SSDbandsEnv8Caps_multimodal.pkl
2025-03-31 10:00:07 - eeg_brain_state_prediction.data_pipeline.tools.multimodal - INFO - Successfully saved data
2025-03-31 10:00:07 - eeg_brain_state_prediction.data_pipeline.tools.multimodal - INFO - Loading data for modality: brainstates
2025-03-31 10:00:07 - eeg_brain_state_prediction.data_pipeline.tools.multimodal - INFO - Loading data for modality: eeg
2025-03-31 10:00:10 - eeg_brain_state_prediction.data_pipeline.tools.multimodal - INFO - Saving data to: /data2/Projects/eeg_fmri_natview/chang_data/derivatives/sub-0016/ses-01/multimodal/sub-0016_ses-01_task-MeRest_acq-mr0015_desc-SSDbandsEnv8Caps_multimodal.pkl
2025-03-31 10:00:10 - eeg_brain_state_prediction.data_pipeline.tools.multimodal - INFO - Successfully saved data
2025-03-31 10:00:10 - eeg_brain_state_prediction.data_pipeline.tools.multimodal - INFO - Loading data for modality: brainstates
2025-03-31 10:00:10 - eeg_brain_state_prediction.data_pipeline.tools.multimodal - INFO - Loading data for modality: eeg
2025-03-31 10:00:13 - eeg_brain_state_prediction.data_pipeline.tools.multimodal - INFO - Saving data to: /data2/Projects/eeg_fmri_natview/chang_data/derivatives/sub-0016/ses-01/multimodal/sub-0016_ses-01_task-MeRest_acq-mr0006_desc-SSDbandsEnv8Caps_multimodal.pkl
2025-03-31 10:00:13 - eeg_brain_state_prediction.data_pipeline.tools.multimodal - INFO - Successfully saved data
2025-03-31 10:00:13 - eeg_brain_state_prediction.data_pipeline.tools.multimodal - INFO - Loading data for modality: brainstates
2025-03-31 10:00:13 - eeg_brain_state_prediction.data_pipeline.tools.multimodal - INFO - Loading data for modality: eeg
2025-03-31 10:00:16 - eeg_brain_state_prediction.data_pipeline.tools.multimodal - INFO - Saving data to: /data2/Projects/eeg_fmri_natview/chang_data/derivatives/sub-0016/ses-01/multimodal/sub-0016_ses-01_task-MeRest_acq-mr0015_desc-SSDbandsEnv8Caps_multimodal.pkl
2025-03-31 10:00:16 - eeg_brain_state_prediction.data_pipeline.tools.multimodal - INFO - Successfully saved data
2025-03-31 10:00:16 - eeg_brain_state_prediction.data_pipeline.tools.multimodal - INFO - Loading data for modality: brainstates
2025-03-31 10:00:16 - eeg_brain_state_prediction.data_pipeline.tools.multimodal - INFO - Loading data for modality: eeg
2025-03-31 10:00:19 - eeg_brain_state_prediction.data_pipeline.tools.multimodal - INFO - Saving data to: /data2/Projects/eeg_fmri_natview/chang_data/derivatives/sub-0016/ses-01/multimodal/sub-0016_ses-01_task-MeRest_acq-mr0006_desc-SSDbandsEnv8Caps_multimodal.pkl
2025-03-31 10:00:19 - eeg_brain_state_prediction.data_pipeline.tools.multimodal - INFO - Successfully saved data
2025-03-31 10:00:19 - eeg_brain_state_prediction.data_pipeline.tools.multimodal - INFO - Loading data for modality: brainstates
2025-03-31 10:00:19 - eeg_brain_state_prediction.data_pipeline.tools.multimodal - INFO - Loading data for modality: eeg
2025-03-31 10:00:22 - eeg_brain_state_prediction.data_pipeline.tools.multimodal - INFO - Saving data to: /data2/Projects/eeg_fmri_natview/chang_data/derivatives/sub-0016/ses-01/multimodal/sub-0016_ses-01_task-MeRest_acq-mr0006_desc-SSDbandsEnv8Caps_multimodal.pkl
2025-03-31 10:00:22 - eeg_brain_state_prediction.data_pipeline.tools.multimodal - INFO - Successfully saved data
2025-03-31 10:00:23 - eeg_brain_state_prediction.data_pipeline.tools.multimodal - INFO - Loading data for modality: brainstates
2025-03-31 10:00:23 - eeg_brain_state_prediction.data_pipeline.tools.multimodal - INFO - Loading data for modality: eeg
2025-03-31 10:00:26 - eeg_brain_state_prediction.data_pipeline.tools.multimodal - INFO - Saving data to: /data2/Projects/eeg_fmri_natview/chang_data/derivatives/sub-0016/ses-01/multimodal/sub-0016_ses-01_task-MeRest_acq-mr0015_desc-SSDbandsEnv8Caps_multimodal.pkl
2025-03-31 10:00:26 - eeg_brain_state_prediction.data_pipeline.tools.multimodal - INFO - Successfully saved data
2025-03-31 10:00:26 - eeg_brain_state_prediction.data_pipeline.tools.multimodal - INFO - Loading data for modality: brainstates
2025-03-31 10:00:26 - eeg_brain_state_prediction.data_pipeline.tools.multimodal - INFO - Loading data for modality: eeg
2025-03-31 10:00:29 - eeg_brain_state_prediction.data_pipeline.tools.multimodal - INFO - Saving data to: /data2/Projects/eeg_fmri_natview/chang_data/derivatives/sub-0016/ses-01/multimodal/sub-0016_ses-01_task-MeRest_acq-mr0006_desc-SSDbandsEnv8Caps_multimodal.pkl
2025-03-31 10:00:29 - eeg_brain_state_prediction.data_pipeline.tools.multimodal - INFO - Successfully saved data
2025-03-31 10:00:29 - eeg_brain_state_prediction.data_pipeline.tools.multimodal - INFO - Loading data for modality: brainstates
2025-03-31 10:00:29 - eeg_brain_state_prediction.data_pipeline.tools.multimodal - INFO - Loading data for modality: eeg
2025-03-31 10:00:32 - eeg_brain_state_prediction.data_pipeline.tools.multimodal - INFO - Saving data to: /data2/Projects/eeg_fmri_natview/chang_data/derivatives/sub-0016/ses-01/multimodal/sub-0016_ses-01_task-MeRest_acq-mr0015_desc-SSDbandsEnv8Caps_multimodal.pkl
2025-03-31 10:00:32 - eeg_brain_state_prediction.data_pipeline.tools.multimodal - INFO - Successfully saved data
2025-03-31 10:00:32 - eeg_brain_state_prediction.data_pipeline.tools.multimodal - INFO - Loading data for modality: brainstates
2025-03-31 10:00:32 - eeg_brain_state_prediction.data_pipeline.tools.multimodal - INFO - Loading data for modality: eeg
2025-03-31 10:00:35 - eeg_brain_state_prediction.data_pipeline.tools.multimodal - INFO - Saving data to: /data2/Projects/eeg_fmri_natview/chang_data/derivatives/sub-0021/ses-01/multimodal/sub-0021_ses-01_task-MeRest_acq-mr0012_desc-SSDbandsEnv8Caps_multimodal.pkl
2025-03-31 10:00:35 - eeg_brain_state_prediction.data_pipeline.tools.multimodal - INFO - Successfully saved data
2025-03-31 10:00:35 - eeg_brain_state_prediction.data_pipeline.tools.multimodal - INFO - Loading data for modality: brainstates
2025-03-31 10:00:35 - eeg_brain_state_prediction.data_pipeline.tools.multimodal - INFO - Loading data for modality: eeg
2025-03-31 10:00:38 - eeg_brain_state_prediction.data_pipeline.tools.multimodal - INFO - Saving data to: /data2/Projects/eeg_fmri_natview/chang_data/derivatives/sub-0021/ses-01/multimodal/sub-0021_ses-01_task-MeRest_acq-mr0012_desc-SSDbandsEnv8Caps_multimodal.pkl
2025-03-31 10:00:38 - eeg_brain_state_prediction.data_pipeline.tools.multimodal - INFO - Successfully saved data
2025-03-31 10:00:38 - eeg_brain_state_prediction.data_pipeline.tools.multimodal - INFO - Loading data for modality: brainstates
2025-03-31 10:00:38 - eeg_brain_state_prediction.data_pipeline.tools.multimodal - INFO - Loading data for modality: eeg
2025-03-31 10:00:41 - eeg_brain_state_prediction.data_pipeline.tools.multimodal - INFO - Saving data to: /data2/Projects/eeg_fmri_natview/chang_data/derivatives/sub-0021/ses-01/multimodal/sub-0021_ses-01_task-MeRest_acq-mr0012_desc-SSDbandsEnv8Caps_multimodal.pkl
2025-03-31 10:00:41 - eeg_brain_state_prediction.data_pipeline.tools.multimodal - INFO - Successfully saved data
2025-03-31 10:00:41 - eeg_brain_state_prediction.data_pipeline.tools.multimodal - INFO - Loading data for modality: brainstates
2025-03-31 10:00:41 - eeg_brain_state_prediction.data_pipeline.tools.multimodal - INFO - Loading data for modality: eeg
2025-03-31 10:00:44 - eeg_brain_state_prediction.data_pipeline.tools.multimodal - INFO - Saving data to: /data2/Projects/eeg_fmri_natview/chang_data/derivatives/sub-0021/ses-01/multimodal/sub-0021_ses-01_task-MeRest_acq-mr0012_desc-SSDbandsEnv8Caps_multimodal.pkl
2025-03-31 10:00:44 - eeg_brain_state_prediction.data_pipeline.tools.multimodal - INFO - Successfully saved data
2025-03-31 10:00:44 - eeg_brain_state_prediction.data_pipeline.tools.multimodal - INFO - Loading data for modality: brainstates
2025-03-31 10:00:44 - eeg_brain_state_prediction.data_pipeline.tools.multimodal - INFO - Loading data for modality: eeg
2025-03-31 10:00:47 - eeg_brain_state_prediction.data_pipeline.tools.multimodal - INFO - Saving data to: /data2/Projects/eeg_fmri_natview/chang_data/derivatives/sub-0021/ses-01/multimodal/sub-0021_ses-01_task-MeRest_acq-mr0012_desc-SSDbandsEnv8Caps_multimodal.pkl
2025-03-31 10:00:47 - eeg_brain_state_prediction.data_pipeline.tools.multimodal - INFO - Successfully saved data
2025-03-31 10:00:47 - eeg_brain_state_prediction.data_pipeline.tools.multimodal - INFO - Loading data for modality: brainstates
2025-03-31 10:00:47 - eeg_brain_state_prediction.data_pipeline.tools.multimodal - INFO - Loading data for modality: eeg
2025-03-31 10:00:50 - eeg_brain_state_prediction.data_pipeline.tools.multimodal - INFO - Saving data to: /data2/Projects/eeg_fmri_natview/chang_data/derivatives/sub-0021/ses-01/multimodal/sub-0021_ses-01_task-MeRest_acq-mr0012_desc-SSDbandsEnv8Caps_multimodal.pkl
2025-03-31 10:00:50 - eeg_brain_state_prediction.data_pipeline.tools.multimodal - INFO - Successfully saved data
2025-03-31 10:00:50 - eeg_brain_state_prediction.data_pipeline.tools.multimodal - INFO - Loading data for modality: brainstates
2025-03-31 10:00:50 - eeg_brain_state_prediction.data_pipeline.tools.multimodal - INFO - Loading data for modality: eeg
2025-03-31 10:00:53 - eeg_brain_state_prediction.data_pipeline.tools.multimodal - INFO - Saving data to: /data2/Projects/eeg_fmri_natview/chang_data/derivatives/sub-0021/ses-01/multimodal/sub-0021_ses-01_task-MeRest_acq-mr0012_desc-SSDbandsEnv8Caps_multimodal.pkl
2025-03-31 10:00:53 - eeg_brain_state_prediction.data_pipeline.tools.multimodal - INFO - Successfully saved data
2025-03-31 10:00:53 - eeg_brain_state_prediction.data_pipeline.tools.multimodal - INFO - Loading data for modality: brainstates
2025-03-31 10:00:53 - eeg_brain_state_prediction.data_pipeline.tools.multimodal - INFO - Loading data for modality: eeg
2025-03-31 10:00:56 - eeg_brain_state_prediction.data_pipeline.tools.multimodal - INFO - Saving data to: /data2/Projects/eeg_fmri_natview/chang_data/derivatives/sub-0021/ses-01/multimodal/sub-0021_ses-01_task-MeRest_acq-mr0012_desc-SSDbandsEnv8Caps_multimodal.pkl
2025-03-31 10:00:57 - eeg_brain_state_prediction.data_pipeline.tools.multimodal - INFO - Successfully saved data
2025-03-31 10:00:57 - eeg_brain_state_prediction.data_pipeline.tools.multimodal - INFO - Loading data for modality: brainstates
2025-03-31 10:00:57 - eeg_brain_state_prediction.data_pipeline.tools.multimodal - INFO - Loading data for modality: eeg
2025-03-31 10:01:00 - eeg_brain_state_prediction.data_pipeline.tools.multimodal - INFO - Saving data to: /data2/Projects/eeg_fmri_natview/chang_data/derivatives/sub-0021/ses-01/multimodal/sub-0021_ses-01_task-MeRest_acq-mr0012_desc-SSDbandsEnv8Caps_multimodal.pkl
2025-03-31 10:01:00 - eeg_brain_state_prediction.data_pipeline.tools.multimodal - INFO - Successfully saved data
2025-03-31 10:01:00 - eeg_brain_state_prediction.data_pipeline.tools.multimodal - INFO - Loading data for modality: brainstates
2025-03-31 10:01:00 - eeg_brain_state_prediction.data_pipeline.tools.multimodal - INFO - Loading data for modality: eeg
2025-03-31 10:01:03 - eeg_brain_state_prediction.data_pipeline.tools.multimodal - INFO - Saving data to: /data2/Projects/eeg_fmri_natview/chang_data/derivatives/sub-0027/ses-01/multimodal/sub-0027_ses-01_task-MeRest_acq-mr0009_desc-SSDbandsEnv8Caps_multimodal.pkl
2025-03-31 10:01:03 - eeg_brain_state_prediction.data_pipeline.tools.multimodal - INFO - Successfully saved data
2025-03-31 10:01:03 - eeg_brain_state_prediction.data_pipeline.tools.multimodal - INFO - Loading data for modality: brainstates
2025-03-31 10:01:03 - eeg_brain_state_prediction.data_pipeline.tools.multimodal - INFO - Loading data for modality: eeg
2025-03-31 10:01:06 - eeg_brain_state_prediction.data_pipeline.tools.multimodal - INFO - Saving data to: /data2/Projects/eeg_fmri_natview/chang_data/derivatives/sub-0027/ses-01/multimodal/sub-0027_ses-01_task-MeRest_acq-mr0009_desc-SSDbandsEnv8Caps_multimodal.pkl
2025-03-31 10:01:06 - eeg_brain_state_prediction.data_pipeline.tools.multimodal - INFO - Successfully saved data
2025-03-31 10:01:06 - eeg_brain_state_prediction.data_pipeline.tools.multimodal - INFO - Loading data for modality: brainstates
2025-03-31 10:01:06 - eeg_brain_state_prediction.data_pipeline.tools.multimodal - INFO - Loading data for modality: eeg
2025-03-31 10:01:09 - eeg_brain_state_prediction.data_pipeline.tools.multimodal - INFO - Saving data to: /data2/Projects/eeg_fmri_natview/chang_data/derivatives/sub-0027/ses-01/multimodal/sub-0027_ses-01_task-MeRest_acq-mr0009_desc-SSDbandsEnv8Caps_multimodal.pkl
2025-03-31 10:01:09 - eeg_brain_state_prediction.data_pipeline.tools.multimodal - INFO - Successfully saved data
2025-03-31 10:01:09 - eeg_brain_state_prediction.data_pipeline.tools.multimodal - INFO - Loading data for modality: brainstates
2025-03-31 10:01:09 - eeg_brain_state_prediction.data_pipeline.tools.multimodal - INFO - Loading data for modality: eeg
2025-03-31 10:01:12 - eeg_brain_state_prediction.data_pipeline.tools.multimodal - INFO - Saving data to: /data2/Projects/eeg_fmri_natview/chang_data/derivatives/sub-0027/ses-01/multimodal/sub-0027_ses-01_task-MeRest_acq-mr0009_desc-SSDbandsEnv8Caps_multimodal.pkl
2025-03-31 10:01:12 - eeg_brain_state_prediction.data_pipeline.tools.multimodal - INFO - Successfully saved data
2025-03-31 10:01:12 - eeg_brain_state_prediction.data_pipeline.tools.multimodal - INFO - Loading data for modality: brainstates
2025-03-31 10:01:12 - eeg_brain_state_prediction.data_pipeline.tools.multimodal - INFO - Loading data for modality: eeg
2025-03-31 10:01:15 - eeg_brain_state_prediction.data_pipeline.tools.multimodal - INFO - Saving data to: /data2/Projects/eeg_fmri_natview/chang_data/derivatives/sub-0027/ses-01/multimodal/sub-0027_ses-01_task-MeRest_acq-mr0009_desc-SSDbandsEnv8Caps_multimodal.pkl
2025-03-31 10:01:15 - eeg_brain_state_prediction.data_pipeline.tools.multimodal - INFO - Successfully saved data
2025-03-31 10:01:15 - eeg_brain_state_prediction.data_pipeline.tools.multimodal - INFO - Loading data for modality: brainstates
2025-03-31 10:01:15 - eeg_brain_state_prediction.data_pipeline.tools.multimodal - INFO - Loading data for modality: eeg
2025-03-31 10:01:18 - eeg_brain_state_prediction.data_pipeline.tools.multimodal - INFO - Saving data to: /data2/Projects/eeg_fmri_natview/chang_data/derivatives/sub-0027/ses-01/multimodal/sub-0027_ses-01_task-MeRest_acq-mr0009_desc-SSDbandsEnv8Caps_multimodal.pkl
2025-03-31 10:01:19 - eeg_brain_state_prediction.data_pipeline.tools.multimodal - INFO - Successfully saved data
2025-03-31 10:01:19 - eeg_brain_state_prediction.data_pipeline.tools.multimodal - INFO - Loading data for modality: brainstates
2025-03-31 10:01:19 - eeg_brain_state_prediction.data_pipeline.tools.multimodal - INFO - Loading data for modality: eeg
2025-03-31 10:01:22 - eeg_brain_state_prediction.data_pipeline.tools.multimodal - INFO - Saving data to: /data2/Projects/eeg_fmri_natview/chang_data/derivatives/sub-0027/ses-01/multimodal/sub-0027_ses-01_task-MeRest_acq-mr0009_desc-SSDbandsEnv8Caps_multimodal.pkl
2025-03-31 10:01:22 - eeg_brain_state_prediction.data_pipeline.tools.multimodal - INFO - Successfully saved data
2025-03-31 10:01:22 - eeg_brain_state_prediction.data_pipeline.tools.multimodal - INFO - Loading data for modality: brainstates
2025-03-31 10:01:22 - eeg_brain_state_prediction.data_pipeline.tools.multimodal - INFO - Loading data for modality: eeg
2025-03-31 10:01:25 - eeg_brain_state_prediction.data_pipeline.tools.multimodal - INFO - Saving data to: /data2/Projects/eeg_fmri_natview/chang_data/derivatives/sub-0027/ses-01/multimodal/sub-0027_ses-01_task-MeRest_acq-mr0009_desc-SSDbandsEnv8Caps_multimodal.pkl
2025-03-31 10:01:25 - eeg_brain_state_prediction.data_pipeline.tools.multimodal - INFO - Successfully saved data
2025-03-31 10:01:25 - eeg_brain_state_prediction.data_pipeline.tools.multimodal - INFO - Loading data for modality: brainstates
2025-03-31 10:01:25 - eeg_brain_state_prediction.data_pipeline.tools.multimodal - INFO - Loading data for modality: eeg
2025-03-31 10:01:28 - eeg_brain_state_prediction.data_pipeline.tools.multimodal - INFO - Saving data to: /data2/Projects/eeg_fmri_natview/chang_data/derivatives/sub-0027/ses-01/multimodal/sub-0027_ses-01_task-MeRest_acq-mr0009_desc-SSDbandsEnv8Caps_multimodal.pkl
2025-03-31 10:01:28 - eeg_brain_state_prediction.data_pipeline.tools.multimodal - INFO - Successfully saved data
2025-03-31 10:01:28 - eeg_brain_state_prediction.data_pipeline.tools.multimodal - INFO - Loading data for modality: brainstates
2025-03-31 10:01:28 - eeg_brain_state_prediction.data_pipeline.tools.multimodal - INFO - Loading data for modality: eeg
2025-03-31 10:01:31 - eeg_brain_state_prediction.data_pipeline.tools.multimodal - INFO - Saving data to: /data2/Projects/eeg_fmri_natview/chang_data/derivatives/sub-0028/ses-01/multimodal/sub-0028_ses-01_task-MeRest_acq-mr0012_desc-SSDbandsEnv8Caps_multimodal.pkl
2025-03-31 10:01:31 - eeg_brain_state_prediction.data_pipeline.tools.multimodal - INFO - Successfully saved data
2025-03-31 10:01:31 - eeg_brain_state_prediction.data_pipeline.tools.multimodal - INFO - Loading data for modality: brainstates
2025-03-31 10:01:31 - eeg_brain_state_prediction.data_pipeline.tools.multimodal - INFO - Loading data for modality: eeg
2025-03-31 10:01:34 - eeg_brain_state_prediction.data_pipeline.tools.multimodal - INFO - Saving data to: /data2/Projects/eeg_fmri_natview/chang_data/derivatives/sub-0028/ses-01/multimodal/sub-0028_ses-01_task-MeRest_acq-mr0012_desc-SSDbandsEnv8Caps_multimodal.pkl
2025-03-31 10:01:34 - eeg_brain_state_prediction.data_pipeline.tools.multimodal - INFO - Successfully saved data
2025-03-31 10:01:34 - eeg_brain_state_prediction.data_pipeline.tools.multimodal - INFO - Loading data for modality: brainstates
2025-03-31 10:01:34 - eeg_brain_state_prediction.data_pipeline.tools.multimodal - INFO - Loading data for modality: eeg
2025-03-31 10:01:37 - eeg_brain_state_prediction.data_pipeline.tools.multimodal - INFO - Saving data to: /data2/Projects/eeg_fmri_natview/chang_data/derivatives/sub-0028/ses-01/multimodal/sub-0028_ses-01_task-MeRest_acq-mr0012_desc-SSDbandsEnv8Caps_multimodal.pkl
2025-03-31 10:01:37 - eeg_brain_state_prediction.data_pipeline.tools.multimodal - INFO - Successfully saved data
2025-03-31 10:01:37 - eeg_brain_state_prediction.data_pipeline.tools.multimodal - INFO - Loading data for modality: brainstates
2025-03-31 10:01:37 - eeg_brain_state_prediction.data_pipeline.tools.multimodal - INFO - Loading data for modality: eeg
2025-03-31 10:01:40 - eeg_brain_state_prediction.data_pipeline.tools.multimodal - INFO - Saving data to: /data2/Projects/eeg_fmri_natview/chang_data/derivatives/sub-0028/ses-01/multimodal/sub-0028_ses-01_task-MeRest_acq-mr0012_desc-SSDbandsEnv8Caps_multimodal.pkl
2025-03-31 10:01:40 - eeg_brain_state_prediction.data_pipeline.tools.multimodal - INFO - Successfully saved data
2025-03-31 10:01:40 - eeg_brain_state_prediction.data_pipeline.tools.multimodal - INFO - Loading data for modality: brainstates
2025-03-31 10:01:40 - eeg_brain_state_prediction.data_pipeline.tools.multimodal - INFO - Loading data for modality: eeg
2025-03-31 10:01:43 - eeg_brain_state_prediction.data_pipeline.tools.multimodal - INFO - Saving data to: /data2/Projects/eeg_fmri_natview/chang_data/derivatives/sub-0028/ses-01/multimodal/sub-0028_ses-01_task-MeRest_acq-mr0012_desc-SSDbandsEnv8Caps_multimodal.pkl
2025-03-31 10:01:43 - eeg_brain_state_prediction.data_pipeline.tools.multimodal - INFO - Successfully saved data
2025-03-31 10:01:43 - eeg_brain_state_prediction.data_pipeline.tools.multimodal - INFO - Loading data for modality: brainstates
2025-03-31 10:01:43 - eeg_brain_state_prediction.data_pipeline.tools.multimodal - INFO - Loading data for modality: eeg
2025-03-31 10:01:46 - eeg_brain_state_prediction.data_pipeline.tools.multimodal - INFO - Saving data to: /data2/Projects/eeg_fmri_natview/chang_data/derivatives/sub-0028/ses-01/multimodal/sub-0028_ses-01_task-MeRest_acq-mr0012_desc-SSDbandsEnv8Caps_multimodal.pkl
2025-03-31 10:01:46 - eeg_brain_state_prediction.data_pipeline.tools.multimodal - INFO - Successfully saved data
2025-03-31 10:01:46 - eeg_brain_state_prediction.data_pipeline.tools.multimodal - INFO - Loading data for modality: brainstates
2025-03-31 10:01:46 - eeg_brain_state_prediction.data_pipeline.tools.multimodal - INFO - Loading data for modality: eeg
2025-03-31 10:01:49 - eeg_brain_state_prediction.data_pipeline.tools.multimodal - INFO - Saving data to: /data2/Projects/eeg_fmri_natview/chang_data/derivatives/sub-0028/ses-01/multimodal/sub-0028_ses-01_task-MeRest_acq-mr0012_desc-SSDbandsEnv8Caps_multimodal.pkl
2025-03-31 10:01:49 - eeg_brain_state_prediction.data_pipeline.tools.multimodal - INFO - Successfully saved data
2025-03-31 10:01:49 - eeg_brain_state_prediction.data_pipeline.tools.multimodal - INFO - Loading data for modality: brainstates
2025-03-31 10:01:49 - eeg_brain_state_prediction.data_pipeline.tools.multimodal - INFO - Loading data for modality: eeg
2025-03-31 10:01:52 - eeg_brain_state_prediction.data_pipeline.tools.multimodal - INFO - Saving data to: /data2/Projects/eeg_fmri_natview/chang_data/derivatives/sub-0028/ses-01/multimodal/sub-0028_ses-01_task-MeRest_acq-mr0012_desc-SSDbandsEnv8Caps_multimodal.pkl
2025-03-31 10:01:53 - eeg_brain_state_prediction.data_pipeline.tools.multimodal - INFO - Successfully saved data
2025-03-31 10:01:53 - eeg_brain_state_prediction.data_pipeline.tools.multimodal - INFO - Loading data for modality: brainstates
2025-03-31 10:01:53 - eeg_brain_state_prediction.data_pipeline.tools.multimodal - INFO - Loading data for modality: eeg
2025-03-31 10:01:56 - eeg_brain_state_prediction.data_pipeline.tools.multimodal - INFO - Saving data to: /data2/Projects/eeg_fmri_natview/chang_data/derivatives/sub-0028/ses-01/multimodal/sub-0028_ses-01_task-MeRest_acq-mr0012_desc-SSDbandsEnv8Caps_multimodal.pkl
2025-03-31 10:01:56 - eeg_brain_state_prediction.data_pipeline.tools.multimodal - INFO - Successfully saved data
2025-03-31 10:01:56 - eeg_brain_state_prediction.data_pipeline.tools.multimodal - INFO - Loading data for modality: brainstates
2025-03-31 10:01:56 - eeg_brain_state_prediction.data_pipeline.tools.multimodal - INFO - Loading data for modality: eeg
2025-03-31 10:01:59 - eeg_brain_state_prediction.data_pipeline.tools.multimodal - INFO - Saving data to: /data2/Projects/eeg_fmri_natview/chang_data/derivatives/sub-0029/ses-01/multimodal/sub-0029_ses-01_task-MeRest_acq-mr0012_desc-SSDbandsEnv8Caps_multimodal.pkl
2025-03-31 10:01:59 - eeg_brain_state_prediction.data_pipeline.tools.multimodal - INFO - Successfully saved data
2025-03-31 10:01:59 - eeg_brain_state_prediction.data_pipeline.tools.multimodal - INFO - Loading data for modality: brainstates
2025-03-31 10:01:59 - eeg_brain_state_prediction.data_pipeline.tools.multimodal - INFO - Loading data for modality: eeg
2025-03-31 10:02:02 - eeg_brain_state_prediction.data_pipeline.tools.multimodal - INFO - Saving data to: /data2/Projects/eeg_fmri_natview/chang_data/derivatives/sub-0029/ses-01/multimodal/sub-0029_ses-01_task-MeRest_acq-mr0012_desc-SSDbandsEnv8Caps_multimodal.pkl
2025-03-31 10:02:02 - eeg_brain_state_prediction.data_pipeline.tools.multimodal - INFO - Successfully saved data
2025-03-31 10:02:02 - eeg_brain_state_prediction.data_pipeline.tools.multimodal - INFO - Loading data for modality: brainstates
2025-03-31 10:02:02 - eeg_brain_state_prediction.data_pipeline.tools.multimodal - INFO - Loading data for modality: eeg
2025-03-31 10:02:05 - eeg_brain_state_prediction.data_pipeline.tools.multimodal - INFO - Saving data to: /data2/Projects/eeg_fmri_natview/chang_data/derivatives/sub-0029/ses-01/multimodal/sub-0029_ses-01_task-MeRest_acq-mr0012_desc-SSDbandsEnv8Caps_multimodal.pkl
2025-03-31 10:02:05 - eeg_brain_state_prediction.data_pipeline.tools.multimodal - INFO - Successfully saved data
2025-03-31 10:02:05 - eeg_brain_state_prediction.data_pipeline.tools.multimodal - INFO - Loading data for modality: brainstates
2025-03-31 10:02:05 - eeg_brain_state_prediction.data_pipeline.tools.multimodal - INFO - Loading data for modality: eeg
2025-03-31 10:02:08 - eeg_brain_state_prediction.data_pipeline.tools.multimodal - INFO - Saving data to: /data2/Projects/eeg_fmri_natview/chang_data/derivatives/sub-0029/ses-01/multimodal/sub-0029_ses-01_task-MeRest_acq-mr0012_desc-SSDbandsEnv8Caps_multimodal.pkl
2025-03-31 10:02:08 - eeg_brain_state_prediction.data_pipeline.tools.multimodal - INFO - Successfully saved data
2025-03-31 10:02:08 - eeg_brain_state_prediction.data_pipeline.tools.multimodal - INFO - Loading data for modality: brainstates
2025-03-31 10:02:08 - eeg_brain_state_prediction.data_pipeline.tools.multimodal - INFO - Loading data for modality: eeg
2025-03-31 10:02:11 - eeg_brain_state_prediction.data_pipeline.tools.multimodal - INFO - Saving data to: /data2/Projects/eeg_fmri_natview/chang_data/derivatives/sub-0029/ses-01/multimodal/sub-0029_ses-01_task-MeRest_acq-mr0012_desc-SSDbandsEnv8Caps_multimodal.pkl
2025-03-31 10:02:11 - eeg_brain_state_prediction.data_pipeline.tools.multimodal - INFO - Successfully saved data
2025-03-31 10:02:11 - eeg_brain_state_prediction.data_pipeline.tools.multimodal - INFO - Loading data for modality: brainstates
2025-03-31 10:02:11 - eeg_brain_state_prediction.data_pipeline.tools.multimodal - INFO - Loading data for modality: eeg
2025-03-31 10:02:14 - eeg_brain_state_prediction.data_pipeline.tools.multimodal - INFO - Saving data to: /data2/Projects/eeg_fmri_natview/chang_data/derivatives/sub-0029/ses-01/multimodal/sub-0029_ses-01_task-MeRest_acq-mr0012_desc-SSDbandsEnv8Caps_multimodal.pkl
2025-03-31 10:02:14 - eeg_brain_state_prediction.data_pipeline.tools.multimodal - INFO - Successfully saved data
2025-03-31 10:02:14 - eeg_brain_state_prediction.data_pipeline.tools.multimodal - INFO - Loading data for modality: brainstates
2025-03-31 10:02:14 - eeg_brain_state_prediction.data_pipeline.tools.multimodal - INFO - Loading data for modality: eeg
2025-03-31 10:02:17 - eeg_brain_state_prediction.data_pipeline.tools.multimodal - INFO - Saving data to: /data2/Projects/eeg_fmri_natview/chang_data/derivatives/sub-0029/ses-01/multimodal/sub-0029_ses-01_task-MeRest_acq-mr0012_desc-SSDbandsEnv8Caps_multimodal.pkl
2025-03-31 10:02:17 - eeg_brain_state_prediction.data_pipeline.tools.multimodal - INFO - Successfully saved data
2025-03-31 10:02:17 - eeg_brain_state_prediction.data_pipeline.tools.multimodal - INFO - Loading data for modality: brainstates
2025-03-31 10:02:17 - eeg_brain_state_prediction.data_pipeline.tools.multimodal - INFO - Loading data for modality: eeg
2025-03-31 10:02:20 - eeg_brain_state_prediction.data_pipeline.tools.multimodal - INFO - Saving data to: /data2/Projects/eeg_fmri_natview/chang_data/derivatives/sub-0029/ses-01/multimodal/sub-0029_ses-01_task-MeRest_acq-mr0012_desc-SSDbandsEnv8Caps_multimodal.pkl
2025-03-31 10:02:20 - eeg_brain_state_prediction.data_pipeline.tools.multimodal - INFO - Successfully saved data
2025-03-31 10:02:20 - eeg_brain_state_prediction.data_pipeline.tools.multimodal - INFO - Loading data for modality: brainstates
2025-03-31 10:02:20 - eeg_brain_state_prediction.data_pipeline.tools.multimodal - INFO - Loading data for modality: eeg
2025-03-31 10:02:23 - eeg_brain_state_prediction.data_pipeline.tools.multimodal - INFO - Saving data to: /data2/Projects/eeg_fmri_natview/chang_data/derivatives/sub-0029/ses-01/multimodal/sub-0029_ses-01_task-MeRest_acq-mr0012_desc-SSDbandsEnv8Caps_multimodal.pkl
2025-03-31 10:02:23 - eeg_brain_state_prediction.data_pipeline.tools.multimodal - INFO - Successfully saved data
2025-03-31 10:02:23 - eeg_brain_state_prediction.data_pipeline.tools.multimodal - INFO - Loading data for modality: brainstates
2025-03-31 10:02:23 - eeg_brain_state_prediction.data_pipeline.tools.multimodal - INFO - Loading data for modality: eeg
2025-03-31 10:02:26 - eeg_brain_state_prediction.data_pipeline.tools.multimodal - INFO - Saving data to: /data2/Projects/eeg_fmri_natview/chang_data/derivatives/sub-0030/ses-01/multimodal/sub-0030_ses-01_task-MeRest_acq-mr0009_desc-SSDbandsEnv8Caps_multimodal.pkl
2025-03-31 10:02:26 - eeg_brain_state_prediction.data_pipeline.tools.multimodal - INFO - Successfully saved data
2025-03-31 10:02:26 - eeg_brain_state_prediction.data_pipeline.tools.multimodal - INFO - Loading data for modality: brainstates
2025-03-31 10:02:26 - eeg_brain_state_prediction.data_pipeline.tools.multimodal - INFO - Loading data for modality: eeg
2025-03-31 10:02:29 - eeg_brain_state_prediction.data_pipeline.tools.multimodal - INFO - Saving data to: /data2/Projects/eeg_fmri_natview/chang_data/derivatives/sub-0030/ses-01/multimodal/sub-0030_ses-01_task-MeRest_acq-mr0009_desc-SSDbandsEnv8Caps_multimodal.pkl
2025-03-31 10:02:29 - eeg_brain_state_prediction.data_pipeline.tools.multimodal - INFO - Successfully saved data
2025-03-31 10:02:29 - eeg_brain_state_prediction.data_pipeline.tools.multimodal - INFO - Loading data for modality: brainstates
2025-03-31 10:02:29 - eeg_brain_state_prediction.data_pipeline.tools.multimodal - INFO - Loading data for modality: eeg
2025-03-31 10:02:32 - eeg_brain_state_prediction.data_pipeline.tools.multimodal - INFO - Saving data to: /data2/Projects/eeg_fmri_natview/chang_data/derivatives/sub-0030/ses-01/multimodal/sub-0030_ses-01_task-MeRest_acq-mr0009_desc-SSDbandsEnv8Caps_multimodal.pkl
2025-03-31 10:02:32 - eeg_brain_state_prediction.data_pipeline.tools.multimodal - INFO - Successfully saved data
2025-03-31 10:02:33 - eeg_brain_state_prediction.data_pipeline.tools.multimodal - INFO - Loading data for modality: brainstates
2025-03-31 10:02:33 - eeg_brain_state_prediction.data_pipeline.tools.multimodal - INFO - Loading data for modality: eeg
2025-03-31 10:02:36 - eeg_brain_state_prediction.data_pipeline.tools.multimodal - INFO - Saving data to: /data2/Projects/eeg_fmri_natview/chang_data/derivatives/sub-0030/ses-01/multimodal/sub-0030_ses-01_task-MeRest_acq-mr0009_desc-SSDbandsEnv8Caps_multimodal.pkl
2025-03-31 10:02:36 - eeg_brain_state_prediction.data_pipeline.tools.multimodal - INFO - Successfully saved data
2025-03-31 10:02:36 - eeg_brain_state_prediction.data_pipeline.tools.multimodal - INFO - Loading data for modality: brainstates
2025-03-31 10:02:36 - eeg_brain_state_prediction.data_pipeline.tools.multimodal - INFO - Loading data for modality: eeg
2025-03-31 10:02:39 - eeg_brain_state_prediction.data_pipeline.tools.multimodal - INFO - Saving data to: /data2/Projects/eeg_fmri_natview/chang_data/derivatives/sub-0030/ses-01/multimodal/sub-0030_ses-01_task-MeRest_acq-mr0009_desc-SSDbandsEnv8Caps_multimodal.pkl
2025-03-31 10:02:39 - eeg_brain_state_prediction.data_pipeline.tools.multimodal - INFO - Successfully saved data
2025-03-31 10:02:39 - eeg_brain_state_prediction.data_pipeline.tools.multimodal - INFO - Loading data for modality: brainstates
2025-03-31 10:02:39 - eeg_brain_state_prediction.data_pipeline.tools.multimodal - INFO - Loading data for modality: eeg
2025-03-31 10:02:42 - eeg_brain_state_prediction.data_pipeline.tools.multimodal - INFO - Saving data to: /data2/Projects/eeg_fmri_natview/chang_data/derivatives/sub-0030/ses-01/multimodal/sub-0030_ses-01_task-MeRest_acq-mr0009_desc-SSDbandsEnv8Caps_multimodal.pkl
2025-03-31 10:02:42 - eeg_brain_state_prediction.data_pipeline.tools.multimodal - INFO - Successfully saved data
2025-03-31 10:02:42 - eeg_brain_state_prediction.data_pipeline.tools.multimodal - INFO - Loading data for modality: brainstates
2025-03-31 10:02:42 - eeg_brain_state_prediction.data_pipeline.tools.multimodal - INFO - Loading data for modality: eeg
2025-03-31 10:02:45 - eeg_brain_state_prediction.data_pipeline.tools.multimodal - INFO - Saving data to: /data2/Projects/eeg_fmri_natview/chang_data/derivatives/sub-0030/ses-01/multimodal/sub-0030_ses-01_task-MeRest_acq-mr0009_desc-SSDbandsEnv8Caps_multimodal.pkl
2025-03-31 10:02:45 - eeg_brain_state_prediction.data_pipeline.tools.multimodal - INFO - Successfully saved data
2025-03-31 10:02:45 - eeg_brain_state_prediction.data_pipeline.tools.multimodal - INFO - Loading data for modality: brainstates
2025-03-31 10:02:45 - eeg_brain_state_prediction.data_pipeline.tools.multimodal - INFO - Loading data for modality: eeg
2025-03-31 10:02:48 - eeg_brain_state_prediction.data_pipeline.tools.multimodal - INFO - Saving data to: /data2/Projects/eeg_fmri_natview/chang_data/derivatives/sub-0030/ses-01/multimodal/sub-0030_ses-01_task-MeRest_acq-mr0009_desc-SSDbandsEnv8Caps_multimodal.pkl
2025-03-31 10:02:48 - eeg_brain_state_prediction.data_pipeline.tools.multimodal - INFO - Successfully saved data
2025-03-31 10:02:48 - eeg_brain_state_prediction.data_pipeline.tools.multimodal - INFO - Loading data for modality: brainstates
2025-03-31 10:02:48 - eeg_brain_state_prediction.data_pipeline.tools.multimodal - INFO - Loading data for modality: eeg
2025-03-31 10:02:51 - eeg_brain_state_prediction.data_pipeline.tools.multimodal - INFO - Saving data to: /data2/Projects/eeg_fmri_natview/chang_data/derivatives/sub-0030/ses-01/multimodal/sub-0030_ses-01_task-MeRest_acq-mr0009_desc-SSDbandsEnv8Caps_multimodal.pkl
2025-03-31 10:02:51 - eeg_brain_state_prediction.data_pipeline.tools.multimodal - INFO - Successfully saved data
2025-03-31 10:02:51 - eeg_brain_state_prediction.data_pipeline.tools.multimodal - INFO - Loading data for modality: brainstates
2025-03-31 10:02:51 - eeg_brain_state_prediction.data_pipeline.tools.multimodal - INFO - Loading data for modality: eeg
2025-03-31 10:02:54 - eeg_brain_state_prediction.data_pipeline.tools.multimodal - INFO - Saving data to: /data2/Projects/eeg_fmri_natview/chang_data/derivatives/sub-0031/ses-01/multimodal/sub-0031_ses-01_task-MeRest_acq-mr0015_desc-SSDbandsEnv8Caps_multimodal.pkl
2025-03-31 10:02:54 - eeg_brain_state_prediction.data_pipeline.tools.multimodal - INFO - Successfully saved data
2025-03-31 10:02:54 - eeg_brain_state_prediction.data_pipeline.tools.multimodal - INFO - Loading data for modality: brainstates
2025-03-31 10:02:54 - eeg_brain_state_prediction.data_pipeline.tools.multimodal - INFO - Loading data for modality: eeg
2025-03-31 10:02:57 - eeg_brain_state_prediction.data_pipeline.tools.multimodal - INFO - Saving data to: /data2/Projects/eeg_fmri_natview/chang_data/derivatives/sub-0031/ses-01/multimodal/sub-0031_ses-01_task-MeRest_acq-mr0015_desc-SSDbandsEnv8Caps_multimodal.pkl
2025-03-31 10:02:57 - eeg_brain_state_prediction.data_pipeline.tools.multimodal - INFO - Successfully saved data
2025-03-31 10:02:57 - eeg_brain_state_prediction.data_pipeline.tools.multimodal - INFO - Loading data for modality: brainstates
2025-03-31 10:02:57 - eeg_brain_state_prediction.data_pipeline.tools.multimodal - INFO - Loading data for modality: eeg
2025-03-31 10:03:00 - eeg_brain_state_prediction.data_pipeline.tools.multimodal - INFO - Saving data to: /data2/Projects/eeg_fmri_natview/chang_data/derivatives/sub-0031/ses-01/multimodal/sub-0031_ses-01_task-MeRest_acq-mr0015_desc-SSDbandsEnv8Caps_multimodal.pkl
2025-03-31 10:03:00 - eeg_brain_state_prediction.data_pipeline.tools.multimodal - INFO - Successfully saved data
2025-03-31 10:03:00 - eeg_brain_state_prediction.data_pipeline.tools.multimodal - INFO - Loading data for modality: brainstates
2025-03-31 10:03:00 - eeg_brain_state_prediction.data_pipeline.tools.multimodal - INFO - Loading data for modality: eeg
2025-03-31 10:03:03 - eeg_brain_state_prediction.data_pipeline.tools.multimodal - INFO - Saving data to: /data2/Projects/eeg_fmri_natview/chang_data/derivatives/sub-0031/ses-01/multimodal/sub-0031_ses-01_task-MeRest_acq-mr0015_desc-SSDbandsEnv8Caps_multimodal.pkl
2025-03-31 10:03:03 - eeg_brain_state_prediction.data_pipeline.tools.multimodal - INFO - Successfully saved data
2025-03-31 10:03:03 - eeg_brain_state_prediction.data_pipeline.tools.multimodal - INFO - Loading data for modality: brainstates
2025-03-31 10:03:03 - eeg_brain_state_prediction.data_pipeline.tools.multimodal - INFO - Loading data for modality: eeg
2025-03-31 10:03:06 - eeg_brain_state_prediction.data_pipeline.tools.multimodal - INFO - Saving data to: /data2/Projects/eeg_fmri_natview/chang_data/derivatives/sub-0031/ses-01/multimodal/sub-0031_ses-01_task-MeRest_acq-mr0015_desc-SSDbandsEnv8Caps_multimodal.pkl
2025-03-31 10:03:06 - eeg_brain_state_prediction.data_pipeline.tools.multimodal - INFO - Successfully saved data
2025-03-31 10:03:06 - eeg_brain_state_prediction.data_pipeline.tools.multimodal - INFO - Loading data for modality: brainstates
2025-03-31 10:03:06 - eeg_brain_state_prediction.data_pipeline.tools.multimodal - INFO - Loading data for modality: eeg
2025-03-31 10:03:09 - eeg_brain_state_prediction.data_pipeline.tools.multimodal - INFO - Saving data to: /data2/Projects/eeg_fmri_natview/chang_data/derivatives/sub-0031/ses-01/multimodal/sub-0031_ses-01_task-MeRest_acq-mr0015_desc-SSDbandsEnv8Caps_multimodal.pkl
2025-03-31 10:03:09 - eeg_brain_state_prediction.data_pipeline.tools.multimodal - INFO - Successfully saved data
2025-03-31 10:03:09 - eeg_brain_state_prediction.data_pipeline.tools.multimodal - INFO - Loading data for modality: brainstates
2025-03-31 10:03:09 - eeg_brain_state_prediction.data_pipeline.tools.multimodal - INFO - Loading data for modality: eeg
2025-03-31 10:03:12 - eeg_brain_state_prediction.data_pipeline.tools.multimodal - INFO - Saving data to: /data2/Projects/eeg_fmri_natview/chang_data/derivatives/sub-0031/ses-01/multimodal/sub-0031_ses-01_task-MeRest_acq-mr0015_desc-SSDbandsEnv8Caps_multimodal.pkl
2025-03-31 10:03:12 - eeg_brain_state_prediction.data_pipeline.tools.multimodal - INFO - Successfully saved data
2025-03-31 10:03:12 - eeg_brain_state_prediction.data_pipeline.tools.multimodal - INFO - Loading data for modality: brainstates
2025-03-31 10:03:12 - eeg_brain_state_prediction.data_pipeline.tools.multimodal - INFO - Loading data for modality: eeg
2025-03-31 10:03:15 - eeg_brain_state_prediction.data_pipeline.tools.multimodal - INFO - Saving data to: /data2/Projects/eeg_fmri_natview/chang_data/derivatives/sub-0031/ses-01/multimodal/sub-0031_ses-01_task-MeRest_acq-mr0015_desc-SSDbandsEnv8Caps_multimodal.pkl
2025-03-31 10:03:16 - eeg_brain_state_prediction.data_pipeline.tools.multimodal - INFO - Successfully saved data
2025-03-31 10:03:16 - eeg_brain_state_prediction.data_pipeline.tools.multimodal - INFO - Loading data for modality: brainstates
2025-03-31 10:03:16 - eeg_brain_state_prediction.data_pipeline.tools.multimodal - INFO - Loading data for modality: eeg
2025-03-31 10:03:19 - eeg_brain_state_prediction.data_pipeline.tools.multimodal - INFO - Saving data to: /data2/Projects/eeg_fmri_natview/chang_data/derivatives/sub-0031/ses-01/multimodal/sub-0031_ses-01_task-MeRest_acq-mr0015_desc-SSDbandsEnv8Caps_multimodal.pkl
2025-03-31 10:03:19 - eeg_brain_state_prediction.data_pipeline.tools.multimodal - INFO - Successfully saved data
2025-03-31 10:03:19 - eeg_brain_state_prediction.data_pipeline.tools.multimodal - INFO - Loading data for modality: brainstates
2025-03-31 10:03:19 - eeg_brain_state_prediction.data_pipeline.tools.multimodal - INFO - Loading data for modality: eeg
2025-03-31 10:03:22 - eeg_brain_state_prediction.data_pipeline.tools.multimodal - INFO - Saving data to: /data2/Projects/eeg_fmri_natview/chang_data/derivatives/sub-0032/ses-01/multimodal/sub-0032_ses-01_task-MeRest_acq-mr0009_desc-SSDbandsEnv8Caps_multimodal.pkl
2025-03-31 10:03:22 - eeg_brain_state_prediction.data_pipeline.tools.multimodal - INFO - Successfully saved data
2025-03-31 10:03:22 - eeg_brain_state_prediction.data_pipeline.tools.multimodal - INFO - Loading data for modality: brainstates
2025-03-31 10:03:22 - eeg_brain_state_prediction.data_pipeline.tools.multimodal - INFO - Loading data for modality: eeg
2025-03-31 10:03:25 - eeg_brain_state_prediction.data_pipeline.tools.multimodal - INFO - Saving data to: /data2/Projects/eeg_fmri_natview/chang_data/derivatives/sub-0032/ses-01/multimodal/sub-0032_ses-01_task-MeRest_acq-mr0009_desc-SSDbandsEnv8Caps_multimodal.pkl
2025-03-31 10:03:25 - eeg_brain_state_prediction.data_pipeline.tools.multimodal - INFO - Successfully saved data
2025-03-31 10:03:25 - eeg_brain_state_prediction.data_pipeline.tools.multimodal - INFO - Loading data for modality: brainstates
2025-03-31 10:03:25 - eeg_brain_state_prediction.data_pipeline.tools.multimodal - INFO - Loading data for modality: eeg
2025-03-31 10:03:28 - eeg_brain_state_prediction.data_pipeline.tools.multimodal - INFO - Saving data to: /data2/Projects/eeg_fmri_natview/chang_data/derivatives/sub-0032/ses-01/multimodal/sub-0032_ses-01_task-MeRest_acq-mr0009_desc-SSDbandsEnv8Caps_multimodal.pkl
2025-03-31 10:03:28 - eeg_brain_state_prediction.data_pipeline.tools.multimodal - INFO - Successfully saved data
2025-03-31 10:03:28 - eeg_brain_state_prediction.data_pipeline.tools.multimodal - INFO - Loading data for modality: brainstates
2025-03-31 10:03:28 - eeg_brain_state_prediction.data_pipeline.tools.multimodal - INFO - Loading data for modality: eeg
2025-03-31 10:03:31 - eeg_brain_state_prediction.data_pipeline.tools.multimodal - INFO - Saving data to: /data2/Projects/eeg_fmri_natview/chang_data/derivatives/sub-0032/ses-01/multimodal/sub-0032_ses-01_task-MeRest_acq-mr0009_desc-SSDbandsEnv8Caps_multimodal.pkl
2025-03-31 10:03:31 - eeg_brain_state_prediction.data_pipeline.tools.multimodal - INFO - Successfully saved data
2025-03-31 10:03:31 - eeg_brain_state_prediction.data_pipeline.tools.multimodal - INFO - Loading data for modality: brainstates
2025-03-31 10:03:31 - eeg_brain_state_prediction.data_pipeline.tools.multimodal - INFO - Loading data for modality: eeg
2025-03-31 10:03:34 - eeg_brain_state_prediction.data_pipeline.tools.multimodal - INFO - Saving data to: /data2/Projects/eeg_fmri_natview/chang_data/derivatives/sub-0032/ses-01/multimodal/sub-0032_ses-01_task-MeRest_acq-mr0009_desc-SSDbandsEnv8Caps_multimodal.pkl
2025-03-31 10:03:34 - eeg_brain_state_prediction.data_pipeline.tools.multimodal - INFO - Successfully saved data
2025-03-31 10:03:34 - eeg_brain_state_prediction.data_pipeline.tools.multimodal - INFO - Loading data for modality: brainstates
2025-03-31 10:03:34 - eeg_brain_state_prediction.data_pipeline.tools.multimodal - INFO - Loading data for modality: eeg
2025-03-31 10:03:37 - eeg_brain_state_prediction.data_pipeline.tools.multimodal - INFO - Saving data to: /data2/Projects/eeg_fmri_natview/chang_data/derivatives/sub-0032/ses-01/multimodal/sub-0032_ses-01_task-MeRest_acq-mr0009_desc-SSDbandsEnv8Caps_multimodal.pkl
2025-03-31 10:03:37 - eeg_brain_state_prediction.data_pipeline.tools.multimodal - INFO - Successfully saved data
2025-03-31 10:03:37 - eeg_brain_state_prediction.data_pipeline.tools.multimodal - INFO - Loading data for modality: brainstates
2025-03-31 10:03:37 - eeg_brain_state_prediction.data_pipeline.tools.multimodal - INFO - Loading data for modality: eeg
2025-03-31 10:03:40 - eeg_brain_state_prediction.data_pipeline.tools.multimodal - INFO - Saving data to: /data2/Projects/eeg_fmri_natview/chang_data/derivatives/sub-0032/ses-01/multimodal/sub-0032_ses-01_task-MeRest_acq-mr0009_desc-SSDbandsEnv8Caps_multimodal.pkl
2025-03-31 10:03:40 - eeg_brain_state_prediction.data_pipeline.tools.multimodal - INFO - Successfully saved data
2025-03-31 10:03:40 - eeg_brain_state_prediction.data_pipeline.tools.multimodal - INFO - Loading data for modality: brainstates
2025-03-31 10:03:40 - eeg_brain_state_prediction.data_pipeline.tools.multimodal - INFO - Loading data for modality: eeg
2025-03-31 10:03:43 - eeg_brain_state_prediction.data_pipeline.tools.multimodal - INFO - Saving data to: /data2/Projects/eeg_fmri_natview/chang_data/derivatives/sub-0032/ses-01/multimodal/sub-0032_ses-01_task-MeRest_acq-mr0009_desc-SSDbandsEnv8Caps_multimodal.pkl
2025-03-31 10:03:43 - eeg_brain_state_prediction.data_pipeline.tools.multimodal - INFO - Successfully saved data
2025-03-31 10:03:43 - eeg_brain_state_prediction.data_pipeline.tools.multimodal - INFO - Loading data for modality: brainstates
2025-03-31 10:03:43 - eeg_brain_state_prediction.data_pipeline.tools.multimodal - INFO - Loading data for modality: eeg
2025-03-31 10:03:46 - eeg_brain_state_prediction.data_pipeline.tools.multimodal - INFO - Saving data to: /data2/Projects/eeg_fmri_natview/chang_data/derivatives/sub-0032/ses-01/multimodal/sub-0032_ses-01_task-MeRest_acq-mr0009_desc-SSDbandsEnv8Caps_multimodal.pkl
2025-03-31 10:03:46 - eeg_brain_state_prediction.data_pipeline.tools.multimodal - INFO - Successfully saved data
2025-03-31 10:03:46 - eeg_brain_state_prediction.data_pipeline.tools.utils - INFO - Finished main_collect_multimodal_data_resampled
└── Session: 01
        ├── EEG file        : [PosixPath('/data2/Projects/eeg_fmri_natview/chang_data/derivatives/sub-0010/ses-01/eeg/sub-0010_ses-01_task-MeRest_acq-mr0009_desc-SSDbandsEnv_eeg.pkl')]
        ├── brainstates file: [PosixPath('/data2/Projects/eeg_fmri_natview/chang_data/derivatives/sub-0010/ses-01/brainstates/sub-0010_ses-01_task-MeRest_acq-mr0009_desc-caps_brainstates.pkl')]
        └── eyetracking file: None

Make multimodal dictionary
    brainstates
            duration  : 1467.90 seconds
            time shape: (700,)
            data shape: (9, 700)
            mask shape: (700,)
    eeg
            duration  : 1470.00 seconds
            time shape: (367500,)
            data shape: (29, 367500, 5)
            mask shape: (367500,)

Resample all
    brainstates
            duration  : 1467.64 seconds
            time shape: (5592,)
            data shape: (9, 5592)
            mask shape: (5592,)
    eeg
            duration  : 1469.74 seconds
            time shape: (5600,)
            data shape: (29, 5600, 5)
            mask shape: (5600,)

Trim to min time
    brainstates
            duration  : 1466.85 seconds
            time shape: (5589,)
            data shape: (9, 5589)
            mask shape: (5589,)
    eeg
            duration  : 1466.85 seconds
            time shape: (5589,)
            data shape: (29, 5589, 5)
            mask shape: (5589,)
└── Session: 01
        ├── EEG file        : [PosixPath('/data2/Projects/eeg_fmri_natview/chang_data/derivatives/sub-0010/ses-01/eeg/sub-0010_ses-01_task-MeRest_acq-mr0009_desc-SSDbandsEnv_eeg.pkl')]
        ├── brainstates file: [PosixPath('/data2/Projects/eeg_fmri_natview/chang_data/derivatives/sub-0010/ses-01/brainstates/sub-0010_ses-01_task-MeRest_acq-mr0009_desc-caps_brainstates.pkl')]
        └── eyetracking file: None

Make multimodal dictionary
    brainstates
            duration  : 1467.90 seconds
            time shape: (700,)
            data shape: (9, 700)
            mask shape: (700,)
    eeg
            duration  : 1470.00 seconds
            time shape: (367500,)
            data shape: (29, 367500, 5)
            mask shape: (367500,)

Resample all
    brainstates
            duration  : 1467.64 seconds
            time shape: (5592,)
            data shape: (9, 5592)
            mask shape: (5592,)
    eeg
            duration  : 1469.74 seconds
            time shape: (5600,)
            data shape: (29, 5600, 5)
            mask shape: (5600,)

Trim to min time
    brainstates
            duration  : 1466.85 seconds
            time shape: (5589,)
            data shape: (9, 5589)
            mask shape: (5589,)
    eeg
            duration  : 1466.85 seconds
            time shape: (5589,)
            data shape: (29, 5589, 5)
            mask shape: (5589,)
└── Session: 01
        ├── EEG file        : [PosixPath('/data2/Projects/eeg_fmri_natview/chang_data/derivatives/sub-0010/ses-01/eeg/sub-0010_ses-01_task-MeRest_acq-mr0015_desc-SSDbandsEnv_eeg.pkl')]
        ├── brainstates file: [PosixPath('/data2/Projects/eeg_fmri_natview/chang_data/derivatives/sub-0010/ses-01/brainstates/sub-0010_ses-01_task-MeRest_acq-mr0015_desc-caps_brainstates.pkl')]
        └── eyetracking file: None

Make multimodal dictionary
    brainstates
            duration  : 1467.90 seconds
            time shape: (700,)
            data shape: (9, 700)
            mask shape: (700,)
    eeg
            duration  : 1470.00 seconds
            time shape: (367500,)
            data shape: (29, 367500, 5)
            mask shape: (367500,)

Resample all
    brainstates
            duration  : 1467.64 seconds
            time shape: (5592,)
            data shape: (9, 5592)
            mask shape: (5592,)
    eeg
            duration  : 1469.74 seconds
            time shape: (5600,)
            data shape: (29, 5600, 5)
            mask shape: (5600,)

Trim to min time
    brainstates
            duration  : 1466.85 seconds
            time shape: (5589,)
            data shape: (9, 5589)
            mask shape: (5589,)
    eeg
            duration  : 1466.85 seconds
            time shape: (5589,)
            data shape: (29, 5589, 5)
            mask shape: (5589,)
└── Session: 01
        ├── EEG file        : [PosixPath('/data2/Projects/eeg_fmri_natview/chang_data/derivatives/sub-0010/ses-01/eeg/sub-0010_ses-01_task-MeRest_acq-mr0015_desc-SSDbandsEnv_eeg.pkl')]
        ├── brainstates file: [PosixPath('/data2/Projects/eeg_fmri_natview/chang_data/derivatives/sub-0010/ses-01/brainstates/sub-0010_ses-01_task-MeRest_acq-mr0015_desc-caps_brainstates.pkl')]
        └── eyetracking file: None

Make multimodal dictionary
    brainstates
            duration  : 1467.90 seconds
            time shape: (700,)
            data shape: (9, 700)
            mask shape: (700,)
    eeg
            duration  : 1470.00 seconds
            time shape: (367500,)
            data shape: (29, 367500, 5)
            mask shape: (367500,)

Resample all
    brainstates
            duration  : 1467.64 seconds
            time shape: (5592,)
            data shape: (9, 5592)
            mask shape: (5592,)
    eeg
            duration  : 1469.74 seconds
            time shape: (5600,)
            data shape: (29, 5600, 5)
            mask shape: (5600,)

Trim to min time
    brainstates
            duration  : 1466.85 seconds
            time shape: (5589,)
            data shape: (9, 5589)
            mask shape: (5589,)
    eeg
            duration  : 1466.85 seconds
            time shape: (5589,)
            data shape: (29, 5589, 5)
            mask shape: (5589,)
└── Session: 01
        ├── EEG file        : [PosixPath('/data2/Projects/eeg_fmri_natview/chang_data/derivatives/sub-0010/ses-01/eeg/sub-0010_ses-01_task-MeRest_acq-mr0009_desc-SSDbandsEnv_eeg.pkl')]
        ├── brainstates file: [PosixPath('/data2/Projects/eeg_fmri_natview/chang_data/derivatives/sub-0010/ses-01/brainstates/sub-0010_ses-01_task-MeRest_acq-mr0009_desc-caps_brainstates.pkl')]
        └── eyetracking file: None

Make multimodal dictionary
    brainstates
            duration  : 1467.90 seconds
            time shape: (700,)
            data shape: (9, 700)
            mask shape: (700,)
    eeg
            duration  : 1470.00 seconds
            time shape: (367500,)
            data shape: (29, 367500, 5)
            mask shape: (367500,)

Resample all
    brainstates
            duration  : 1467.64 seconds
            time shape: (5592,)
            data shape: (9, 5592)
            mask shape: (5592,)
    eeg
            duration  : 1469.74 seconds
            time shape: (5600,)
            data shape: (29, 5600, 5)
            mask shape: (5600,)

Trim to min time
    brainstates
            duration  : 1466.85 seconds
            time shape: (5589,)
            data shape: (9, 5589)
            mask shape: (5589,)
    eeg
            duration  : 1466.85 seconds
            time shape: (5589,)
            data shape: (29, 5589, 5)
            mask shape: (5589,)
└── Session: 01
        ├── EEG file        : [PosixPath('/data2/Projects/eeg_fmri_natview/chang_data/derivatives/sub-0010/ses-01/eeg/sub-0010_ses-01_task-MeRest_acq-mr0009_desc-SSDbandsEnv_eeg.pkl')]
        ├── brainstates file: [PosixPath('/data2/Projects/eeg_fmri_natview/chang_data/derivatives/sub-0010/ses-01/brainstates/sub-0010_ses-01_task-MeRest_acq-mr0009_desc-caps_brainstates.pkl')]
        └── eyetracking file: None

Make multimodal dictionary
    brainstates
            duration  : 1467.90 seconds
            time shape: (700,)
            data shape: (9, 700)
            mask shape: (700,)
    eeg
            duration  : 1470.00 seconds
            time shape: (367500,)
            data shape: (29, 367500, 5)
            mask shape: (367500,)

Resample all
    brainstates
            duration  : 1467.64 seconds
            time shape: (5592,)
            data shape: (9, 5592)
            mask shape: (5592,)
    eeg
            duration  : 1469.74 seconds
            time shape: (5600,)
            data shape: (29, 5600, 5)
            mask shape: (5600,)

Trim to min time
    brainstates
            duration  : 1466.85 seconds
            time shape: (5589,)
            data shape: (9, 5589)
            mask shape: (5589,)
    eeg
            duration  : 1466.85 seconds
            time shape: (5589,)
            data shape: (29, 5589, 5)
            mask shape: (5589,)
└── Session: 01
        ├── EEG file        : [PosixPath('/data2/Projects/eeg_fmri_natview/chang_data/derivatives/sub-0010/ses-01/eeg/sub-0010_ses-01_task-MeRest_acq-mr0015_desc-SSDbandsEnv_eeg.pkl')]
        ├── brainstates file: [PosixPath('/data2/Projects/eeg_fmri_natview/chang_data/derivatives/sub-0010/ses-01/brainstates/sub-0010_ses-01_task-MeRest_acq-mr0015_desc-caps_brainstates.pkl')]
        └── eyetracking file: None

Make multimodal dictionary
    brainstates
            duration  : 1467.90 seconds
            time shape: (700,)
            data shape: (9, 700)
            mask shape: (700,)
    eeg
            duration  : 1470.00 seconds
            time shape: (367500,)
            data shape: (29, 367500, 5)
            mask shape: (367500,)

Resample all
    brainstates
            duration  : 1467.64 seconds
            time shape: (5592,)
            data shape: (9, 5592)
            mask shape: (5592,)
    eeg
            duration  : 1469.74 seconds
            time shape: (5600,)
            data shape: (29, 5600, 5)
            mask shape: (5600,)

Trim to min time
    brainstates
            duration  : 1466.85 seconds
            time shape: (5589,)
            data shape: (9, 5589)
            mask shape: (5589,)
    eeg
            duration  : 1466.85 seconds
            time shape: (5589,)
            data shape: (29, 5589, 5)
            mask shape: (5589,)
└── Session: 01
        ├── EEG file        : [PosixPath('/data2/Projects/eeg_fmri_natview/chang_data/derivatives/sub-0010/ses-01/eeg/sub-0010_ses-01_task-MeRest_acq-mr0015_desc-SSDbandsEnv_eeg.pkl')]
        ├── brainstates file: [PosixPath('/data2/Projects/eeg_fmri_natview/chang_data/derivatives/sub-0010/ses-01/brainstates/sub-0010_ses-01_task-MeRest_acq-mr0015_desc-caps_brainstates.pkl')]
        └── eyetracking file: None

Make multimodal dictionary
    brainstates
            duration  : 1467.90 seconds
            time shape: (700,)
            data shape: (9, 700)
            mask shape: (700,)
    eeg
            duration  : 1470.00 seconds
            time shape: (367500,)
            data shape: (29, 367500, 5)
            mask shape: (367500,)

Resample all
    brainstates
            duration  : 1467.64 seconds
            time shape: (5592,)
            data shape: (9, 5592)
            mask shape: (5592,)
    eeg
            duration  : 1469.74 seconds
            time shape: (5600,)
            data shape: (29, 5600, 5)
            mask shape: (5600,)

Trim to min time
    brainstates
            duration  : 1466.85 seconds
            time shape: (5589,)
            data shape: (9, 5589)
            mask shape: (5589,)
    eeg
            duration  : 1466.85 seconds
            time shape: (5589,)
            data shape: (29, 5589, 5)
            mask shape: (5589,)
└── Session: 01
        ├── EEG file        : [PosixPath('/data2/Projects/eeg_fmri_natview/chang_data/derivatives/sub-0010/ses-01/eeg/sub-0010_ses-01_task-MeRest_acq-mr0009_desc-SSDbandsEnv_eeg.pkl')]
        ├── brainstates file: [PosixPath('/data2/Projects/eeg_fmri_natview/chang_data/derivatives/sub-0010/ses-01/brainstates/sub-0010_ses-01_task-MeRest_acq-mr0009_desc-caps_brainstates.pkl')]
        └── eyetracking file: None

Make multimodal dictionary
    brainstates
            duration  : 1467.90 seconds
            time shape: (700,)
            data shape: (9, 700)
            mask shape: (700,)
    eeg
            duration  : 1470.00 seconds
            time shape: (367500,)
            data shape: (29, 367500, 5)
            mask shape: (367500,)

Resample all
    brainstates
            duration  : 1467.64 seconds
            time shape: (5592,)
            data shape: (9, 5592)
            mask shape: (5592,)
    eeg
            duration  : 1469.74 seconds
            time shape: (5600,)
            data shape: (29, 5600, 5)
            mask shape: (5600,)

Trim to min time
    brainstates
            duration  : 1466.85 seconds
            time shape: (5589,)
            data shape: (9, 5589)
            mask shape: (5589,)
    eeg
            duration  : 1466.85 seconds
            time shape: (5589,)
            data shape: (29, 5589, 5)
            mask shape: (5589,)
└── Session: 01
        ├── EEG file        : [PosixPath('/data2/Projects/eeg_fmri_natview/chang_data/derivatives/sub-0010/ses-01/eeg/sub-0010_ses-01_task-MeRest_acq-mr0015_desc-SSDbandsEnv_eeg.pkl')]
        ├── brainstates file: [PosixPath('/data2/Projects/eeg_fmri_natview/chang_data/derivatives/sub-0010/ses-01/brainstates/sub-0010_ses-01_task-MeRest_acq-mr0015_desc-caps_brainstates.pkl')]
        └── eyetracking file: None

Make multimodal dictionary
    brainstates
            duration  : 1467.90 seconds
            time shape: (700,)
            data shape: (9, 700)
            mask shape: (700,)
    eeg
            duration  : 1470.00 seconds
            time shape: (367500,)
            data shape: (29, 367500, 5)
            mask shape: (367500,)

Resample all
    brainstates
            duration  : 1467.64 seconds
            time shape: (5592,)
            data shape: (9, 5592)
            mask shape: (5592,)
    eeg
            duration  : 1469.74 seconds
            time shape: (5600,)
            data shape: (29, 5600, 5)
            mask shape: (5600,)

Trim to min time
    brainstates
            duration  : 1466.85 seconds
            time shape: (5589,)
            data shape: (9, 5589)
            mask shape: (5589,)
    eeg
            duration  : 1466.85 seconds
            time shape: (5589,)
            data shape: (29, 5589, 5)
            mask shape: (5589,)
└── Session: 01
        ├── EEG file        : [PosixPath('/data2/Projects/eeg_fmri_natview/chang_data/derivatives/sub-0010/ses-01/eeg/sub-0010_ses-01_task-MeRest_acq-mr0009_desc-SSDbandsEnv_eeg.pkl')]
        ├── brainstates file: [PosixPath('/data2/Projects/eeg_fmri_natview/chang_data/derivatives/sub-0010/ses-01/brainstates/sub-0010_ses-01_task-MeRest_acq-mr0009_desc-caps_brainstates.pkl')]
        └── eyetracking file: None

Make multimodal dictionary
    brainstates
            duration  : 1467.90 seconds
            time shape: (700,)
            data shape: (9, 700)
            mask shape: (700,)
    eeg
            duration  : 1470.00 seconds
            time shape: (367500,)
            data shape: (29, 367500, 5)
            mask shape: (367500,)

Resample all
    brainstates
            duration  : 1467.64 seconds
            time shape: (5592,)
            data shape: (9, 5592)
            mask shape: (5592,)
    eeg
            duration  : 1469.74 seconds
            time shape: (5600,)
            data shape: (29, 5600, 5)
            mask shape: (5600,)

Trim to min time
    brainstates
            duration  : 1466.85 seconds
            time shape: (5589,)
            data shape: (9, 5589)
            mask shape: (5589,)
    eeg
            duration  : 1466.85 seconds
            time shape: (5589,)
            data shape: (29, 5589, 5)
            mask shape: (5589,)
└── Session: 01
        ├── EEG file        : [PosixPath('/data2/Projects/eeg_fmri_natview/chang_data/derivatives/sub-0010/ses-01/eeg/sub-0010_ses-01_task-MeRest_acq-mr0015_desc-SSDbandsEnv_eeg.pkl')]
        ├── brainstates file: [PosixPath('/data2/Projects/eeg_fmri_natview/chang_data/derivatives/sub-0010/ses-01/brainstates/sub-0010_ses-01_task-MeRest_acq-mr0015_desc-caps_brainstates.pkl')]
        └── eyetracking file: None

Make multimodal dictionary
    brainstates
            duration  : 1467.90 seconds
            time shape: (700,)
            data shape: (9, 700)
            mask shape: (700,)
    eeg
            duration  : 1470.00 seconds
            time shape: (367500,)
            data shape: (29, 367500, 5)
            mask shape: (367500,)

Resample all
    brainstates
            duration  : 1467.64 seconds
            time shape: (5592,)
            data shape: (9, 5592)
            mask shape: (5592,)
    eeg
            duration  : 1469.74 seconds
            time shape: (5600,)
            data shape: (29, 5600, 5)
            mask shape: (5600,)

Trim to min time
    brainstates
            duration  : 1466.85 seconds
            time shape: (5589,)
            data shape: (9, 5589)
            mask shape: (5589,)
    eeg
            duration  : 1466.85 seconds
            time shape: (5589,)
            data shape: (29, 5589, 5)
            mask shape: (5589,)
└── Session: 01
        ├── EEG file        : [PosixPath('/data2/Projects/eeg_fmri_natview/chang_data/derivatives/sub-0010/ses-01/eeg/sub-0010_ses-01_task-MeRest_acq-mr0009_desc-SSDbandsEnv_eeg.pkl')]
        ├── brainstates file: [PosixPath('/data2/Projects/eeg_fmri_natview/chang_data/derivatives/sub-0010/ses-01/brainstates/sub-0010_ses-01_task-MeRest_acq-mr0009_desc-caps_brainstates.pkl')]
        └── eyetracking file: None

Make multimodal dictionary
    brainstates
            duration  : 1467.90 seconds
            time shape: (700,)
            data shape: (9, 700)
            mask shape: (700,)
    eeg
            duration  : 1470.00 seconds
            time shape: (367500,)
            data shape: (29, 367500, 5)
            mask shape: (367500,)

Resample all
    brainstates
            duration  : 1467.64 seconds
            time shape: (5592,)
            data shape: (9, 5592)
            mask shape: (5592,)
    eeg
            duration  : 1469.74 seconds
            time shape: (5600,)
            data shape: (29, 5600, 5)
            mask shape: (5600,)

Trim to min time
    brainstates
            duration  : 1466.85 seconds
            time shape: (5589,)
            data shape: (9, 5589)
            mask shape: (5589,)
    eeg
            duration  : 1466.85 seconds
            time shape: (5589,)
            data shape: (29, 5589, 5)
            mask shape: (5589,)
└── Session: 01
        ├── EEG file        : [PosixPath('/data2/Projects/eeg_fmri_natview/chang_data/derivatives/sub-0010/ses-01/eeg/sub-0010_ses-01_task-MeRest_acq-mr0015_desc-SSDbandsEnv_eeg.pkl')]
        ├── brainstates file: [PosixPath('/data2/Projects/eeg_fmri_natview/chang_data/derivatives/sub-0010/ses-01/brainstates/sub-0010_ses-01_task-MeRest_acq-mr0015_desc-caps_brainstates.pkl')]
        └── eyetracking file: None

Make multimodal dictionary
    brainstates
            duration  : 1467.90 seconds
            time shape: (700,)
            data shape: (9, 700)
            mask shape: (700,)
    eeg
            duration  : 1470.00 seconds
            time shape: (367500,)
            data shape: (29, 367500, 5)
            mask shape: (367500,)

Resample all
    brainstates
            duration  : 1467.64 seconds
            time shape: (5592,)
            data shape: (9, 5592)
            mask shape: (5592,)
    eeg
            duration  : 1469.74 seconds
            time shape: (5600,)
            data shape: (29, 5600, 5)
            mask shape: (5600,)

Trim to min time
    brainstates
            duration  : 1466.85 seconds
            time shape: (5589,)
            data shape: (9, 5589)
            mask shape: (5589,)
    eeg
            duration  : 1466.85 seconds
            time shape: (5589,)
            data shape: (29, 5589, 5)
            mask shape: (5589,)
└── Session: 01
        ├── EEG file        : [PosixPath('/data2/Projects/eeg_fmri_natview/chang_data/derivatives/sub-0010/ses-01/eeg/sub-0010_ses-01_task-MeRest_acq-mr0009_desc-SSDbandsEnv_eeg.pkl')]
        ├── brainstates file: [PosixPath('/data2/Projects/eeg_fmri_natview/chang_data/derivatives/sub-0010/ses-01/brainstates/sub-0010_ses-01_task-MeRest_acq-mr0009_desc-caps_brainstates.pkl')]
        └── eyetracking file: None

Make multimodal dictionary
    brainstates
            duration  : 1467.90 seconds
            time shape: (700,)
            data shape: (9, 700)
            mask shape: (700,)
    eeg
            duration  : 1470.00 seconds
            time shape: (367500,)
            data shape: (29, 367500, 5)
            mask shape: (367500,)

Resample all
    brainstates
            duration  : 1467.64 seconds
            time shape: (5592,)
            data shape: (9, 5592)
            mask shape: (5592,)
    eeg
            duration  : 1469.74 seconds
            time shape: (5600,)
            data shape: (29, 5600, 5)
            mask shape: (5600,)

Trim to min time
    brainstates
            duration  : 1466.85 seconds
            time shape: (5589,)
            data shape: (9, 5589)
            mask shape: (5589,)
    eeg
            duration  : 1466.85 seconds
            time shape: (5589,)
            data shape: (29, 5589, 5)
            mask shape: (5589,)
└── Session: 01
        ├── EEG file        : [PosixPath('/data2/Projects/eeg_fmri_natview/chang_data/derivatives/sub-0010/ses-01/eeg/sub-0010_ses-01_task-MeRest_acq-mr0015_desc-SSDbandsEnv_eeg.pkl')]
        ├── brainstates file: [PosixPath('/data2/Projects/eeg_fmri_natview/chang_data/derivatives/sub-0010/ses-01/brainstates/sub-0010_ses-01_task-MeRest_acq-mr0015_desc-caps_brainstates.pkl')]
        └── eyetracking file: None

Make multimodal dictionary
    brainstates
            duration  : 1467.90 seconds
            time shape: (700,)
            data shape: (9, 700)
            mask shape: (700,)
    eeg
            duration  : 1470.00 seconds
            time shape: (367500,)
            data shape: (29, 367500, 5)
            mask shape: (367500,)

Resample all
    brainstates
            duration  : 1467.64 seconds
            time shape: (5592,)
            data shape: (9, 5592)
            mask shape: (5592,)
    eeg
            duration  : 1469.74 seconds
            time shape: (5600,)
            data shape: (29, 5600, 5)
            mask shape: (5600,)

Trim to min time
    brainstates
            duration  : 1466.85 seconds
            time shape: (5589,)
            data shape: (9, 5589)
            mask shape: (5589,)
    eeg
            duration  : 1466.85 seconds
            time shape: (5589,)
            data shape: (29, 5589, 5)
            mask shape: (5589,)
└── Session: 01
        ├── EEG file        : [PosixPath('/data2/Projects/eeg_fmri_natview/chang_data/derivatives/sub-0010/ses-01/eeg/sub-0010_ses-01_task-MeRest_acq-mr0009_desc-SSDbandsEnv_eeg.pkl')]
        ├── brainstates file: [PosixPath('/data2/Projects/eeg_fmri_natview/chang_data/derivatives/sub-0010/ses-01/brainstates/sub-0010_ses-01_task-MeRest_acq-mr0009_desc-caps_brainstates.pkl')]
        └── eyetracking file: None

Make multimodal dictionary
    brainstates
            duration  : 1467.90 seconds
            time shape: (700,)
            data shape: (9, 700)
            mask shape: (700,)
    eeg
            duration  : 1470.00 seconds
            time shape: (367500,)
            data shape: (29, 367500, 5)
            mask shape: (367500,)

Resample all
    brainstates
            duration  : 1467.64 seconds
            time shape: (5592,)
            data shape: (9, 5592)
            mask shape: (5592,)
    eeg
            duration  : 1469.74 seconds
            time shape: (5600,)
            data shape: (29, 5600, 5)
            mask shape: (5600,)

Trim to min time
    brainstates
            duration  : 1466.85 seconds
            time shape: (5589,)
            data shape: (9, 5589)
            mask shape: (5589,)
    eeg
            duration  : 1466.85 seconds
            time shape: (5589,)
            data shape: (29, 5589, 5)
            mask shape: (5589,)
└── Session: 01
        ├── EEG file        : [PosixPath('/data2/Projects/eeg_fmri_natview/chang_data/derivatives/sub-0010/ses-01/eeg/sub-0010_ses-01_task-MeRest_acq-mr0015_desc-SSDbandsEnv_eeg.pkl')]
        ├── brainstates file: [PosixPath('/data2/Projects/eeg_fmri_natview/chang_data/derivatives/sub-0010/ses-01/brainstates/sub-0010_ses-01_task-MeRest_acq-mr0015_desc-caps_brainstates.pkl')]
        └── eyetracking file: None

Make multimodal dictionary
    brainstates
            duration  : 1467.90 seconds
            time shape: (700,)
            data shape: (9, 700)
            mask shape: (700,)
    eeg
            duration  : 1470.00 seconds
            time shape: (367500,)
            data shape: (29, 367500, 5)
            mask shape: (367500,)

Resample all
    brainstates
            duration  : 1467.64 seconds
            time shape: (5592,)
            data shape: (9, 5592)
            mask shape: (5592,)
    eeg
            duration  : 1469.74 seconds
            time shape: (5600,)
            data shape: (29, 5600, 5)
            mask shape: (5600,)

Trim to min time
    brainstates
            duration  : 1466.85 seconds
            time shape: (5589,)
            data shape: (9, 5589)
            mask shape: (5589,)
    eeg
            duration  : 1466.85 seconds
            time shape: (5589,)
            data shape: (29, 5589, 5)
            mask shape: (5589,)
└── Session: 01
        ├── EEG file        : [PosixPath('/data2/Projects/eeg_fmri_natview/chang_data/derivatives/sub-0010/ses-01/eeg/sub-0010_ses-01_task-MeRest_acq-mr0009_desc-SSDbandsEnv_eeg.pkl')]
        ├── brainstates file: [PosixPath('/data2/Projects/eeg_fmri_natview/chang_data/derivatives/sub-0010/ses-01/brainstates/sub-0010_ses-01_task-MeRest_acq-mr0009_desc-caps_brainstates.pkl')]
        └── eyetracking file: None

Make multimodal dictionary
    brainstates
            duration  : 1467.90 seconds
            time shape: (700,)
            data shape: (9, 700)
            mask shape: (700,)
    eeg
            duration  : 1470.00 seconds
            time shape: (367500,)
            data shape: (29, 367500, 5)
            mask shape: (367500,)

Resample all
    brainstates
            duration  : 1467.64 seconds
            time shape: (5592,)
            data shape: (9, 5592)
            mask shape: (5592,)
    eeg
            duration  : 1469.74 seconds
            time shape: (5600,)
            data shape: (29, 5600, 5)
            mask shape: (5600,)

Trim to min time
    brainstates
            duration  : 1466.85 seconds
            time shape: (5589,)
            data shape: (9, 5589)
            mask shape: (5589,)
    eeg
            duration  : 1466.85 seconds
            time shape: (5589,)
            data shape: (29, 5589, 5)
            mask shape: (5589,)
└── Session: 01
        ├── EEG file        : [PosixPath('/data2/Projects/eeg_fmri_natview/chang_data/derivatives/sub-0010/ses-01/eeg/sub-0010_ses-01_task-MeRest_acq-mr0015_desc-SSDbandsEnv_eeg.pkl')]
        ├── brainstates file: [PosixPath('/data2/Projects/eeg_fmri_natview/chang_data/derivatives/sub-0010/ses-01/brainstates/sub-0010_ses-01_task-MeRest_acq-mr0015_desc-caps_brainstates.pkl')]
        └── eyetracking file: None

Make multimodal dictionary
    brainstates
            duration  : 1467.90 seconds
            time shape: (700,)
            data shape: (9, 700)
            mask shape: (700,)
    eeg
            duration  : 1470.00 seconds
            time shape: (367500,)
            data shape: (29, 367500, 5)
            mask shape: (367500,)

Resample all
    brainstates
            duration  : 1467.64 seconds
            time shape: (5592,)
            data shape: (9, 5592)
            mask shape: (5592,)
    eeg
            duration  : 1469.74 seconds
            time shape: (5600,)
            data shape: (29, 5600, 5)
            mask shape: (5600,)

Trim to min time
    brainstates
            duration  : 1466.85 seconds
            time shape: (5589,)
            data shape: (9, 5589)
            mask shape: (5589,)
    eeg
            duration  : 1466.85 seconds
            time shape: (5589,)
            data shape: (29, 5589, 5)
            mask shape: (5589,)
└── Session: 01
        ├── EEG file        : [PosixPath('/data2/Projects/eeg_fmri_natview/chang_data/derivatives/sub-0012/ses-01/eeg/sub-0012_ses-01_task-MeRest_acq-mr0018_desc-SSDbandsEnv_eeg.pkl')]
        ├── brainstates file: [PosixPath('/data2/Projects/eeg_fmri_natview/chang_data/derivatives/sub-0012/ses-01/brainstates/sub-0012_ses-01_task-MeRest_acq-mr0018_desc-caps_brainstates.pkl')]
        └── eyetracking file: None

Make multimodal dictionary
    brainstates
            duration  : 1467.90 seconds
            time shape: (700,)
            data shape: (9, 700)
            mask shape: (700,)
    eeg
            duration  : 1471.00 seconds
            time shape: (367750,)
            data shape: (29, 367750, 5)
            mask shape: (367750,)

Resample all
    brainstates
            duration  : 1467.64 seconds
            time shape: (5592,)
            data shape: (9, 5592)
            mask shape: (5592,)
    eeg
            duration  : 1470.79 seconds
            time shape: (5604,)
            data shape: (29, 5604, 5)
            mask shape: (5604,)

Trim to min time
    brainstates
            duration  : 1466.85 seconds
            time shape: (5589,)
            data shape: (9, 5589)
            mask shape: (5589,)
    eeg
            duration  : 1466.85 seconds
            time shape: (5589,)
            data shape: (29, 5589, 5)
            mask shape: (5589,)
└── Session: 01
        ├── EEG file        : [PosixPath('/data2/Projects/eeg_fmri_natview/chang_data/derivatives/sub-0012/ses-01/eeg/sub-0012_ses-01_task-MeRest_acq-mr0018_desc-SSDbandsEnv_eeg.pkl')]
        ├── brainstates file: [PosixPath('/data2/Projects/eeg_fmri_natview/chang_data/derivatives/sub-0012/ses-01/brainstates/sub-0012_ses-01_task-MeRest_acq-mr0018_desc-caps_brainstates.pkl')]
        └── eyetracking file: None

Make multimodal dictionary
    brainstates
            duration  : 1467.90 seconds
            time shape: (700,)
            data shape: (9, 700)
            mask shape: (700,)
    eeg
            duration  : 1471.00 seconds
            time shape: (367750,)
            data shape: (29, 367750, 5)
            mask shape: (367750,)

Resample all
    brainstates
            duration  : 1467.64 seconds
            time shape: (5592,)
            data shape: (9, 5592)
            mask shape: (5592,)
    eeg
            duration  : 1470.79 seconds
            time shape: (5604,)
            data shape: (29, 5604, 5)
            mask shape: (5604,)

Trim to min time
    brainstates
            duration  : 1466.85 seconds
            time shape: (5589,)
            data shape: (9, 5589)
            mask shape: (5589,)
    eeg
            duration  : 1466.85 seconds
            time shape: (5589,)
            data shape: (29, 5589, 5)
            mask shape: (5589,)
└── Session: 01
        ├── EEG file        : [PosixPath('/data2/Projects/eeg_fmri_natview/chang_data/derivatives/sub-0012/ses-01/eeg/sub-0012_ses-01_task-MeRest_acq-mr0012_desc-SSDbandsEnv_eeg.pkl')]
        ├── brainstates file: [PosixPath('/data2/Projects/eeg_fmri_natview/chang_data/derivatives/sub-0012/ses-01/brainstates/sub-0012_ses-01_task-MeRest_acq-mr0012_desc-caps_brainstates.pkl')]
        └── eyetracking file: None

Make multimodal dictionary
    brainstates
            duration  : 1467.90 seconds
            time shape: (700,)
            data shape: (9, 700)
            mask shape: (700,)
    eeg
            duration  : 1471.00 seconds
            time shape: (367750,)
            data shape: (29, 367750, 5)
            mask shape: (367750,)

Resample all
    brainstates
            duration  : 1467.64 seconds
            time shape: (5592,)
            data shape: (9, 5592)
            mask shape: (5592,)
    eeg
            duration  : 1470.79 seconds
            time shape: (5604,)
            data shape: (29, 5604, 5)
            mask shape: (5604,)

Trim to min time
    brainstates
            duration  : 1466.85 seconds
            time shape: (5589,)
            data shape: (9, 5589)
            mask shape: (5589,)
    eeg
            duration  : 1466.85 seconds
            time shape: (5589,)
            data shape: (29, 5589, 5)
            mask shape: (5589,)
└── Session: 01
        ├── EEG file        : [PosixPath('/data2/Projects/eeg_fmri_natview/chang_data/derivatives/sub-0012/ses-01/eeg/sub-0012_ses-01_task-MeRest_acq-mr0012_desc-SSDbandsEnv_eeg.pkl')]
        ├── brainstates file: [PosixPath('/data2/Projects/eeg_fmri_natview/chang_data/derivatives/sub-0012/ses-01/brainstates/sub-0012_ses-01_task-MeRest_acq-mr0012_desc-caps_brainstates.pkl')]
        └── eyetracking file: None

Make multimodal dictionary
    brainstates
            duration  : 1467.90 seconds
            time shape: (700,)
            data shape: (9, 700)
            mask shape: (700,)
    eeg
            duration  : 1471.00 seconds
            time shape: (367750,)
            data shape: (29, 367750, 5)
            mask shape: (367750,)

Resample all
    brainstates
            duration  : 1467.64 seconds
            time shape: (5592,)
            data shape: (9, 5592)
            mask shape: (5592,)
    eeg
            duration  : 1470.79 seconds
            time shape: (5604,)
            data shape: (29, 5604, 5)
            mask shape: (5604,)

Trim to min time
    brainstates
            duration  : 1466.85 seconds
            time shape: (5589,)
            data shape: (9, 5589)
            mask shape: (5589,)
    eeg
            duration  : 1466.85 seconds
            time shape: (5589,)
            data shape: (29, 5589, 5)
            mask shape: (5589,)
└── Session: 01
        ├── EEG file        : [PosixPath('/data2/Projects/eeg_fmri_natview/chang_data/derivatives/sub-0012/ses-01/eeg/sub-0012_ses-01_task-MeRest_acq-mr0012_desc-SSDbandsEnv_eeg.pkl')]
        ├── brainstates file: [PosixPath('/data2/Projects/eeg_fmri_natview/chang_data/derivatives/sub-0012/ses-01/brainstates/sub-0012_ses-01_task-MeRest_acq-mr0012_desc-caps_brainstates.pkl')]
        └── eyetracking file: None

Make multimodal dictionary
    brainstates
            duration  : 1467.90 seconds
            time shape: (700,)
            data shape: (9, 700)
            mask shape: (700,)
    eeg
            duration  : 1471.00 seconds
            time shape: (367750,)
            data shape: (29, 367750, 5)
            mask shape: (367750,)

Resample all
    brainstates
            duration  : 1467.64 seconds
            time shape: (5592,)
            data shape: (9, 5592)
            mask shape: (5592,)
    eeg
            duration  : 1470.79 seconds
            time shape: (5604,)
            data shape: (29, 5604, 5)
            mask shape: (5604,)

Trim to min time
    brainstates
            duration  : 1466.85 seconds
            time shape: (5589,)
            data shape: (9, 5589)
            mask shape: (5589,)
    eeg
            duration  : 1466.85 seconds
            time shape: (5589,)
            data shape: (29, 5589, 5)
            mask shape: (5589,)
└── Session: 01
        ├── EEG file        : [PosixPath('/data2/Projects/eeg_fmri_natview/chang_data/derivatives/sub-0012/ses-01/eeg/sub-0012_ses-01_task-MeRest_acq-mr0018_desc-SSDbandsEnv_eeg.pkl')]
        ├── brainstates file: [PosixPath('/data2/Projects/eeg_fmri_natview/chang_data/derivatives/sub-0012/ses-01/brainstates/sub-0012_ses-01_task-MeRest_acq-mr0018_desc-caps_brainstates.pkl')]
        └── eyetracking file: None

Make multimodal dictionary
    brainstates
            duration  : 1467.90 seconds
            time shape: (700,)
            data shape: (9, 700)
            mask shape: (700,)
    eeg
            duration  : 1471.00 seconds
            time shape: (367750,)
            data shape: (29, 367750, 5)
            mask shape: (367750,)

Resample all
    brainstates
            duration  : 1467.64 seconds
            time shape: (5592,)
            data shape: (9, 5592)
            mask shape: (5592,)
    eeg
            duration  : 1470.79 seconds
            time shape: (5604,)
            data shape: (29, 5604, 5)
            mask shape: (5604,)

Trim to min time
    brainstates
            duration  : 1466.85 seconds
            time shape: (5589,)
            data shape: (9, 5589)
            mask shape: (5589,)
    eeg
            duration  : 1466.85 seconds
            time shape: (5589,)
            data shape: (29, 5589, 5)
            mask shape: (5589,)
└── Session: 01
        ├── EEG file        : [PosixPath('/data2/Projects/eeg_fmri_natview/chang_data/derivatives/sub-0012/ses-01/eeg/sub-0012_ses-01_task-MeRest_acq-mr0012_desc-SSDbandsEnv_eeg.pkl')]
        ├── brainstates file: [PosixPath('/data2/Projects/eeg_fmri_natview/chang_data/derivatives/sub-0012/ses-01/brainstates/sub-0012_ses-01_task-MeRest_acq-mr0012_desc-caps_brainstates.pkl')]
        └── eyetracking file: None

Make multimodal dictionary
    brainstates
            duration  : 1467.90 seconds
            time shape: (700,)
            data shape: (9, 700)
            mask shape: (700,)
    eeg
            duration  : 1471.00 seconds
            time shape: (367750,)
            data shape: (29, 367750, 5)
            mask shape: (367750,)

Resample all
    brainstates
            duration  : 1467.64 seconds
            time shape: (5592,)
            data shape: (9, 5592)
            mask shape: (5592,)
    eeg
            duration  : 1470.79 seconds
            time shape: (5604,)
            data shape: (29, 5604, 5)
            mask shape: (5604,)

Trim to min time
    brainstates
            duration  : 1466.85 seconds
            time shape: (5589,)
            data shape: (9, 5589)
            mask shape: (5589,)
    eeg
            duration  : 1466.85 seconds
            time shape: (5589,)
            data shape: (29, 5589, 5)
            mask shape: (5589,)
└── Session: 01
        ├── EEG file        : [PosixPath('/data2/Projects/eeg_fmri_natview/chang_data/derivatives/sub-0012/ses-01/eeg/sub-0012_ses-01_task-MeRest_acq-mr0018_desc-SSDbandsEnv_eeg.pkl')]
        ├── brainstates file: [PosixPath('/data2/Projects/eeg_fmri_natview/chang_data/derivatives/sub-0012/ses-01/brainstates/sub-0012_ses-01_task-MeRest_acq-mr0018_desc-caps_brainstates.pkl')]
        └── eyetracking file: None

Make multimodal dictionary
    brainstates
            duration  : 1467.90 seconds
            time shape: (700,)
            data shape: (9, 700)
            mask shape: (700,)
    eeg
            duration  : 1471.00 seconds
            time shape: (367750,)
            data shape: (29, 367750, 5)
            mask shape: (367750,)

Resample all
    brainstates
            duration  : 1467.64 seconds
            time shape: (5592,)
            data shape: (9, 5592)
            mask shape: (5592,)
    eeg
            duration  : 1470.79 seconds
            time shape: (5604,)
            data shape: (29, 5604, 5)
            mask shape: (5604,)

Trim to min time
    brainstates
            duration  : 1466.85 seconds
            time shape: (5589,)
            data shape: (9, 5589)
            mask shape: (5589,)
    eeg
            duration  : 1466.85 seconds
            time shape: (5589,)
            data shape: (29, 5589, 5)
            mask shape: (5589,)
└── Session: 01
        ├── EEG file        : [PosixPath('/data2/Projects/eeg_fmri_natview/chang_data/derivatives/sub-0012/ses-01/eeg/sub-0012_ses-01_task-MeRest_acq-mr0012_desc-SSDbandsEnv_eeg.pkl')]
        ├── brainstates file: [PosixPath('/data2/Projects/eeg_fmri_natview/chang_data/derivatives/sub-0012/ses-01/brainstates/sub-0012_ses-01_task-MeRest_acq-mr0012_desc-caps_brainstates.pkl')]
        └── eyetracking file: None

Make multimodal dictionary
    brainstates
            duration  : 1467.90 seconds
            time shape: (700,)
            data shape: (9, 700)
            mask shape: (700,)
    eeg
            duration  : 1471.00 seconds
            time shape: (367750,)
            data shape: (29, 367750, 5)
            mask shape: (367750,)

Resample all
    brainstates
            duration  : 1467.64 seconds
            time shape: (5592,)
            data shape: (9, 5592)
            mask shape: (5592,)
    eeg
            duration  : 1470.79 seconds
            time shape: (5604,)
            data shape: (29, 5604, 5)
            mask shape: (5604,)

Trim to min time
    brainstates
            duration  : 1466.85 seconds
            time shape: (5589,)
            data shape: (9, 5589)
            mask shape: (5589,)
    eeg
            duration  : 1466.85 seconds
            time shape: (5589,)
            data shape: (29, 5589, 5)
            mask shape: (5589,)
└── Session: 01
        ├── EEG file        : [PosixPath('/data2/Projects/eeg_fmri_natview/chang_data/derivatives/sub-0012/ses-01/eeg/sub-0012_ses-01_task-MeRest_acq-mr0018_desc-SSDbandsEnv_eeg.pkl')]
        ├── brainstates file: [PosixPath('/data2/Projects/eeg_fmri_natview/chang_data/derivatives/sub-0012/ses-01/brainstates/sub-0012_ses-01_task-MeRest_acq-mr0018_desc-caps_brainstates.pkl')]
        └── eyetracking file: None

Make multimodal dictionary
    brainstates
            duration  : 1467.90 seconds
            time shape: (700,)
            data shape: (9, 700)
            mask shape: (700,)
    eeg
            duration  : 1471.00 seconds
            time shape: (367750,)
            data shape: (29, 367750, 5)
            mask shape: (367750,)

Resample all
    brainstates
            duration  : 1467.64 seconds
            time shape: (5592,)
            data shape: (9, 5592)
            mask shape: (5592,)
    eeg
            duration  : 1470.79 seconds
            time shape: (5604,)
            data shape: (29, 5604, 5)
            mask shape: (5604,)

Trim to min time
    brainstates
            duration  : 1466.85 seconds
            time shape: (5589,)
            data shape: (9, 5589)
            mask shape: (5589,)
    eeg
            duration  : 1466.85 seconds
            time shape: (5589,)
            data shape: (29, 5589, 5)
            mask shape: (5589,)
└── Session: 01
        ├── EEG file        : [PosixPath('/data2/Projects/eeg_fmri_natview/chang_data/derivatives/sub-0012/ses-01/eeg/sub-0012_ses-01_task-MeRest_acq-mr0012_desc-SSDbandsEnv_eeg.pkl')]
        ├── brainstates file: [PosixPath('/data2/Projects/eeg_fmri_natview/chang_data/derivatives/sub-0012/ses-01/brainstates/sub-0012_ses-01_task-MeRest_acq-mr0012_desc-caps_brainstates.pkl')]
        └── eyetracking file: None

Make multimodal dictionary
    brainstates
            duration  : 1467.90 seconds
            time shape: (700,)
            data shape: (9, 700)
            mask shape: (700,)
    eeg
            duration  : 1471.00 seconds
            time shape: (367750,)
            data shape: (29, 367750, 5)
            mask shape: (367750,)

Resample all
    brainstates
            duration  : 1467.64 seconds
            time shape: (5592,)
            data shape: (9, 5592)
            mask shape: (5592,)
    eeg
            duration  : 1470.79 seconds
            time shape: (5604,)
            data shape: (29, 5604, 5)
            mask shape: (5604,)

Trim to min time
    brainstates
            duration  : 1466.85 seconds
            time shape: (5589,)
            data shape: (9, 5589)
            mask shape: (5589,)
    eeg
            duration  : 1466.85 seconds
            time shape: (5589,)
            data shape: (29, 5589, 5)
            mask shape: (5589,)
└── Session: 01
        ├── EEG file        : [PosixPath('/data2/Projects/eeg_fmri_natview/chang_data/derivatives/sub-0012/ses-01/eeg/sub-0012_ses-01_task-MeRest_acq-mr0018_desc-SSDbandsEnv_eeg.pkl')]
        ├── brainstates file: [PosixPath('/data2/Projects/eeg_fmri_natview/chang_data/derivatives/sub-0012/ses-01/brainstates/sub-0012_ses-01_task-MeRest_acq-mr0018_desc-caps_brainstates.pkl')]
        └── eyetracking file: None

Make multimodal dictionary
    brainstates
            duration  : 1467.90 seconds
            time shape: (700,)
            data shape: (9, 700)
            mask shape: (700,)
    eeg
            duration  : 1471.00 seconds
            time shape: (367750,)
            data shape: (29, 367750, 5)
            mask shape: (367750,)

Resample all
    brainstates
            duration  : 1467.64 seconds
            time shape: (5592,)
            data shape: (9, 5592)
            mask shape: (5592,)
    eeg
            duration  : 1470.79 seconds
            time shape: (5604,)
            data shape: (29, 5604, 5)
            mask shape: (5604,)

Trim to min time
    brainstates
            duration  : 1466.85 seconds
            time shape: (5589,)
            data shape: (9, 5589)
            mask shape: (5589,)
    eeg
            duration  : 1466.85 seconds
            time shape: (5589,)
            data shape: (29, 5589, 5)
            mask shape: (5589,)
└── Session: 01
        ├── EEG file        : [PosixPath('/data2/Projects/eeg_fmri_natview/chang_data/derivatives/sub-0012/ses-01/eeg/sub-0012_ses-01_task-MeRest_acq-mr0012_desc-SSDbandsEnv_eeg.pkl')]
        ├── brainstates file: [PosixPath('/data2/Projects/eeg_fmri_natview/chang_data/derivatives/sub-0012/ses-01/brainstates/sub-0012_ses-01_task-MeRest_acq-mr0012_desc-caps_brainstates.pkl')]
        └── eyetracking file: None

Make multimodal dictionary
    brainstates
            duration  : 1467.90 seconds
            time shape: (700,)
            data shape: (9, 700)
            mask shape: (700,)
    eeg
            duration  : 1471.00 seconds
            time shape: (367750,)
            data shape: (29, 367750, 5)
            mask shape: (367750,)

Resample all
    brainstates
            duration  : 1467.64 seconds
            time shape: (5592,)
            data shape: (9, 5592)
            mask shape: (5592,)
    eeg
            duration  : 1470.79 seconds
            time shape: (5604,)
            data shape: (29, 5604, 5)
            mask shape: (5604,)

Trim to min time
    brainstates
            duration  : 1466.85 seconds
            time shape: (5589,)
            data shape: (9, 5589)
            mask shape: (5589,)
    eeg
            duration  : 1466.85 seconds
            time shape: (5589,)
            data shape: (29, 5589, 5)
            mask shape: (5589,)
└── Session: 01
        ├── EEG file        : [PosixPath('/data2/Projects/eeg_fmri_natview/chang_data/derivatives/sub-0012/ses-01/eeg/sub-0012_ses-01_task-MeRest_acq-mr0018_desc-SSDbandsEnv_eeg.pkl')]
        ├── brainstates file: [PosixPath('/data2/Projects/eeg_fmri_natview/chang_data/derivatives/sub-0012/ses-01/brainstates/sub-0012_ses-01_task-MeRest_acq-mr0018_desc-caps_brainstates.pkl')]
        └── eyetracking file: None

Make multimodal dictionary
    brainstates
            duration  : 1467.90 seconds
            time shape: (700,)
            data shape: (9, 700)
            mask shape: (700,)
    eeg
            duration  : 1471.00 seconds
            time shape: (367750,)
            data shape: (29, 367750, 5)
            mask shape: (367750,)

Resample all
    brainstates
            duration  : 1467.64 seconds
            time shape: (5592,)
            data shape: (9, 5592)
            mask shape: (5592,)
    eeg
            duration  : 1470.79 seconds
            time shape: (5604,)
            data shape: (29, 5604, 5)
            mask shape: (5604,)

Trim to min time
    brainstates
            duration  : 1466.85 seconds
            time shape: (5589,)
            data shape: (9, 5589)
            mask shape: (5589,)
    eeg
            duration  : 1466.85 seconds
            time shape: (5589,)
            data shape: (29, 5589, 5)
            mask shape: (5589,)
└── Session: 01
        ├── EEG file        : [PosixPath('/data2/Projects/eeg_fmri_natview/chang_data/derivatives/sub-0012/ses-01/eeg/sub-0012_ses-01_task-MeRest_acq-mr0018_desc-SSDbandsEnv_eeg.pkl')]
        ├── brainstates file: [PosixPath('/data2/Projects/eeg_fmri_natview/chang_data/derivatives/sub-0012/ses-01/brainstates/sub-0012_ses-01_task-MeRest_acq-mr0018_desc-caps_brainstates.pkl')]
        └── eyetracking file: None

Make multimodal dictionary
    brainstates
            duration  : 1467.90 seconds
            time shape: (700,)
            data shape: (9, 700)
            mask shape: (700,)
    eeg
            duration  : 1471.00 seconds
            time shape: (367750,)
            data shape: (29, 367750, 5)
            mask shape: (367750,)

Resample all
    brainstates
            duration  : 1467.64 seconds
            time shape: (5592,)
            data shape: (9, 5592)
            mask shape: (5592,)
    eeg
            duration  : 1470.79 seconds
            time shape: (5604,)
            data shape: (29, 5604, 5)
            mask shape: (5604,)

Trim to min time
    brainstates
            duration  : 1466.85 seconds
            time shape: (5589,)
            data shape: (9, 5589)
            mask shape: (5589,)
    eeg
            duration  : 1466.85 seconds
            time shape: (5589,)
            data shape: (29, 5589, 5)
            mask shape: (5589,)
└── Session: 01
        ├── EEG file        : [PosixPath('/data2/Projects/eeg_fmri_natview/chang_data/derivatives/sub-0012/ses-01/eeg/sub-0012_ses-01_task-MeRest_acq-mr0012_desc-SSDbandsEnv_eeg.pkl')]
        ├── brainstates file: [PosixPath('/data2/Projects/eeg_fmri_natview/chang_data/derivatives/sub-0012/ses-01/brainstates/sub-0012_ses-01_task-MeRest_acq-mr0012_desc-caps_brainstates.pkl')]
        └── eyetracking file: None

Make multimodal dictionary
    brainstates
            duration  : 1467.90 seconds
            time shape: (700,)
            data shape: (9, 700)
            mask shape: (700,)
    eeg
            duration  : 1471.00 seconds
            time shape: (367750,)
            data shape: (29, 367750, 5)
            mask shape: (367750,)

Resample all
    brainstates
            duration  : 1467.64 seconds
            time shape: (5592,)
            data shape: (9, 5592)
            mask shape: (5592,)
    eeg
            duration  : 1470.79 seconds
            time shape: (5604,)
            data shape: (29, 5604, 5)
            mask shape: (5604,)

Trim to min time
    brainstates
            duration  : 1466.85 seconds
            time shape: (5589,)
            data shape: (9, 5589)
            mask shape: (5589,)
    eeg
            duration  : 1466.85 seconds
            time shape: (5589,)
            data shape: (29, 5589, 5)
            mask shape: (5589,)
└── Session: 01
        ├── EEG file        : [PosixPath('/data2/Projects/eeg_fmri_natview/chang_data/derivatives/sub-0012/ses-01/eeg/sub-0012_ses-01_task-MeRest_acq-mr0018_desc-SSDbandsEnv_eeg.pkl')]
        ├── brainstates file: [PosixPath('/data2/Projects/eeg_fmri_natview/chang_data/derivatives/sub-0012/ses-01/brainstates/sub-0012_ses-01_task-MeRest_acq-mr0018_desc-caps_brainstates.pkl')]
        └── eyetracking file: None

Make multimodal dictionary
    brainstates
            duration  : 1467.90 seconds
            time shape: (700,)
            data shape: (9, 700)
            mask shape: (700,)
    eeg
            duration  : 1471.00 seconds
            time shape: (367750,)
            data shape: (29, 367750, 5)
            mask shape: (367750,)

Resample all
    brainstates
            duration  : 1467.64 seconds
            time shape: (5592,)
            data shape: (9, 5592)
            mask shape: (5592,)
    eeg
            duration  : 1470.79 seconds
            time shape: (5604,)
            data shape: (29, 5604, 5)
            mask shape: (5604,)

Trim to min time
    brainstates
            duration  : 1466.85 seconds
            time shape: (5589,)
            data shape: (9, 5589)
            mask shape: (5589,)
    eeg
            duration  : 1466.85 seconds
            time shape: (5589,)
            data shape: (29, 5589, 5)
            mask shape: (5589,)
└── Session: 01
        ├── EEG file        : [PosixPath('/data2/Projects/eeg_fmri_natview/chang_data/derivatives/sub-0012/ses-01/eeg/sub-0012_ses-01_task-MeRest_acq-mr0012_desc-SSDbandsEnv_eeg.pkl')]
        ├── brainstates file: [PosixPath('/data2/Projects/eeg_fmri_natview/chang_data/derivatives/sub-0012/ses-01/brainstates/sub-0012_ses-01_task-MeRest_acq-mr0012_desc-caps_brainstates.pkl')]
        └── eyetracking file: None

Make multimodal dictionary
    brainstates
            duration  : 1467.90 seconds
            time shape: (700,)
            data shape: (9, 700)
            mask shape: (700,)
    eeg
            duration  : 1471.00 seconds
            time shape: (367750,)
            data shape: (29, 367750, 5)
            mask shape: (367750,)

Resample all
    brainstates
            duration  : 1467.64 seconds
            time shape: (5592,)
            data shape: (9, 5592)
            mask shape: (5592,)
    eeg
            duration  : 1470.79 seconds
            time shape: (5604,)
            data shape: (29, 5604, 5)
            mask shape: (5604,)

Trim to min time
    brainstates
            duration  : 1466.85 seconds
            time shape: (5589,)
            data shape: (9, 5589)
            mask shape: (5589,)
    eeg
            duration  : 1466.85 seconds
            time shape: (5589,)
            data shape: (29, 5589, 5)
            mask shape: (5589,)
└── Session: 01
        ├── EEG file        : [PosixPath('/data2/Projects/eeg_fmri_natview/chang_data/derivatives/sub-0012/ses-01/eeg/sub-0012_ses-01_task-MeRest_acq-mr0018_desc-SSDbandsEnv_eeg.pkl')]
        ├── brainstates file: [PosixPath('/data2/Projects/eeg_fmri_natview/chang_data/derivatives/sub-0012/ses-01/brainstates/sub-0012_ses-01_task-MeRest_acq-mr0018_desc-caps_brainstates.pkl')]
        └── eyetracking file: None

Make multimodal dictionary
    brainstates
            duration  : 1467.90 seconds
            time shape: (700,)
            data shape: (9, 700)
            mask shape: (700,)
    eeg
            duration  : 1471.00 seconds
            time shape: (367750,)
            data shape: (29, 367750, 5)
            mask shape: (367750,)

Resample all
    brainstates
            duration  : 1467.64 seconds
            time shape: (5592,)
            data shape: (9, 5592)
            mask shape: (5592,)
    eeg
            duration  : 1470.79 seconds
            time shape: (5604,)
            data shape: (29, 5604, 5)
            mask shape: (5604,)

Trim to min time
    brainstates
            duration  : 1466.85 seconds
            time shape: (5589,)
            data shape: (9, 5589)
            mask shape: (5589,)
    eeg
            duration  : 1466.85 seconds
            time shape: (5589,)
            data shape: (29, 5589, 5)
            mask shape: (5589,)
└── Session: 01
        ├── EEG file        : [PosixPath('/data2/Projects/eeg_fmri_natview/chang_data/derivatives/sub-0012/ses-01/eeg/sub-0012_ses-01_task-MeRest_acq-mr0012_desc-SSDbandsEnv_eeg.pkl')]
        ├── brainstates file: [PosixPath('/data2/Projects/eeg_fmri_natview/chang_data/derivatives/sub-0012/ses-01/brainstates/sub-0012_ses-01_task-MeRest_acq-mr0012_desc-caps_brainstates.pkl')]
        └── eyetracking file: None

Make multimodal dictionary
    brainstates
            duration  : 1467.90 seconds
            time shape: (700,)
            data shape: (9, 700)
            mask shape: (700,)
    eeg
            duration  : 1471.00 seconds
            time shape: (367750,)
            data shape: (29, 367750, 5)
            mask shape: (367750,)

Resample all
    brainstates
            duration  : 1467.64 seconds
            time shape: (5592,)
            data shape: (9, 5592)
            mask shape: (5592,)
    eeg
            duration  : 1470.79 seconds
            time shape: (5604,)
            data shape: (29, 5604, 5)
            mask shape: (5604,)

Trim to min time
    brainstates
            duration  : 1466.85 seconds
            time shape: (5589,)
            data shape: (9, 5589)
            mask shape: (5589,)
    eeg
            duration  : 1466.85 seconds
            time shape: (5589,)
            data shape: (29, 5589, 5)
            mask shape: (5589,)
└── Session: 01
        ├── EEG file        : [PosixPath('/data2/Projects/eeg_fmri_natview/chang_data/derivatives/sub-0014/ses-01/eeg/sub-0014_ses-01_task-MeRest_acq-mr0018_desc-SSDbandsEnv_eeg.pkl')]
        ├── brainstates file: [PosixPath('/data2/Projects/eeg_fmri_natview/chang_data/derivatives/sub-0014/ses-01/brainstates/sub-0014_ses-01_task-MeRest_acq-mr0018_desc-caps_brainstates.pkl')]
        └── eyetracking file: None

Make multimodal dictionary
    brainstates
            duration  : 1467.90 seconds
            time shape: (700,)
            data shape: (9, 700)
            mask shape: (700,)
    eeg
            duration  : 1471.00 seconds
            time shape: (367750,)
            data shape: (29, 367750, 5)
            mask shape: (367750,)

Resample all
    brainstates
            duration  : 1467.64 seconds
            time shape: (5592,)
            data shape: (9, 5592)
            mask shape: (5592,)
    eeg
            duration  : 1470.79 seconds
            time shape: (5604,)
            data shape: (29, 5604, 5)
            mask shape: (5604,)

Trim to min time
    brainstates
            duration  : 1466.85 seconds
            time shape: (5589,)
            data shape: (9, 5589)
            mask shape: (5589,)
    eeg
            duration  : 1466.85 seconds
            time shape: (5589,)
            data shape: (29, 5589, 5)
            mask shape: (5589,)
└── Session: 01
        ├── EEG file        : [PosixPath('/data2/Projects/eeg_fmri_natview/chang_data/derivatives/sub-0014/ses-01/eeg/sub-0014_ses-01_task-MeRest_acq-mr0018_desc-SSDbandsEnv_eeg.pkl')]
        ├── brainstates file: [PosixPath('/data2/Projects/eeg_fmri_natview/chang_data/derivatives/sub-0014/ses-01/brainstates/sub-0014_ses-01_task-MeRest_acq-mr0018_desc-caps_brainstates.pkl')]
        └── eyetracking file: None

Make multimodal dictionary
    brainstates
            duration  : 1467.90 seconds
            time shape: (700,)
            data shape: (9, 700)
            mask shape: (700,)
    eeg
            duration  : 1471.00 seconds
            time shape: (367750,)
            data shape: (29, 367750, 5)
            mask shape: (367750,)

Resample all
    brainstates
            duration  : 1467.64 seconds
            time shape: (5592,)
            data shape: (9, 5592)
            mask shape: (5592,)
    eeg
            duration  : 1470.79 seconds
            time shape: (5604,)
            data shape: (29, 5604, 5)
            mask shape: (5604,)

Trim to min time
    brainstates
            duration  : 1466.85 seconds
            time shape: (5589,)
            data shape: (9, 5589)
            mask shape: (5589,)
    eeg
            duration  : 1466.85 seconds
            time shape: (5589,)
            data shape: (29, 5589, 5)
            mask shape: (5589,)
└── Session: 01
        ├── EEG file        : [PosixPath('/data2/Projects/eeg_fmri_natview/chang_data/derivatives/sub-0014/ses-01/eeg/sub-0014_ses-01_task-MeRest_acq-mr0012_desc-SSDbandsEnv_eeg.pkl')]
        ├── brainstates file: [PosixPath('/data2/Projects/eeg_fmri_natview/chang_data/derivatives/sub-0014/ses-01/brainstates/sub-0014_ses-01_task-MeRest_acq-mr0012_desc-caps_brainstates.pkl')]
        └── eyetracking file: None

Make multimodal dictionary
    brainstates
            duration  : 1467.90 seconds
            time shape: (700,)
            data shape: (9, 700)
            mask shape: (700,)
    eeg
            duration  : 1471.00 seconds
            time shape: (367750,)
            data shape: (29, 367750, 5)
            mask shape: (367750,)

Resample all
    brainstates
            duration  : 1467.64 seconds
            time shape: (5592,)
            data shape: (9, 5592)
            mask shape: (5592,)
    eeg
            duration  : 1470.79 seconds
            time shape: (5604,)
            data shape: (29, 5604, 5)
            mask shape: (5604,)

Trim to min time
    brainstates
            duration  : 1466.85 seconds
            time shape: (5589,)
            data shape: (9, 5589)
            mask shape: (5589,)
    eeg
            duration  : 1466.85 seconds
            time shape: (5589,)
            data shape: (29, 5589, 5)
            mask shape: (5589,)
└── Session: 01
        ├── EEG file        : [PosixPath('/data2/Projects/eeg_fmri_natview/chang_data/derivatives/sub-0014/ses-01/eeg/sub-0014_ses-01_task-MeRest_acq-mr0012_desc-SSDbandsEnv_eeg.pkl')]
        ├── brainstates file: [PosixPath('/data2/Projects/eeg_fmri_natview/chang_data/derivatives/sub-0014/ses-01/brainstates/sub-0014_ses-01_task-MeRest_acq-mr0012_desc-caps_brainstates.pkl')]
        └── eyetracking file: None

Make multimodal dictionary
    brainstates
            duration  : 1467.90 seconds
            time shape: (700,)
            data shape: (9, 700)
            mask shape: (700,)
    eeg
            duration  : 1471.00 seconds
            time shape: (367750,)
            data shape: (29, 367750, 5)
            mask shape: (367750,)

Resample all
    brainstates
            duration  : 1467.64 seconds
            time shape: (5592,)
            data shape: (9, 5592)
            mask shape: (5592,)
    eeg
            duration  : 1470.79 seconds
            time shape: (5604,)
            data shape: (29, 5604, 5)
            mask shape: (5604,)

Trim to min time
    brainstates
            duration  : 1466.85 seconds
            time shape: (5589,)
            data shape: (9, 5589)
            mask shape: (5589,)
    eeg
            duration  : 1466.85 seconds
            time shape: (5589,)
            data shape: (29, 5589, 5)
            mask shape: (5589,)
└── Session: 01
        ├── EEG file        : [PosixPath('/data2/Projects/eeg_fmri_natview/chang_data/derivatives/sub-0014/ses-01/eeg/sub-0014_ses-01_task-MeRest_acq-mr0012_desc-SSDbandsEnv_eeg.pkl')]
        ├── brainstates file: [PosixPath('/data2/Projects/eeg_fmri_natview/chang_data/derivatives/sub-0014/ses-01/brainstates/sub-0014_ses-01_task-MeRest_acq-mr0012_desc-caps_brainstates.pkl')]
        └── eyetracking file: None

Make multimodal dictionary
    brainstates
            duration  : 1467.90 seconds
            time shape: (700,)
            data shape: (9, 700)
            mask shape: (700,)
    eeg
            duration  : 1471.00 seconds
            time shape: (367750,)
            data shape: (29, 367750, 5)
            mask shape: (367750,)

Resample all
    brainstates
            duration  : 1467.64 seconds
            time shape: (5592,)
            data shape: (9, 5592)
            mask shape: (5592,)
    eeg
            duration  : 1470.79 seconds
            time shape: (5604,)
            data shape: (29, 5604, 5)
            mask shape: (5604,)

Trim to min time
    brainstates
            duration  : 1466.85 seconds
            time shape: (5589,)
            data shape: (9, 5589)
            mask shape: (5589,)
    eeg
            duration  : 1466.85 seconds
            time shape: (5589,)
            data shape: (29, 5589, 5)
            mask shape: (5589,)
└── Session: 01
        ├── EEG file        : [PosixPath('/data2/Projects/eeg_fmri_natview/chang_data/derivatives/sub-0014/ses-01/eeg/sub-0014_ses-01_task-MeRest_acq-mr0018_desc-SSDbandsEnv_eeg.pkl')]
        ├── brainstates file: [PosixPath('/data2/Projects/eeg_fmri_natview/chang_data/derivatives/sub-0014/ses-01/brainstates/sub-0014_ses-01_task-MeRest_acq-mr0018_desc-caps_brainstates.pkl')]
        └── eyetracking file: None

Make multimodal dictionary
    brainstates
            duration  : 1467.90 seconds
            time shape: (700,)
            data shape: (9, 700)
            mask shape: (700,)
    eeg
            duration  : 1471.00 seconds
            time shape: (367750,)
            data shape: (29, 367750, 5)
            mask shape: (367750,)

Resample all
    brainstates
            duration  : 1467.64 seconds
            time shape: (5592,)
            data shape: (9, 5592)
            mask shape: (5592,)
    eeg
            duration  : 1470.79 seconds
            time shape: (5604,)
            data shape: (29, 5604, 5)
            mask shape: (5604,)

Trim to min time
    brainstates
            duration  : 1466.85 seconds
            time shape: (5589,)
            data shape: (9, 5589)
            mask shape: (5589,)
    eeg
            duration  : 1466.85 seconds
            time shape: (5589,)
            data shape: (29, 5589, 5)
            mask shape: (5589,)
└── Session: 01
        ├── EEG file        : [PosixPath('/data2/Projects/eeg_fmri_natview/chang_data/derivatives/sub-0014/ses-01/eeg/sub-0014_ses-01_task-MeRest_acq-mr0012_desc-SSDbandsEnv_eeg.pkl')]
        ├── brainstates file: [PosixPath('/data2/Projects/eeg_fmri_natview/chang_data/derivatives/sub-0014/ses-01/brainstates/sub-0014_ses-01_task-MeRest_acq-mr0012_desc-caps_brainstates.pkl')]
        └── eyetracking file: None

Make multimodal dictionary
    brainstates
            duration  : 1467.90 seconds
            time shape: (700,)
            data shape: (9, 700)
            mask shape: (700,)
    eeg
            duration  : 1471.00 seconds
            time shape: (367750,)
            data shape: (29, 367750, 5)
            mask shape: (367750,)

Resample all
    brainstates
            duration  : 1467.64 seconds
            time shape: (5592,)
            data shape: (9, 5592)
            mask shape: (5592,)
    eeg
            duration  : 1470.79 seconds
            time shape: (5604,)
            data shape: (29, 5604, 5)
            mask shape: (5604,)

Trim to min time
    brainstates
            duration  : 1466.85 seconds
            time shape: (5589,)
            data shape: (9, 5589)
            mask shape: (5589,)
    eeg
            duration  : 1466.85 seconds
            time shape: (5589,)
            data shape: (29, 5589, 5)
            mask shape: (5589,)
└── Session: 01
        ├── EEG file        : [PosixPath('/data2/Projects/eeg_fmri_natview/chang_data/derivatives/sub-0014/ses-01/eeg/sub-0014_ses-01_task-MeRest_acq-mr0018_desc-SSDbandsEnv_eeg.pkl')]
        ├── brainstates file: [PosixPath('/data2/Projects/eeg_fmri_natview/chang_data/derivatives/sub-0014/ses-01/brainstates/sub-0014_ses-01_task-MeRest_acq-mr0018_desc-caps_brainstates.pkl')]
        └── eyetracking file: None

Make multimodal dictionary
    brainstates
            duration  : 1467.90 seconds
            time shape: (700,)
            data shape: (9, 700)
            mask shape: (700,)
    eeg
            duration  : 1471.00 seconds
            time shape: (367750,)
            data shape: (29, 367750, 5)
            mask shape: (367750,)

Resample all
    brainstates
            duration  : 1467.64 seconds
            time shape: (5592,)
            data shape: (9, 5592)
            mask shape: (5592,)
    eeg
            duration  : 1470.79 seconds
            time shape: (5604,)
            data shape: (29, 5604, 5)
            mask shape: (5604,)

Trim to min time
    brainstates
            duration  : 1466.85 seconds
            time shape: (5589,)
            data shape: (9, 5589)
            mask shape: (5589,)
    eeg
            duration  : 1466.85 seconds
            time shape: (5589,)
            data shape: (29, 5589, 5)
            mask shape: (5589,)
└── Session: 01
        ├── EEG file        : [PosixPath('/data2/Projects/eeg_fmri_natview/chang_data/derivatives/sub-0014/ses-01/eeg/sub-0014_ses-01_task-MeRest_acq-mr0012_desc-SSDbandsEnv_eeg.pkl')]
        ├── brainstates file: [PosixPath('/data2/Projects/eeg_fmri_natview/chang_data/derivatives/sub-0014/ses-01/brainstates/sub-0014_ses-01_task-MeRest_acq-mr0012_desc-caps_brainstates.pkl')]
        └── eyetracking file: None

Make multimodal dictionary
    brainstates
            duration  : 1467.90 seconds
            time shape: (700,)
            data shape: (9, 700)
            mask shape: (700,)
    eeg
            duration  : 1471.00 seconds
            time shape: (367750,)
            data shape: (29, 367750, 5)
            mask shape: (367750,)

Resample all
    brainstates
            duration  : 1467.64 seconds
            time shape: (5592,)
            data shape: (9, 5592)
            mask shape: (5592,)
    eeg
            duration  : 1470.79 seconds
            time shape: (5604,)
            data shape: (29, 5604, 5)
            mask shape: (5604,)

Trim to min time
    brainstates
            duration  : 1466.85 seconds
            time shape: (5589,)
            data shape: (9, 5589)
            mask shape: (5589,)
    eeg
            duration  : 1466.85 seconds
            time shape: (5589,)
            data shape: (29, 5589, 5)
            mask shape: (5589,)
└── Session: 01
        ├── EEG file        : [PosixPath('/data2/Projects/eeg_fmri_natview/chang_data/derivatives/sub-0014/ses-01/eeg/sub-0014_ses-01_task-MeRest_acq-mr0018_desc-SSDbandsEnv_eeg.pkl')]
        ├── brainstates file: [PosixPath('/data2/Projects/eeg_fmri_natview/chang_data/derivatives/sub-0014/ses-01/brainstates/sub-0014_ses-01_task-MeRest_acq-mr0018_desc-caps_brainstates.pkl')]
        └── eyetracking file: None

Make multimodal dictionary
    brainstates
            duration  : 1467.90 seconds
            time shape: (700,)
            data shape: (9, 700)
            mask shape: (700,)
    eeg
            duration  : 1471.00 seconds
            time shape: (367750,)
            data shape: (29, 367750, 5)
            mask shape: (367750,)

Resample all
    brainstates
            duration  : 1467.64 seconds
            time shape: (5592,)
            data shape: (9, 5592)
            mask shape: (5592,)
    eeg
            duration  : 1470.79 seconds
            time shape: (5604,)
            data shape: (29, 5604, 5)
            mask shape: (5604,)

Trim to min time
    brainstates
            duration  : 1466.85 seconds
            time shape: (5589,)
            data shape: (9, 5589)
            mask shape: (5589,)
    eeg
            duration  : 1466.85 seconds
            time shape: (5589,)
            data shape: (29, 5589, 5)
            mask shape: (5589,)
└── Session: 01
        ├── EEG file        : [PosixPath('/data2/Projects/eeg_fmri_natview/chang_data/derivatives/sub-0014/ses-01/eeg/sub-0014_ses-01_task-MeRest_acq-mr0012_desc-SSDbandsEnv_eeg.pkl')]
        ├── brainstates file: [PosixPath('/data2/Projects/eeg_fmri_natview/chang_data/derivatives/sub-0014/ses-01/brainstates/sub-0014_ses-01_task-MeRest_acq-mr0012_desc-caps_brainstates.pkl')]
        └── eyetracking file: None

Make multimodal dictionary
    brainstates
            duration  : 1467.90 seconds
            time shape: (700,)
            data shape: (9, 700)
            mask shape: (700,)
    eeg
            duration  : 1471.00 seconds
            time shape: (367750,)
            data shape: (29, 367750, 5)
            mask shape: (367750,)

Resample all
    brainstates
            duration  : 1467.64 seconds
            time shape: (5592,)
            data shape: (9, 5592)
            mask shape: (5592,)
    eeg
            duration  : 1470.79 seconds
            time shape: (5604,)
            data shape: (29, 5604, 5)
            mask shape: (5604,)

Trim to min time
    brainstates
            duration  : 1466.85 seconds
            time shape: (5589,)
            data shape: (9, 5589)
            mask shape: (5589,)
    eeg
            duration  : 1466.85 seconds
            time shape: (5589,)
            data shape: (29, 5589, 5)
            mask shape: (5589,)
└── Session: 01
        ├── EEG file        : [PosixPath('/data2/Projects/eeg_fmri_natview/chang_data/derivatives/sub-0014/ses-01/eeg/sub-0014_ses-01_task-MeRest_acq-mr0018_desc-SSDbandsEnv_eeg.pkl')]
        ├── brainstates file: [PosixPath('/data2/Projects/eeg_fmri_natview/chang_data/derivatives/sub-0014/ses-01/brainstates/sub-0014_ses-01_task-MeRest_acq-mr0018_desc-caps_brainstates.pkl')]
        └── eyetracking file: None

Make multimodal dictionary
    brainstates
            duration  : 1467.90 seconds
            time shape: (700,)
            data shape: (9, 700)
            mask shape: (700,)
    eeg
            duration  : 1471.00 seconds
            time shape: (367750,)
            data shape: (29, 367750, 5)
            mask shape: (367750,)

Resample all
    brainstates
            duration  : 1467.64 seconds
            time shape: (5592,)
            data shape: (9, 5592)
            mask shape: (5592,)
    eeg
            duration  : 1470.79 seconds
            time shape: (5604,)
            data shape: (29, 5604, 5)
            mask shape: (5604,)

Trim to min time
    brainstates
            duration  : 1466.85 seconds
            time shape: (5589,)
            data shape: (9, 5589)
            mask shape: (5589,)
    eeg
            duration  : 1466.85 seconds
            time shape: (5589,)
            data shape: (29, 5589, 5)
            mask shape: (5589,)
└── Session: 01
        ├── EEG file        : [PosixPath('/data2/Projects/eeg_fmri_natview/chang_data/derivatives/sub-0014/ses-01/eeg/sub-0014_ses-01_task-MeRest_acq-mr0012_desc-SSDbandsEnv_eeg.pkl')]
        ├── brainstates file: [PosixPath('/data2/Projects/eeg_fmri_natview/chang_data/derivatives/sub-0014/ses-01/brainstates/sub-0014_ses-01_task-MeRest_acq-mr0012_desc-caps_brainstates.pkl')]
        └── eyetracking file: None

Make multimodal dictionary
    brainstates
            duration  : 1467.90 seconds
            time shape: (700,)
            data shape: (9, 700)
            mask shape: (700,)
    eeg
            duration  : 1471.00 seconds
            time shape: (367750,)
            data shape: (29, 367750, 5)
            mask shape: (367750,)

Resample all
    brainstates
            duration  : 1467.64 seconds
            time shape: (5592,)
            data shape: (9, 5592)
            mask shape: (5592,)
    eeg
            duration  : 1470.79 seconds
            time shape: (5604,)
            data shape: (29, 5604, 5)
            mask shape: (5604,)

Trim to min time
    brainstates
            duration  : 1466.85 seconds
            time shape: (5589,)
            data shape: (9, 5589)
            mask shape: (5589,)
    eeg
            duration  : 1466.85 seconds
            time shape: (5589,)
            data shape: (29, 5589, 5)
            mask shape: (5589,)
└── Session: 01
        ├── EEG file        : [PosixPath('/data2/Projects/eeg_fmri_natview/chang_data/derivatives/sub-0014/ses-01/eeg/sub-0014_ses-01_task-MeRest_acq-mr0018_desc-SSDbandsEnv_eeg.pkl')]
        ├── brainstates file: [PosixPath('/data2/Projects/eeg_fmri_natview/chang_data/derivatives/sub-0014/ses-01/brainstates/sub-0014_ses-01_task-MeRest_acq-mr0018_desc-caps_brainstates.pkl')]
        └── eyetracking file: None

Make multimodal dictionary
    brainstates
            duration  : 1467.90 seconds
            time shape: (700,)
            data shape: (9, 700)
            mask shape: (700,)
    eeg
            duration  : 1471.00 seconds
            time shape: (367750,)
            data shape: (29, 367750, 5)
            mask shape: (367750,)

Resample all
    brainstates
            duration  : 1467.64 seconds
            time shape: (5592,)
            data shape: (9, 5592)
            mask shape: (5592,)
    eeg
            duration  : 1470.79 seconds
            time shape: (5604,)
            data shape: (29, 5604, 5)
            mask shape: (5604,)

Trim to min time
    brainstates
            duration  : 1466.85 seconds
            time shape: (5589,)
            data shape: (9, 5589)
            mask shape: (5589,)
    eeg
            duration  : 1466.85 seconds
            time shape: (5589,)
            data shape: (29, 5589, 5)
            mask shape: (5589,)
└── Session: 01
        ├── EEG file        : [PosixPath('/data2/Projects/eeg_fmri_natview/chang_data/derivatives/sub-0014/ses-01/eeg/sub-0014_ses-01_task-MeRest_acq-mr0018_desc-SSDbandsEnv_eeg.pkl')]
        ├── brainstates file: [PosixPath('/data2/Projects/eeg_fmri_natview/chang_data/derivatives/sub-0014/ses-01/brainstates/sub-0014_ses-01_task-MeRest_acq-mr0018_desc-caps_brainstates.pkl')]
        └── eyetracking file: None

Make multimodal dictionary
    brainstates
            duration  : 1467.90 seconds
            time shape: (700,)
            data shape: (9, 700)
            mask shape: (700,)
    eeg
            duration  : 1471.00 seconds
            time shape: (367750,)
            data shape: (29, 367750, 5)
            mask shape: (367750,)

Resample all
    brainstates
            duration  : 1467.64 seconds
            time shape: (5592,)
            data shape: (9, 5592)
            mask shape: (5592,)
    eeg
            duration  : 1470.79 seconds
            time shape: (5604,)
            data shape: (29, 5604, 5)
            mask shape: (5604,)

Trim to min time
    brainstates
            duration  : 1466.85 seconds
            time shape: (5589,)
            data shape: (9, 5589)
            mask shape: (5589,)
    eeg
            duration  : 1466.85 seconds
            time shape: (5589,)
            data shape: (29, 5589, 5)
            mask shape: (5589,)
└── Session: 01
        ├── EEG file        : [PosixPath('/data2/Projects/eeg_fmri_natview/chang_data/derivatives/sub-0014/ses-01/eeg/sub-0014_ses-01_task-MeRest_acq-mr0012_desc-SSDbandsEnv_eeg.pkl')]
        ├── brainstates file: [PosixPath('/data2/Projects/eeg_fmri_natview/chang_data/derivatives/sub-0014/ses-01/brainstates/sub-0014_ses-01_task-MeRest_acq-mr0012_desc-caps_brainstates.pkl')]
        └── eyetracking file: None

Make multimodal dictionary
    brainstates
            duration  : 1467.90 seconds
            time shape: (700,)
            data shape: (9, 700)
            mask shape: (700,)
    eeg
            duration  : 1471.00 seconds
            time shape: (367750,)
            data shape: (29, 367750, 5)
            mask shape: (367750,)

Resample all
    brainstates
            duration  : 1467.64 seconds
            time shape: (5592,)
            data shape: (9, 5592)
            mask shape: (5592,)
    eeg
            duration  : 1470.79 seconds
            time shape: (5604,)
            data shape: (29, 5604, 5)
            mask shape: (5604,)

Trim to min time
    brainstates
            duration  : 1466.85 seconds
            time shape: (5589,)
            data shape: (9, 5589)
            mask shape: (5589,)
    eeg
            duration  : 1466.85 seconds
            time shape: (5589,)
            data shape: (29, 5589, 5)
            mask shape: (5589,)
└── Session: 01
        ├── EEG file        : [PosixPath('/data2/Projects/eeg_fmri_natview/chang_data/derivatives/sub-0014/ses-01/eeg/sub-0014_ses-01_task-MeRest_acq-mr0018_desc-SSDbandsEnv_eeg.pkl')]
        ├── brainstates file: [PosixPath('/data2/Projects/eeg_fmri_natview/chang_data/derivatives/sub-0014/ses-01/brainstates/sub-0014_ses-01_task-MeRest_acq-mr0018_desc-caps_brainstates.pkl')]
        └── eyetracking file: None

Make multimodal dictionary
    brainstates
            duration  : 1467.90 seconds
            time shape: (700,)
            data shape: (9, 700)
            mask shape: (700,)
    eeg
            duration  : 1471.00 seconds
            time shape: (367750,)
            data shape: (29, 367750, 5)
            mask shape: (367750,)

Resample all
    brainstates
            duration  : 1467.64 seconds
            time shape: (5592,)
            data shape: (9, 5592)
            mask shape: (5592,)
    eeg
            duration  : 1470.79 seconds
            time shape: (5604,)
            data shape: (29, 5604, 5)
            mask shape: (5604,)

Trim to min time
    brainstates
            duration  : 1466.85 seconds
            time shape: (5589,)
            data shape: (9, 5589)
            mask shape: (5589,)
    eeg
            duration  : 1466.85 seconds
            time shape: (5589,)
            data shape: (29, 5589, 5)
            mask shape: (5589,)
└── Session: 01
        ├── EEG file        : [PosixPath('/data2/Projects/eeg_fmri_natview/chang_data/derivatives/sub-0014/ses-01/eeg/sub-0014_ses-01_task-MeRest_acq-mr0012_desc-SSDbandsEnv_eeg.pkl')]
        ├── brainstates file: [PosixPath('/data2/Projects/eeg_fmri_natview/chang_data/derivatives/sub-0014/ses-01/brainstates/sub-0014_ses-01_task-MeRest_acq-mr0012_desc-caps_brainstates.pkl')]
        └── eyetracking file: None

Make multimodal dictionary
    brainstates
            duration  : 1467.90 seconds
            time shape: (700,)
            data shape: (9, 700)
            mask shape: (700,)
    eeg
            duration  : 1471.00 seconds
            time shape: (367750,)
            data shape: (29, 367750, 5)
            mask shape: (367750,)

Resample all
    brainstates
            duration  : 1467.64 seconds
            time shape: (5592,)
            data shape: (9, 5592)
            mask shape: (5592,)
    eeg
            duration  : 1470.79 seconds
            time shape: (5604,)
            data shape: (29, 5604, 5)
            mask shape: (5604,)

Trim to min time
    brainstates
            duration  : 1466.85 seconds
            time shape: (5589,)
            data shape: (9, 5589)
            mask shape: (5589,)
    eeg
            duration  : 1466.85 seconds
            time shape: (5589,)
            data shape: (29, 5589, 5)
            mask shape: (5589,)
└── Session: 01
        ├── EEG file        : [PosixPath('/data2/Projects/eeg_fmri_natview/chang_data/derivatives/sub-0014/ses-01/eeg/sub-0014_ses-01_task-MeRest_acq-mr0018_desc-SSDbandsEnv_eeg.pkl')]
        ├── brainstates file: [PosixPath('/data2/Projects/eeg_fmri_natview/chang_data/derivatives/sub-0014/ses-01/brainstates/sub-0014_ses-01_task-MeRest_acq-mr0018_desc-caps_brainstates.pkl')]
        └── eyetracking file: None

Make multimodal dictionary
    brainstates
            duration  : 1467.90 seconds
            time shape: (700,)
            data shape: (9, 700)
            mask shape: (700,)
    eeg
            duration  : 1471.00 seconds
            time shape: (367750,)
            data shape: (29, 367750, 5)
            mask shape: (367750,)

Resample all
    brainstates
            duration  : 1467.64 seconds
            time shape: (5592,)
            data shape: (9, 5592)
            mask shape: (5592,)
    eeg
            duration  : 1470.79 seconds
            time shape: (5604,)
            data shape: (29, 5604, 5)
            mask shape: (5604,)

Trim to min time
    brainstates
            duration  : 1466.85 seconds
            time shape: (5589,)
            data shape: (9, 5589)
            mask shape: (5589,)
    eeg
            duration  : 1466.85 seconds
            time shape: (5589,)
            data shape: (29, 5589, 5)
            mask shape: (5589,)
└── Session: 01
        ├── EEG file        : [PosixPath('/data2/Projects/eeg_fmri_natview/chang_data/derivatives/sub-0014/ses-01/eeg/sub-0014_ses-01_task-MeRest_acq-mr0012_desc-SSDbandsEnv_eeg.pkl')]
        ├── brainstates file: [PosixPath('/data2/Projects/eeg_fmri_natview/chang_data/derivatives/sub-0014/ses-01/brainstates/sub-0014_ses-01_task-MeRest_acq-mr0012_desc-caps_brainstates.pkl')]
        └── eyetracking file: None

Make multimodal dictionary
    brainstates
            duration  : 1467.90 seconds
            time shape: (700,)
            data shape: (9, 700)
            mask shape: (700,)
    eeg
            duration  : 1471.00 seconds
            time shape: (367750,)
            data shape: (29, 367750, 5)
            mask shape: (367750,)

Resample all
    brainstates
            duration  : 1467.64 seconds
            time shape: (5592,)
            data shape: (9, 5592)
            mask shape: (5592,)
    eeg
            duration  : 1470.79 seconds
            time shape: (5604,)
            data shape: (29, 5604, 5)
            mask shape: (5604,)

Trim to min time
    brainstates
            duration  : 1466.85 seconds
            time shape: (5589,)
            data shape: (9, 5589)
            mask shape: (5589,)
    eeg
            duration  : 1466.85 seconds
            time shape: (5589,)
            data shape: (29, 5589, 5)
            mask shape: (5589,)
└── Session: 01
        ├── EEG file        : [PosixPath('/data2/Projects/eeg_fmri_natview/chang_data/derivatives/sub-0016/ses-01/eeg/sub-0016_ses-01_task-MeRest_acq-mr0006_desc-SSDbandsEnv_eeg.pkl')]
        ├── brainstates file: [PosixPath('/data2/Projects/eeg_fmri_natview/chang_data/derivatives/sub-0016/ses-01/brainstates/sub-0016_ses-01_task-MeRest_acq-mr0006_desc-caps_brainstates.pkl')]
        └── eyetracking file: None

Make multimodal dictionary
    brainstates
            duration  : 1467.90 seconds
            time shape: (700,)
            data shape: (9, 700)
            mask shape: (700,)
    eeg
            duration  : 1471.00 seconds
            time shape: (367750,)
            data shape: (29, 367750, 5)
            mask shape: (367750,)

Resample all
    brainstates
            duration  : 1467.64 seconds
            time shape: (5592,)
            data shape: (9, 5592)
            mask shape: (5592,)
    eeg
            duration  : 1470.79 seconds
            time shape: (5604,)
            data shape: (29, 5604, 5)
            mask shape: (5604,)

Trim to min time
    brainstates
            duration  : 1466.85 seconds
            time shape: (5589,)
            data shape: (9, 5589)
            mask shape: (5589,)
    eeg
            duration  : 1466.85 seconds
            time shape: (5589,)
            data shape: (29, 5589, 5)
            mask shape: (5589,)
└── Session: 01
        ├── EEG file        : [PosixPath('/data2/Projects/eeg_fmri_natview/chang_data/derivatives/sub-0016/ses-01/eeg/sub-0016_ses-01_task-MeRest_acq-mr0006_desc-SSDbandsEnv_eeg.pkl')]
        ├── brainstates file: [PosixPath('/data2/Projects/eeg_fmri_natview/chang_data/derivatives/sub-0016/ses-01/brainstates/sub-0016_ses-01_task-MeRest_acq-mr0006_desc-caps_brainstates.pkl')]
        └── eyetracking file: None

Make multimodal dictionary
    brainstates
            duration  : 1467.90 seconds
            time shape: (700,)
            data shape: (9, 700)
            mask shape: (700,)
    eeg
            duration  : 1471.00 seconds
            time shape: (367750,)
            data shape: (29, 367750, 5)
            mask shape: (367750,)

Resample all
    brainstates
            duration  : 1467.64 seconds
            time shape: (5592,)
            data shape: (9, 5592)
            mask shape: (5592,)
    eeg
            duration  : 1470.79 seconds
            time shape: (5604,)
            data shape: (29, 5604, 5)
            mask shape: (5604,)

Trim to min time
    brainstates
            duration  : 1466.85 seconds
            time shape: (5589,)
            data shape: (9, 5589)
            mask shape: (5589,)
    eeg
            duration  : 1466.85 seconds
            time shape: (5589,)
            data shape: (29, 5589, 5)
            mask shape: (5589,)
└── Session: 01
        ├── EEG file        : [PosixPath('/data2/Projects/eeg_fmri_natview/chang_data/derivatives/sub-0016/ses-01/eeg/sub-0016_ses-01_task-MeRest_acq-mr0015_desc-SSDbandsEnv_eeg.pkl')]
        ├── brainstates file: [PosixPath('/data2/Projects/eeg_fmri_natview/chang_data/derivatives/sub-0016/ses-01/brainstates/sub-0016_ses-01_task-MeRest_acq-mr0015_desc-caps_brainstates.pkl')]
        └── eyetracking file: None

Make multimodal dictionary
    brainstates
            duration  : 1467.90 seconds
            time shape: (700,)
            data shape: (9, 700)
            mask shape: (700,)
    eeg
            duration  : 1470.00 seconds
            time shape: (367500,)
            data shape: (29, 367500, 5)
            mask shape: (367500,)

Resample all
    brainstates
            duration  : 1467.64 seconds
            time shape: (5592,)
            data shape: (9, 5592)
            mask shape: (5592,)
    eeg
            duration  : 1469.74 seconds
            time shape: (5600,)
            data shape: (29, 5600, 5)
            mask shape: (5600,)

Trim to min time
    brainstates
            duration  : 1466.85 seconds
            time shape: (5589,)
            data shape: (9, 5589)
            mask shape: (5589,)
    eeg
            duration  : 1466.85 seconds
            time shape: (5589,)
            data shape: (29, 5589, 5)
            mask shape: (5589,)
└── Session: 01
        ├── EEG file        : [PosixPath('/data2/Projects/eeg_fmri_natview/chang_data/derivatives/sub-0016/ses-01/eeg/sub-0016_ses-01_task-MeRest_acq-mr0015_desc-SSDbandsEnv_eeg.pkl')]
        ├── brainstates file: [PosixPath('/data2/Projects/eeg_fmri_natview/chang_data/derivatives/sub-0016/ses-01/brainstates/sub-0016_ses-01_task-MeRest_acq-mr0015_desc-caps_brainstates.pkl')]
        └── eyetracking file: None

Make multimodal dictionary
    brainstates
            duration  : 1467.90 seconds
            time shape: (700,)
            data shape: (9, 700)
            mask shape: (700,)
    eeg
            duration  : 1470.00 seconds
            time shape: (367500,)
            data shape: (29, 367500, 5)
            mask shape: (367500,)

Resample all
    brainstates
            duration  : 1467.64 seconds
            time shape: (5592,)
            data shape: (9, 5592)
            mask shape: (5592,)
    eeg
            duration  : 1469.74 seconds
            time shape: (5600,)
            data shape: (29, 5600, 5)
            mask shape: (5600,)

Trim to min time
    brainstates
            duration  : 1466.85 seconds
            time shape: (5589,)
            data shape: (9, 5589)
            mask shape: (5589,)
    eeg
            duration  : 1466.85 seconds
            time shape: (5589,)
            data shape: (29, 5589, 5)
            mask shape: (5589,)
└── Session: 01
        ├── EEG file        : [PosixPath('/data2/Projects/eeg_fmri_natview/chang_data/derivatives/sub-0016/ses-01/eeg/sub-0016_ses-01_task-MeRest_acq-mr0015_desc-SSDbandsEnv_eeg.pkl')]
        ├── brainstates file: [PosixPath('/data2/Projects/eeg_fmri_natview/chang_data/derivatives/sub-0016/ses-01/brainstates/sub-0016_ses-01_task-MeRest_acq-mr0015_desc-caps_brainstates.pkl')]
        └── eyetracking file: None

Make multimodal dictionary
    brainstates
            duration  : 1467.90 seconds
            time shape: (700,)
            data shape: (9, 700)
            mask shape: (700,)
    eeg
            duration  : 1470.00 seconds
            time shape: (367500,)
            data shape: (29, 367500, 5)
            mask shape: (367500,)

Resample all
    brainstates
            duration  : 1467.64 seconds
            time shape: (5592,)
            data shape: (9, 5592)
            mask shape: (5592,)
    eeg
            duration  : 1469.74 seconds
            time shape: (5600,)
            data shape: (29, 5600, 5)
            mask shape: (5600,)

Trim to min time
    brainstates
            duration  : 1466.85 seconds
            time shape: (5589,)
            data shape: (9, 5589)
            mask shape: (5589,)
    eeg
            duration  : 1466.85 seconds
            time shape: (5589,)
            data shape: (29, 5589, 5)
            mask shape: (5589,)
└── Session: 01
        ├── EEG file        : [PosixPath('/data2/Projects/eeg_fmri_natview/chang_data/derivatives/sub-0016/ses-01/eeg/sub-0016_ses-01_task-MeRest_acq-mr0006_desc-SSDbandsEnv_eeg.pkl')]
        ├── brainstates file: [PosixPath('/data2/Projects/eeg_fmri_natview/chang_data/derivatives/sub-0016/ses-01/brainstates/sub-0016_ses-01_task-MeRest_acq-mr0006_desc-caps_brainstates.pkl')]
        └── eyetracking file: None

Make multimodal dictionary
    brainstates
            duration  : 1467.90 seconds
            time shape: (700,)
            data shape: (9, 700)
            mask shape: (700,)
    eeg
            duration  : 1471.00 seconds
            time shape: (367750,)
            data shape: (29, 367750, 5)
            mask shape: (367750,)

Resample all
    brainstates
            duration  : 1467.64 seconds
            time shape: (5592,)
            data shape: (9, 5592)
            mask shape: (5592,)
    eeg
            duration  : 1470.79 seconds
            time shape: (5604,)
            data shape: (29, 5604, 5)
            mask shape: (5604,)

Trim to min time
    brainstates
            duration  : 1466.85 seconds
            time shape: (5589,)
            data shape: (9, 5589)
            mask shape: (5589,)
    eeg
            duration  : 1466.85 seconds
            time shape: (5589,)
            data shape: (29, 5589, 5)
            mask shape: (5589,)
└── Session: 01
        ├── EEG file        : [PosixPath('/data2/Projects/eeg_fmri_natview/chang_data/derivatives/sub-0016/ses-01/eeg/sub-0016_ses-01_task-MeRest_acq-mr0015_desc-SSDbandsEnv_eeg.pkl')]
        ├── brainstates file: [PosixPath('/data2/Projects/eeg_fmri_natview/chang_data/derivatives/sub-0016/ses-01/brainstates/sub-0016_ses-01_task-MeRest_acq-mr0015_desc-caps_brainstates.pkl')]
        └── eyetracking file: None

Make multimodal dictionary
    brainstates
            duration  : 1467.90 seconds
            time shape: (700,)
            data shape: (9, 700)
            mask shape: (700,)
    eeg
            duration  : 1470.00 seconds
            time shape: (367500,)
            data shape: (29, 367500, 5)
            mask shape: (367500,)

Resample all
    brainstates
            duration  : 1467.64 seconds
            time shape: (5592,)
            data shape: (9, 5592)
            mask shape: (5592,)
    eeg
            duration  : 1469.74 seconds
            time shape: (5600,)
            data shape: (29, 5600, 5)
            mask shape: (5600,)

Trim to min time
    brainstates
            duration  : 1466.85 seconds
            time shape: (5589,)
            data shape: (9, 5589)
            mask shape: (5589,)
    eeg
            duration  : 1466.85 seconds
            time shape: (5589,)
            data shape: (29, 5589, 5)
            mask shape: (5589,)
└── Session: 01
        ├── EEG file        : [PosixPath('/data2/Projects/eeg_fmri_natview/chang_data/derivatives/sub-0016/ses-01/eeg/sub-0016_ses-01_task-MeRest_acq-mr0006_desc-SSDbandsEnv_eeg.pkl')]
        ├── brainstates file: [PosixPath('/data2/Projects/eeg_fmri_natview/chang_data/derivatives/sub-0016/ses-01/brainstates/sub-0016_ses-01_task-MeRest_acq-mr0006_desc-caps_brainstates.pkl')]
        └── eyetracking file: None

Make multimodal dictionary
    brainstates
            duration  : 1467.90 seconds
            time shape: (700,)
            data shape: (9, 700)
            mask shape: (700,)
    eeg
            duration  : 1471.00 seconds
            time shape: (367750,)
            data shape: (29, 367750, 5)
            mask shape: (367750,)

Resample all
    brainstates
            duration  : 1467.64 seconds
            time shape: (5592,)
            data shape: (9, 5592)
            mask shape: (5592,)
    eeg
            duration  : 1470.79 seconds
            time shape: (5604,)
            data shape: (29, 5604, 5)
            mask shape: (5604,)

Trim to min time
    brainstates
            duration  : 1466.85 seconds
            time shape: (5589,)
            data shape: (9, 5589)
            mask shape: (5589,)
    eeg
            duration  : 1466.85 seconds
            time shape: (5589,)
            data shape: (29, 5589, 5)
            mask shape: (5589,)
└── Session: 01
        ├── EEG file        : [PosixPath('/data2/Projects/eeg_fmri_natview/chang_data/derivatives/sub-0016/ses-01/eeg/sub-0016_ses-01_task-MeRest_acq-mr0015_desc-SSDbandsEnv_eeg.pkl')]
        ├── brainstates file: [PosixPath('/data2/Projects/eeg_fmri_natview/chang_data/derivatives/sub-0016/ses-01/brainstates/sub-0016_ses-01_task-MeRest_acq-mr0015_desc-caps_brainstates.pkl')]
        └── eyetracking file: None

Make multimodal dictionary
    brainstates
            duration  : 1467.90 seconds
            time shape: (700,)
            data shape: (9, 700)
            mask shape: (700,)
    eeg
            duration  : 1470.00 seconds
            time shape: (367500,)
            data shape: (29, 367500, 5)
            mask shape: (367500,)

Resample all
    brainstates
            duration  : 1467.64 seconds
            time shape: (5592,)
            data shape: (9, 5592)
            mask shape: (5592,)
    eeg
            duration  : 1469.74 seconds
            time shape: (5600,)
            data shape: (29, 5600, 5)
            mask shape: (5600,)

Trim to min time
    brainstates
            duration  : 1466.85 seconds
            time shape: (5589,)
            data shape: (9, 5589)
            mask shape: (5589,)
    eeg
            duration  : 1466.85 seconds
            time shape: (5589,)
            data shape: (29, 5589, 5)
            mask shape: (5589,)
└── Session: 01
        ├── EEG file        : [PosixPath('/data2/Projects/eeg_fmri_natview/chang_data/derivatives/sub-0016/ses-01/eeg/sub-0016_ses-01_task-MeRest_acq-mr0006_desc-SSDbandsEnv_eeg.pkl')]
        ├── brainstates file: [PosixPath('/data2/Projects/eeg_fmri_natview/chang_data/derivatives/sub-0016/ses-01/brainstates/sub-0016_ses-01_task-MeRest_acq-mr0006_desc-caps_brainstates.pkl')]
        └── eyetracking file: None

Make multimodal dictionary
    brainstates
            duration  : 1467.90 seconds
            time shape: (700,)
            data shape: (9, 700)
            mask shape: (700,)
    eeg
            duration  : 1471.00 seconds
            time shape: (367750,)
            data shape: (29, 367750, 5)
            mask shape: (367750,)

Resample all
    brainstates
            duration  : 1467.64 seconds
            time shape: (5592,)
            data shape: (9, 5592)
            mask shape: (5592,)
    eeg
            duration  : 1470.79 seconds
            time shape: (5604,)
            data shape: (29, 5604, 5)
            mask shape: (5604,)

Trim to min time
    brainstates
            duration  : 1466.85 seconds
            time shape: (5589,)
            data shape: (9, 5589)
            mask shape: (5589,)
    eeg
            duration  : 1466.85 seconds
            time shape: (5589,)
            data shape: (29, 5589, 5)
            mask shape: (5589,)
└── Session: 01
        ├── EEG file        : [PosixPath('/data2/Projects/eeg_fmri_natview/chang_data/derivatives/sub-0016/ses-01/eeg/sub-0016_ses-01_task-MeRest_acq-mr0015_desc-SSDbandsEnv_eeg.pkl')]
        ├── brainstates file: [PosixPath('/data2/Projects/eeg_fmri_natview/chang_data/derivatives/sub-0016/ses-01/brainstates/sub-0016_ses-01_task-MeRest_acq-mr0015_desc-caps_brainstates.pkl')]
        └── eyetracking file: None

Make multimodal dictionary
    brainstates
            duration  : 1467.90 seconds
            time shape: (700,)
            data shape: (9, 700)
            mask shape: (700,)
    eeg
            duration  : 1470.00 seconds
            time shape: (367500,)
            data shape: (29, 367500, 5)
            mask shape: (367500,)

Resample all
    brainstates
            duration  : 1467.64 seconds
            time shape: (5592,)
            data shape: (9, 5592)
            mask shape: (5592,)
    eeg
            duration  : 1469.74 seconds
            time shape: (5600,)
            data shape: (29, 5600, 5)
            mask shape: (5600,)

Trim to min time
    brainstates
            duration  : 1466.85 seconds
            time shape: (5589,)
            data shape: (9, 5589)
            mask shape: (5589,)
    eeg
            duration  : 1466.85 seconds
            time shape: (5589,)
            data shape: (29, 5589, 5)
            mask shape: (5589,)
└── Session: 01
        ├── EEG file        : [PosixPath('/data2/Projects/eeg_fmri_natview/chang_data/derivatives/sub-0016/ses-01/eeg/sub-0016_ses-01_task-MeRest_acq-mr0006_desc-SSDbandsEnv_eeg.pkl')]
        ├── brainstates file: [PosixPath('/data2/Projects/eeg_fmri_natview/chang_data/derivatives/sub-0016/ses-01/brainstates/sub-0016_ses-01_task-MeRest_acq-mr0006_desc-caps_brainstates.pkl')]
        └── eyetracking file: None

Make multimodal dictionary
    brainstates
            duration  : 1467.90 seconds
            time shape: (700,)
            data shape: (9, 700)
            mask shape: (700,)
    eeg
            duration  : 1471.00 seconds
            time shape: (367750,)
            data shape: (29, 367750, 5)
            mask shape: (367750,)

Resample all
    brainstates
            duration  : 1467.64 seconds
            time shape: (5592,)
            data shape: (9, 5592)
            mask shape: (5592,)
    eeg
            duration  : 1470.79 seconds
            time shape: (5604,)
            data shape: (29, 5604, 5)
            mask shape: (5604,)

Trim to min time
    brainstates
            duration  : 1466.85 seconds
            time shape: (5589,)
            data shape: (9, 5589)
            mask shape: (5589,)
    eeg
            duration  : 1466.85 seconds
            time shape: (5589,)
            data shape: (29, 5589, 5)
            mask shape: (5589,)
└── Session: 01
        ├── EEG file        : [PosixPath('/data2/Projects/eeg_fmri_natview/chang_data/derivatives/sub-0016/ses-01/eeg/sub-0016_ses-01_task-MeRest_acq-mr0015_desc-SSDbandsEnv_eeg.pkl')]
        ├── brainstates file: [PosixPath('/data2/Projects/eeg_fmri_natview/chang_data/derivatives/sub-0016/ses-01/brainstates/sub-0016_ses-01_task-MeRest_acq-mr0015_desc-caps_brainstates.pkl')]
        └── eyetracking file: None

Make multimodal dictionary
    brainstates
            duration  : 1467.90 seconds
            time shape: (700,)
            data shape: (9, 700)
            mask shape: (700,)
    eeg
            duration  : 1470.00 seconds
            time shape: (367500,)
            data shape: (29, 367500, 5)
            mask shape: (367500,)

Resample all
    brainstates
            duration  : 1467.64 seconds
            time shape: (5592,)
            data shape: (9, 5592)
            mask shape: (5592,)
    eeg
            duration  : 1469.74 seconds
            time shape: (5600,)
            data shape: (29, 5600, 5)
            mask shape: (5600,)

Trim to min time
    brainstates
            duration  : 1466.85 seconds
            time shape: (5589,)
            data shape: (9, 5589)
            mask shape: (5589,)
    eeg
            duration  : 1466.85 seconds
            time shape: (5589,)
            data shape: (29, 5589, 5)
            mask shape: (5589,)
└── Session: 01
        ├── EEG file        : [PosixPath('/data2/Projects/eeg_fmri_natview/chang_data/derivatives/sub-0016/ses-01/eeg/sub-0016_ses-01_task-MeRest_acq-mr0006_desc-SSDbandsEnv_eeg.pkl')]
        ├── brainstates file: [PosixPath('/data2/Projects/eeg_fmri_natview/chang_data/derivatives/sub-0016/ses-01/brainstates/sub-0016_ses-01_task-MeRest_acq-mr0006_desc-caps_brainstates.pkl')]
        └── eyetracking file: None

Make multimodal dictionary
    brainstates
            duration  : 1467.90 seconds
            time shape: (700,)
            data shape: (9, 700)
            mask shape: (700,)
    eeg
            duration  : 1471.00 seconds
            time shape: (367750,)
            data shape: (29, 367750, 5)
            mask shape: (367750,)

Resample all
    brainstates
            duration  : 1467.64 seconds
            time shape: (5592,)
            data shape: (9, 5592)
            mask shape: (5592,)
    eeg
            duration  : 1470.79 seconds
            time shape: (5604,)
            data shape: (29, 5604, 5)
            mask shape: (5604,)

Trim to min time
    brainstates
            duration  : 1466.85 seconds
            time shape: (5589,)
            data shape: (9, 5589)
            mask shape: (5589,)
    eeg
            duration  : 1466.85 seconds
            time shape: (5589,)
            data shape: (29, 5589, 5)
            mask shape: (5589,)
└── Session: 01
        ├── EEG file        : [PosixPath('/data2/Projects/eeg_fmri_natview/chang_data/derivatives/sub-0016/ses-01/eeg/sub-0016_ses-01_task-MeRest_acq-mr0006_desc-SSDbandsEnv_eeg.pkl')]
        ├── brainstates file: [PosixPath('/data2/Projects/eeg_fmri_natview/chang_data/derivatives/sub-0016/ses-01/brainstates/sub-0016_ses-01_task-MeRest_acq-mr0006_desc-caps_brainstates.pkl')]
        └── eyetracking file: None

Make multimodal dictionary
    brainstates
            duration  : 1467.90 seconds
            time shape: (700,)
            data shape: (9, 700)
            mask shape: (700,)
    eeg
            duration  : 1471.00 seconds
            time shape: (367750,)
            data shape: (29, 367750, 5)
            mask shape: (367750,)

Resample all
    brainstates
            duration  : 1467.64 seconds
            time shape: (5592,)
            data shape: (9, 5592)
            mask shape: (5592,)
    eeg
            duration  : 1470.79 seconds
            time shape: (5604,)
            data shape: (29, 5604, 5)
            mask shape: (5604,)

Trim to min time
    brainstates
            duration  : 1466.85 seconds
            time shape: (5589,)
            data shape: (9, 5589)
            mask shape: (5589,)
    eeg
            duration  : 1466.85 seconds
            time shape: (5589,)
            data shape: (29, 5589, 5)
            mask shape: (5589,)
└── Session: 01
        ├── EEG file        : [PosixPath('/data2/Projects/eeg_fmri_natview/chang_data/derivatives/sub-0016/ses-01/eeg/sub-0016_ses-01_task-MeRest_acq-mr0015_desc-SSDbandsEnv_eeg.pkl')]
        ├── brainstates file: [PosixPath('/data2/Projects/eeg_fmri_natview/chang_data/derivatives/sub-0016/ses-01/brainstates/sub-0016_ses-01_task-MeRest_acq-mr0015_desc-caps_brainstates.pkl')]
        └── eyetracking file: None

Make multimodal dictionary
    brainstates
            duration  : 1467.90 seconds
            time shape: (700,)
            data shape: (9, 700)
            mask shape: (700,)
    eeg
            duration  : 1470.00 seconds
            time shape: (367500,)
            data shape: (29, 367500, 5)
            mask shape: (367500,)

Resample all
    brainstates
            duration  : 1467.64 seconds
            time shape: (5592,)
            data shape: (9, 5592)
            mask shape: (5592,)
    eeg
            duration  : 1469.74 seconds
            time shape: (5600,)
            data shape: (29, 5600, 5)
            mask shape: (5600,)

Trim to min time
    brainstates
            duration  : 1466.85 seconds
            time shape: (5589,)
            data shape: (9, 5589)
            mask shape: (5589,)
    eeg
            duration  : 1466.85 seconds
            time shape: (5589,)
            data shape: (29, 5589, 5)
            mask shape: (5589,)
└── Session: 01
        ├── EEG file        : [PosixPath('/data2/Projects/eeg_fmri_natview/chang_data/derivatives/sub-0016/ses-01/eeg/sub-0016_ses-01_task-MeRest_acq-mr0006_desc-SSDbandsEnv_eeg.pkl')]
        ├── brainstates file: [PosixPath('/data2/Projects/eeg_fmri_natview/chang_data/derivatives/sub-0016/ses-01/brainstates/sub-0016_ses-01_task-MeRest_acq-mr0006_desc-caps_brainstates.pkl')]
        └── eyetracking file: None

Make multimodal dictionary
    brainstates
            duration  : 1467.90 seconds
            time shape: (700,)
            data shape: (9, 700)
            mask shape: (700,)
    eeg
            duration  : 1471.00 seconds
            time shape: (367750,)
            data shape: (29, 367750, 5)
            mask shape: (367750,)

Resample all
    brainstates
            duration  : 1467.64 seconds
            time shape: (5592,)
            data shape: (9, 5592)
            mask shape: (5592,)
    eeg
            duration  : 1470.79 seconds
            time shape: (5604,)
            data shape: (29, 5604, 5)
            mask shape: (5604,)

Trim to min time
    brainstates
            duration  : 1466.85 seconds
            time shape: (5589,)
            data shape: (9, 5589)
            mask shape: (5589,)
    eeg
            duration  : 1466.85 seconds
            time shape: (5589,)
            data shape: (29, 5589, 5)
            mask shape: (5589,)
└── Session: 01
        ├── EEG file        : [PosixPath('/data2/Projects/eeg_fmri_natview/chang_data/derivatives/sub-0016/ses-01/eeg/sub-0016_ses-01_task-MeRest_acq-mr0015_desc-SSDbandsEnv_eeg.pkl')]
        ├── brainstates file: [PosixPath('/data2/Projects/eeg_fmri_natview/chang_data/derivatives/sub-0016/ses-01/brainstates/sub-0016_ses-01_task-MeRest_acq-mr0015_desc-caps_brainstates.pkl')]
        └── eyetracking file: None

Make multimodal dictionary
    brainstates
            duration  : 1467.90 seconds
            time shape: (700,)
            data shape: (9, 700)
            mask shape: (700,)
    eeg
            duration  : 1470.00 seconds
            time shape: (367500,)
            data shape: (29, 367500, 5)
            mask shape: (367500,)

Resample all
    brainstates
            duration  : 1467.64 seconds
            time shape: (5592,)
            data shape: (9, 5592)
            mask shape: (5592,)
    eeg
            duration  : 1469.74 seconds
            time shape: (5600,)
            data shape: (29, 5600, 5)
            mask shape: (5600,)

Trim to min time
    brainstates
            duration  : 1466.85 seconds
            time shape: (5589,)
            data shape: (9, 5589)
            mask shape: (5589,)
    eeg
            duration  : 1466.85 seconds
            time shape: (5589,)
            data shape: (29, 5589, 5)
            mask shape: (5589,)
└── Session: 01
        ├── EEG file        : [PosixPath('/data2/Projects/eeg_fmri_natview/chang_data/derivatives/sub-0021/ses-01/eeg/sub-0021_ses-01_task-MeRest_acq-mr0012_desc-SSDbandsEnv_eeg.pkl')]
        ├── brainstates file: [PosixPath('/data2/Projects/eeg_fmri_natview/chang_data/derivatives/sub-0021/ses-01/brainstates/sub-0021_ses-01_task-MeRest_acq-mr0012_desc-caps_brainstates.pkl')]
        └── eyetracking file: None

Make multimodal dictionary
    brainstates
            duration  : 1467.90 seconds
            time shape: (700,)
            data shape: (9, 700)
            mask shape: (700,)
    eeg
            duration  : 1471.00 seconds
            time shape: (367750,)
            data shape: (29, 367750, 5)
            mask shape: (367750,)

Resample all
    brainstates
            duration  : 1467.64 seconds
            time shape: (5592,)
            data shape: (9, 5592)
            mask shape: (5592,)
    eeg
            duration  : 1470.79 seconds
            time shape: (5604,)
            data shape: (29, 5604, 5)
            mask shape: (5604,)

Trim to min time
    brainstates
            duration  : 1466.85 seconds
            time shape: (5589,)
            data shape: (9, 5589)
            mask shape: (5589,)
    eeg
            duration  : 1466.85 seconds
            time shape: (5589,)
            data shape: (29, 5589, 5)
            mask shape: (5589,)
└── Session: 01
        ├── EEG file        : [PosixPath('/data2/Projects/eeg_fmri_natview/chang_data/derivatives/sub-0021/ses-01/eeg/sub-0021_ses-01_task-MeRest_acq-mr0012_desc-SSDbandsEnv_eeg.pkl')]
        ├── brainstates file: [PosixPath('/data2/Projects/eeg_fmri_natview/chang_data/derivatives/sub-0021/ses-01/brainstates/sub-0021_ses-01_task-MeRest_acq-mr0012_desc-caps_brainstates.pkl')]
        └── eyetracking file: None

Make multimodal dictionary
    brainstates
            duration  : 1467.90 seconds
            time shape: (700,)
            data shape: (9, 700)
            mask shape: (700,)
    eeg
            duration  : 1471.00 seconds
            time shape: (367750,)
            data shape: (29, 367750, 5)
            mask shape: (367750,)

Resample all
    brainstates
            duration  : 1467.64 seconds
            time shape: (5592,)
            data shape: (9, 5592)
            mask shape: (5592,)
    eeg
            duration  : 1470.79 seconds
            time shape: (5604,)
            data shape: (29, 5604, 5)
            mask shape: (5604,)

Trim to min time
    brainstates
            duration  : 1466.85 seconds
            time shape: (5589,)
            data shape: (9, 5589)
            mask shape: (5589,)
    eeg
            duration  : 1466.85 seconds
            time shape: (5589,)
            data shape: (29, 5589, 5)
            mask shape: (5589,)
└── Session: 01
        ├── EEG file        : [PosixPath('/data2/Projects/eeg_fmri_natview/chang_data/derivatives/sub-0021/ses-01/eeg/sub-0021_ses-01_task-MeRest_acq-mr0012_desc-SSDbandsEnv_eeg.pkl')]
        ├── brainstates file: [PosixPath('/data2/Projects/eeg_fmri_natview/chang_data/derivatives/sub-0021/ses-01/brainstates/sub-0021_ses-01_task-MeRest_acq-mr0012_desc-caps_brainstates.pkl')]
        └── eyetracking file: None

Make multimodal dictionary
    brainstates
            duration  : 1467.90 seconds
            time shape: (700,)
            data shape: (9, 700)
            mask shape: (700,)
    eeg
            duration  : 1471.00 seconds
            time shape: (367750,)
            data shape: (29, 367750, 5)
            mask shape: (367750,)

Resample all
    brainstates
            duration  : 1467.64 seconds
            time shape: (5592,)
            data shape: (9, 5592)
            mask shape: (5592,)
    eeg
            duration  : 1470.79 seconds
            time shape: (5604,)
            data shape: (29, 5604, 5)
            mask shape: (5604,)

Trim to min time
    brainstates
            duration  : 1466.85 seconds
            time shape: (5589,)
            data shape: (9, 5589)
            mask shape: (5589,)
    eeg
            duration  : 1466.85 seconds
            time shape: (5589,)
            data shape: (29, 5589, 5)
            mask shape: (5589,)
└── Session: 01
        ├── EEG file        : [PosixPath('/data2/Projects/eeg_fmri_natview/chang_data/derivatives/sub-0021/ses-01/eeg/sub-0021_ses-01_task-MeRest_acq-mr0012_desc-SSDbandsEnv_eeg.pkl')]
        ├── brainstates file: [PosixPath('/data2/Projects/eeg_fmri_natview/chang_data/derivatives/sub-0021/ses-01/brainstates/sub-0021_ses-01_task-MeRest_acq-mr0012_desc-caps_brainstates.pkl')]
        └── eyetracking file: None

Make multimodal dictionary
    brainstates
            duration  : 1467.90 seconds
            time shape: (700,)
            data shape: (9, 700)
            mask shape: (700,)
    eeg
            duration  : 1471.00 seconds
            time shape: (367750,)
            data shape: (29, 367750, 5)
            mask shape: (367750,)

Resample all
    brainstates
            duration  : 1467.64 seconds
            time shape: (5592,)
            data shape: (9, 5592)
            mask shape: (5592,)
    eeg
            duration  : 1470.79 seconds
            time shape: (5604,)
            data shape: (29, 5604, 5)
            mask shape: (5604,)

Trim to min time
    brainstates
            duration  : 1466.85 seconds
            time shape: (5589,)
            data shape: (9, 5589)
            mask shape: (5589,)
    eeg
            duration  : 1466.85 seconds
            time shape: (5589,)
            data shape: (29, 5589, 5)
            mask shape: (5589,)
└── Session: 01
        ├── EEG file        : [PosixPath('/data2/Projects/eeg_fmri_natview/chang_data/derivatives/sub-0021/ses-01/eeg/sub-0021_ses-01_task-MeRest_acq-mr0012_desc-SSDbandsEnv_eeg.pkl')]
        ├── brainstates file: [PosixPath('/data2/Projects/eeg_fmri_natview/chang_data/derivatives/sub-0021/ses-01/brainstates/sub-0021_ses-01_task-MeRest_acq-mr0012_desc-caps_brainstates.pkl')]
        └── eyetracking file: None

Make multimodal dictionary
    brainstates
            duration  : 1467.90 seconds
            time shape: (700,)
            data shape: (9, 700)
            mask shape: (700,)
    eeg
            duration  : 1471.00 seconds
            time shape: (367750,)
            data shape: (29, 367750, 5)
            mask shape: (367750,)

Resample all
    brainstates
            duration  : 1467.64 seconds
            time shape: (5592,)
            data shape: (9, 5592)
            mask shape: (5592,)
    eeg
            duration  : 1470.79 seconds
            time shape: (5604,)
            data shape: (29, 5604, 5)
            mask shape: (5604,)

Trim to min time
    brainstates
            duration  : 1466.85 seconds
            time shape: (5589,)
            data shape: (9, 5589)
            mask shape: (5589,)
    eeg
            duration  : 1466.85 seconds
            time shape: (5589,)
            data shape: (29, 5589, 5)
            mask shape: (5589,)
└── Session: 01
        ├── EEG file        : [PosixPath('/data2/Projects/eeg_fmri_natview/chang_data/derivatives/sub-0021/ses-01/eeg/sub-0021_ses-01_task-MeRest_acq-mr0012_desc-SSDbandsEnv_eeg.pkl')]
        ├── brainstates file: [PosixPath('/data2/Projects/eeg_fmri_natview/chang_data/derivatives/sub-0021/ses-01/brainstates/sub-0021_ses-01_task-MeRest_acq-mr0012_desc-caps_brainstates.pkl')]
        └── eyetracking file: None

Make multimodal dictionary
    brainstates
            duration  : 1467.90 seconds
            time shape: (700,)
            data shape: (9, 700)
            mask shape: (700,)
    eeg
            duration  : 1471.00 seconds
            time shape: (367750,)
            data shape: (29, 367750, 5)
            mask shape: (367750,)

Resample all
    brainstates
            duration  : 1467.64 seconds
            time shape: (5592,)
            data shape: (9, 5592)
            mask shape: (5592,)
    eeg
            duration  : 1470.79 seconds
            time shape: (5604,)
            data shape: (29, 5604, 5)
            mask shape: (5604,)

Trim to min time
    brainstates
            duration  : 1466.85 seconds
            time shape: (5589,)
            data shape: (9, 5589)
            mask shape: (5589,)
    eeg
            duration  : 1466.85 seconds
            time shape: (5589,)
            data shape: (29, 5589, 5)
            mask shape: (5589,)
└── Session: 01
        ├── EEG file        : [PosixPath('/data2/Projects/eeg_fmri_natview/chang_data/derivatives/sub-0021/ses-01/eeg/sub-0021_ses-01_task-MeRest_acq-mr0012_desc-SSDbandsEnv_eeg.pkl')]
        ├── brainstates file: [PosixPath('/data2/Projects/eeg_fmri_natview/chang_data/derivatives/sub-0021/ses-01/brainstates/sub-0021_ses-01_task-MeRest_acq-mr0012_desc-caps_brainstates.pkl')]
        └── eyetracking file: None

Make multimodal dictionary
    brainstates
            duration  : 1467.90 seconds
            time shape: (700,)
            data shape: (9, 700)
            mask shape: (700,)
    eeg
            duration  : 1471.00 seconds
            time shape: (367750,)
            data shape: (29, 367750, 5)
            mask shape: (367750,)

Resample all
    brainstates
            duration  : 1467.64 seconds
            time shape: (5592,)
            data shape: (9, 5592)
            mask shape: (5592,)
    eeg
            duration  : 1470.79 seconds
            time shape: (5604,)
            data shape: (29, 5604, 5)
            mask shape: (5604,)

Trim to min time
    brainstates
            duration  : 1466.85 seconds
            time shape: (5589,)
            data shape: (9, 5589)
            mask shape: (5589,)
    eeg
            duration  : 1466.85 seconds
            time shape: (5589,)
            data shape: (29, 5589, 5)
            mask shape: (5589,)
└── Session: 01
        ├── EEG file        : [PosixPath('/data2/Projects/eeg_fmri_natview/chang_data/derivatives/sub-0021/ses-01/eeg/sub-0021_ses-01_task-MeRest_acq-mr0012_desc-SSDbandsEnv_eeg.pkl')]
        ├── brainstates file: [PosixPath('/data2/Projects/eeg_fmri_natview/chang_data/derivatives/sub-0021/ses-01/brainstates/sub-0021_ses-01_task-MeRest_acq-mr0012_desc-caps_brainstates.pkl')]
        └── eyetracking file: None

Make multimodal dictionary
    brainstates
            duration  : 1467.90 seconds
            time shape: (700,)
            data shape: (9, 700)
            mask shape: (700,)
    eeg
            duration  : 1471.00 seconds
            time shape: (367750,)
            data shape: (29, 367750, 5)
            mask shape: (367750,)

Resample all
    brainstates
            duration  : 1467.64 seconds
            time shape: (5592,)
            data shape: (9, 5592)
            mask shape: (5592,)
    eeg
            duration  : 1470.79 seconds
            time shape: (5604,)
            data shape: (29, 5604, 5)
            mask shape: (5604,)

Trim to min time
    brainstates
            duration  : 1466.85 seconds
            time shape: (5589,)
            data shape: (9, 5589)
            mask shape: (5589,)
    eeg
            duration  : 1466.85 seconds
            time shape: (5589,)
            data shape: (29, 5589, 5)
            mask shape: (5589,)
└── Session: 01
        ├── EEG file        : [PosixPath('/data2/Projects/eeg_fmri_natview/chang_data/derivatives/sub-0021/ses-01/eeg/sub-0021_ses-01_task-MeRest_acq-mr0012_desc-SSDbandsEnv_eeg.pkl')]
        ├── brainstates file: [PosixPath('/data2/Projects/eeg_fmri_natview/chang_data/derivatives/sub-0021/ses-01/brainstates/sub-0021_ses-01_task-MeRest_acq-mr0012_desc-caps_brainstates.pkl')]
        └── eyetracking file: None

Make multimodal dictionary
    brainstates
            duration  : 1467.90 seconds
            time shape: (700,)
            data shape: (9, 700)
            mask shape: (700,)
    eeg
            duration  : 1471.00 seconds
            time shape: (367750,)
            data shape: (29, 367750, 5)
            mask shape: (367750,)

Resample all
    brainstates
            duration  : 1467.64 seconds
            time shape: (5592,)
            data shape: (9, 5592)
            mask shape: (5592,)
    eeg
            duration  : 1470.79 seconds
            time shape: (5604,)
            data shape: (29, 5604, 5)
            mask shape: (5604,)

Trim to min time
    brainstates
            duration  : 1466.85 seconds
            time shape: (5589,)
            data shape: (9, 5589)
            mask shape: (5589,)
    eeg
            duration  : 1466.85 seconds
            time shape: (5589,)
            data shape: (29, 5589, 5)
            mask shape: (5589,)
└── Session: 01
        ├── EEG file        : [PosixPath('/data2/Projects/eeg_fmri_natview/chang_data/derivatives/sub-0027/ses-01/eeg/sub-0027_ses-01_task-MeRest_acq-mr0009_desc-SSDbandsEnv_eeg.pkl')]
        ├── brainstates file: [PosixPath('/data2/Projects/eeg_fmri_natview/chang_data/derivatives/sub-0027/ses-01/brainstates/sub-0027_ses-01_task-MeRest_acq-mr0009_desc-caps_brainstates.pkl')]
        └── eyetracking file: None

Make multimodal dictionary
    brainstates
            duration  : 1467.90 seconds
            time shape: (700,)
            data shape: (9, 700)
            mask shape: (700,)
    eeg
            duration  : 1470.00 seconds
            time shape: (367500,)
            data shape: (29, 367500, 5)
            mask shape: (367500,)

Resample all
    brainstates
            duration  : 1467.64 seconds
            time shape: (5592,)
            data shape: (9, 5592)
            mask shape: (5592,)
    eeg
            duration  : 1469.74 seconds
            time shape: (5600,)
            data shape: (29, 5600, 5)
            mask shape: (5600,)

Trim to min time
    brainstates
            duration  : 1466.85 seconds
            time shape: (5589,)
            data shape: (9, 5589)
            mask shape: (5589,)
    eeg
            duration  : 1466.85 seconds
            time shape: (5589,)
            data shape: (29, 5589, 5)
            mask shape: (5589,)
└── Session: 01
        ├── EEG file        : [PosixPath('/data2/Projects/eeg_fmri_natview/chang_data/derivatives/sub-0027/ses-01/eeg/sub-0027_ses-01_task-MeRest_acq-mr0009_desc-SSDbandsEnv_eeg.pkl')]
        ├── brainstates file: [PosixPath('/data2/Projects/eeg_fmri_natview/chang_data/derivatives/sub-0027/ses-01/brainstates/sub-0027_ses-01_task-MeRest_acq-mr0009_desc-caps_brainstates.pkl')]
        └── eyetracking file: None

Make multimodal dictionary
    brainstates
            duration  : 1467.90 seconds
            time shape: (700,)
            data shape: (9, 700)
            mask shape: (700,)
    eeg
            duration  : 1470.00 seconds
            time shape: (367500,)
            data shape: (29, 367500, 5)
            mask shape: (367500,)

Resample all
    brainstates
            duration  : 1467.64 seconds
            time shape: (5592,)
            data shape: (9, 5592)
            mask shape: (5592,)
    eeg
            duration  : 1469.74 seconds
            time shape: (5600,)
            data shape: (29, 5600, 5)
            mask shape: (5600,)

Trim to min time
    brainstates
            duration  : 1466.85 seconds
            time shape: (5589,)
            data shape: (9, 5589)
            mask shape: (5589,)
    eeg
            duration  : 1466.85 seconds
            time shape: (5589,)
            data shape: (29, 5589, 5)
            mask shape: (5589,)
└── Session: 01
        ├── EEG file        : [PosixPath('/data2/Projects/eeg_fmri_natview/chang_data/derivatives/sub-0027/ses-01/eeg/sub-0027_ses-01_task-MeRest_acq-mr0009_desc-SSDbandsEnv_eeg.pkl')]
        ├── brainstates file: [PosixPath('/data2/Projects/eeg_fmri_natview/chang_data/derivatives/sub-0027/ses-01/brainstates/sub-0027_ses-01_task-MeRest_acq-mr0009_desc-caps_brainstates.pkl')]
        └── eyetracking file: None

Make multimodal dictionary
    brainstates
            duration  : 1467.90 seconds
            time shape: (700,)
            data shape: (9, 700)
            mask shape: (700,)
    eeg
            duration  : 1470.00 seconds
            time shape: (367500,)
            data shape: (29, 367500, 5)
            mask shape: (367500,)

Resample all
    brainstates
            duration  : 1467.64 seconds
            time shape: (5592,)
            data shape: (9, 5592)
            mask shape: (5592,)
    eeg
            duration  : 1469.74 seconds
            time shape: (5600,)
            data shape: (29, 5600, 5)
            mask shape: (5600,)

Trim to min time
    brainstates
            duration  : 1466.85 seconds
            time shape: (5589,)
            data shape: (9, 5589)
            mask shape: (5589,)
    eeg
            duration  : 1466.85 seconds
            time shape: (5589,)
            data shape: (29, 5589, 5)
            mask shape: (5589,)
└── Session: 01
        ├── EEG file        : [PosixPath('/data2/Projects/eeg_fmri_natview/chang_data/derivatives/sub-0027/ses-01/eeg/sub-0027_ses-01_task-MeRest_acq-mr0009_desc-SSDbandsEnv_eeg.pkl')]
        ├── brainstates file: [PosixPath('/data2/Projects/eeg_fmri_natview/chang_data/derivatives/sub-0027/ses-01/brainstates/sub-0027_ses-01_task-MeRest_acq-mr0009_desc-caps_brainstates.pkl')]
        └── eyetracking file: None

Make multimodal dictionary
    brainstates
            duration  : 1467.90 seconds
            time shape: (700,)
            data shape: (9, 700)
            mask shape: (700,)
    eeg
            duration  : 1470.00 seconds
            time shape: (367500,)
            data shape: (29, 367500, 5)
            mask shape: (367500,)

Resample all
    brainstates
            duration  : 1467.64 seconds
            time shape: (5592,)
            data shape: (9, 5592)
            mask shape: (5592,)
    eeg
            duration  : 1469.74 seconds
            time shape: (5600,)
            data shape: (29, 5600, 5)
            mask shape: (5600,)

Trim to min time
    brainstates
            duration  : 1466.85 seconds
            time shape: (5589,)
            data shape: (9, 5589)
            mask shape: (5589,)
    eeg
            duration  : 1466.85 seconds
            time shape: (5589,)
            data shape: (29, 5589, 5)
            mask shape: (5589,)
└── Session: 01
        ├── EEG file        : [PosixPath('/data2/Projects/eeg_fmri_natview/chang_data/derivatives/sub-0027/ses-01/eeg/sub-0027_ses-01_task-MeRest_acq-mr0009_desc-SSDbandsEnv_eeg.pkl')]
        ├── brainstates file: [PosixPath('/data2/Projects/eeg_fmri_natview/chang_data/derivatives/sub-0027/ses-01/brainstates/sub-0027_ses-01_task-MeRest_acq-mr0009_desc-caps_brainstates.pkl')]
        └── eyetracking file: None

Make multimodal dictionary
    brainstates
            duration  : 1467.90 seconds
            time shape: (700,)
            data shape: (9, 700)
            mask shape: (700,)
    eeg
            duration  : 1470.00 seconds
            time shape: (367500,)
            data shape: (29, 367500, 5)
            mask shape: (367500,)

Resample all
    brainstates
            duration  : 1467.64 seconds
            time shape: (5592,)
            data shape: (9, 5592)
            mask shape: (5592,)
    eeg
            duration  : 1469.74 seconds
            time shape: (5600,)
            data shape: (29, 5600, 5)
            mask shape: (5600,)

Trim to min time
    brainstates
            duration  : 1466.85 seconds
            time shape: (5589,)
            data shape: (9, 5589)
            mask shape: (5589,)
    eeg
            duration  : 1466.85 seconds
            time shape: (5589,)
            data shape: (29, 5589, 5)
            mask shape: (5589,)
└── Session: 01
        ├── EEG file        : [PosixPath('/data2/Projects/eeg_fmri_natview/chang_data/derivatives/sub-0027/ses-01/eeg/sub-0027_ses-01_task-MeRest_acq-mr0009_desc-SSDbandsEnv_eeg.pkl')]
        ├── brainstates file: [PosixPath('/data2/Projects/eeg_fmri_natview/chang_data/derivatives/sub-0027/ses-01/brainstates/sub-0027_ses-01_task-MeRest_acq-mr0009_desc-caps_brainstates.pkl')]
        └── eyetracking file: None

Make multimodal dictionary
    brainstates
            duration  : 1467.90 seconds
            time shape: (700,)
            data shape: (9, 700)
            mask shape: (700,)
    eeg
            duration  : 1470.00 seconds
            time shape: (367500,)
            data shape: (29, 367500, 5)
            mask shape: (367500,)

Resample all
    brainstates
            duration  : 1467.64 seconds
            time shape: (5592,)
            data shape: (9, 5592)
            mask shape: (5592,)
    eeg
            duration  : 1469.74 seconds
            time shape: (5600,)
            data shape: (29, 5600, 5)
            mask shape: (5600,)

Trim to min time
    brainstates
            duration  : 1466.85 seconds
            time shape: (5589,)
            data shape: (9, 5589)
            mask shape: (5589,)
    eeg
            duration  : 1466.85 seconds
            time shape: (5589,)
            data shape: (29, 5589, 5)
            mask shape: (5589,)
└── Session: 01
        ├── EEG file        : [PosixPath('/data2/Projects/eeg_fmri_natview/chang_data/derivatives/sub-0027/ses-01/eeg/sub-0027_ses-01_task-MeRest_acq-mr0009_desc-SSDbandsEnv_eeg.pkl')]
        ├── brainstates file: [PosixPath('/data2/Projects/eeg_fmri_natview/chang_data/derivatives/sub-0027/ses-01/brainstates/sub-0027_ses-01_task-MeRest_acq-mr0009_desc-caps_brainstates.pkl')]
        └── eyetracking file: None

Make multimodal dictionary
    brainstates
            duration  : 1467.90 seconds
            time shape: (700,)
            data shape: (9, 700)
            mask shape: (700,)
    eeg
            duration  : 1470.00 seconds
            time shape: (367500,)
            data shape: (29, 367500, 5)
            mask shape: (367500,)

Resample all
    brainstates
            duration  : 1467.64 seconds
            time shape: (5592,)
            data shape: (9, 5592)
            mask shape: (5592,)
    eeg
            duration  : 1469.74 seconds
            time shape: (5600,)
            data shape: (29, 5600, 5)
            mask shape: (5600,)

Trim to min time
    brainstates
            duration  : 1466.85 seconds
            time shape: (5589,)
            data shape: (9, 5589)
            mask shape: (5589,)
    eeg
            duration  : 1466.85 seconds
            time shape: (5589,)
            data shape: (29, 5589, 5)
            mask shape: (5589,)
└── Session: 01
        ├── EEG file        : [PosixPath('/data2/Projects/eeg_fmri_natview/chang_data/derivatives/sub-0027/ses-01/eeg/sub-0027_ses-01_task-MeRest_acq-mr0009_desc-SSDbandsEnv_eeg.pkl')]
        ├── brainstates file: [PosixPath('/data2/Projects/eeg_fmri_natview/chang_data/derivatives/sub-0027/ses-01/brainstates/sub-0027_ses-01_task-MeRest_acq-mr0009_desc-caps_brainstates.pkl')]
        └── eyetracking file: None

Make multimodal dictionary
    brainstates
            duration  : 1467.90 seconds
            time shape: (700,)
            data shape: (9, 700)
            mask shape: (700,)
    eeg
            duration  : 1470.00 seconds
            time shape: (367500,)
            data shape: (29, 367500, 5)
            mask shape: (367500,)

Resample all
    brainstates
            duration  : 1467.64 seconds
            time shape: (5592,)
            data shape: (9, 5592)
            mask shape: (5592,)
    eeg
            duration  : 1469.74 seconds
            time shape: (5600,)
            data shape: (29, 5600, 5)
            mask shape: (5600,)

Trim to min time
    brainstates
            duration  : 1466.85 seconds
            time shape: (5589,)
            data shape: (9, 5589)
            mask shape: (5589,)
    eeg
            duration  : 1466.85 seconds
            time shape: (5589,)
            data shape: (29, 5589, 5)
            mask shape: (5589,)
└── Session: 01
        ├── EEG file        : [PosixPath('/data2/Projects/eeg_fmri_natview/chang_data/derivatives/sub-0027/ses-01/eeg/sub-0027_ses-01_task-MeRest_acq-mr0009_desc-SSDbandsEnv_eeg.pkl')]
        ├── brainstates file: [PosixPath('/data2/Projects/eeg_fmri_natview/chang_data/derivatives/sub-0027/ses-01/brainstates/sub-0027_ses-01_task-MeRest_acq-mr0009_desc-caps_brainstates.pkl')]
        └── eyetracking file: None

Make multimodal dictionary
    brainstates
            duration  : 1467.90 seconds
            time shape: (700,)
            data shape: (9, 700)
            mask shape: (700,)
    eeg
            duration  : 1470.00 seconds
            time shape: (367500,)
            data shape: (29, 367500, 5)
            mask shape: (367500,)

Resample all
    brainstates
            duration  : 1467.64 seconds
            time shape: (5592,)
            data shape: (9, 5592)
            mask shape: (5592,)
    eeg
            duration  : 1469.74 seconds
            time shape: (5600,)
            data shape: (29, 5600, 5)
            mask shape: (5600,)

Trim to min time
    brainstates
            duration  : 1466.85 seconds
            time shape: (5589,)
            data shape: (9, 5589)
            mask shape: (5589,)
    eeg
            duration  : 1466.85 seconds
            time shape: (5589,)
            data shape: (29, 5589, 5)
            mask shape: (5589,)
└── Session: 01
        ├── EEG file        : [PosixPath('/data2/Projects/eeg_fmri_natview/chang_data/derivatives/sub-0028/ses-01/eeg/sub-0028_ses-01_task-MeRest_acq-mr0012_desc-SSDbandsEnv_eeg.pkl')]
        ├── brainstates file: [PosixPath('/data2/Projects/eeg_fmri_natview/chang_data/derivatives/sub-0028/ses-01/brainstates/sub-0028_ses-01_task-MeRest_acq-mr0012_desc-caps_brainstates.pkl')]
        └── eyetracking file: None

Make multimodal dictionary
    brainstates
            duration  : 1467.90 seconds
            time shape: (700,)
            data shape: (9, 700)
            mask shape: (700,)
    eeg
            duration  : 1470.00 seconds
            time shape: (367500,)
            data shape: (29, 367500, 5)
            mask shape: (367500,)

Resample all
    brainstates
            duration  : 1467.64 seconds
            time shape: (5592,)
            data shape: (9, 5592)
            mask shape: (5592,)
    eeg
            duration  : 1469.74 seconds
            time shape: (5600,)
            data shape: (29, 5600, 5)
            mask shape: (5600,)

Trim to min time
    brainstates
            duration  : 1466.85 seconds
            time shape: (5589,)
            data shape: (9, 5589)
            mask shape: (5589,)
    eeg
            duration  : 1466.85 seconds
            time shape: (5589,)
            data shape: (29, 5589, 5)
            mask shape: (5589,)
└── Session: 01
        ├── EEG file        : [PosixPath('/data2/Projects/eeg_fmri_natview/chang_data/derivatives/sub-0028/ses-01/eeg/sub-0028_ses-01_task-MeRest_acq-mr0012_desc-SSDbandsEnv_eeg.pkl')]
        ├── brainstates file: [PosixPath('/data2/Projects/eeg_fmri_natview/chang_data/derivatives/sub-0028/ses-01/brainstates/sub-0028_ses-01_task-MeRest_acq-mr0012_desc-caps_brainstates.pkl')]
        └── eyetracking file: None

Make multimodal dictionary
    brainstates
            duration  : 1467.90 seconds
            time shape: (700,)
            data shape: (9, 700)
            mask shape: (700,)
    eeg
            duration  : 1470.00 seconds
            time shape: (367500,)
            data shape: (29, 367500, 5)
            mask shape: (367500,)

Resample all
    brainstates
            duration  : 1467.64 seconds
            time shape: (5592,)
            data shape: (9, 5592)
            mask shape: (5592,)
    eeg
            duration  : 1469.74 seconds
            time shape: (5600,)
            data shape: (29, 5600, 5)
            mask shape: (5600,)

Trim to min time
    brainstates
            duration  : 1466.85 seconds
            time shape: (5589,)
            data shape: (9, 5589)
            mask shape: (5589,)
    eeg
            duration  : 1466.85 seconds
            time shape: (5589,)
            data shape: (29, 5589, 5)
            mask shape: (5589,)
└── Session: 01
        ├── EEG file        : [PosixPath('/data2/Projects/eeg_fmri_natview/chang_data/derivatives/sub-0028/ses-01/eeg/sub-0028_ses-01_task-MeRest_acq-mr0012_desc-SSDbandsEnv_eeg.pkl')]
        ├── brainstates file: [PosixPath('/data2/Projects/eeg_fmri_natview/chang_data/derivatives/sub-0028/ses-01/brainstates/sub-0028_ses-01_task-MeRest_acq-mr0012_desc-caps_brainstates.pkl')]
        └── eyetracking file: None

Make multimodal dictionary
    brainstates
            duration  : 1467.90 seconds
            time shape: (700,)
            data shape: (9, 700)
            mask shape: (700,)
    eeg
            duration  : 1470.00 seconds
            time shape: (367500,)
            data shape: (29, 367500, 5)
            mask shape: (367500,)

Resample all
    brainstates
            duration  : 1467.64 seconds
            time shape: (5592,)
            data shape: (9, 5592)
            mask shape: (5592,)
    eeg
            duration  : 1469.74 seconds
            time shape: (5600,)
            data shape: (29, 5600, 5)
            mask shape: (5600,)

Trim to min time
    brainstates
            duration  : 1466.85 seconds
            time shape: (5589,)
            data shape: (9, 5589)
            mask shape: (5589,)
    eeg
            duration  : 1466.85 seconds
            time shape: (5589,)
            data shape: (29, 5589, 5)
            mask shape: (5589,)
└── Session: 01
        ├── EEG file        : [PosixPath('/data2/Projects/eeg_fmri_natview/chang_data/derivatives/sub-0028/ses-01/eeg/sub-0028_ses-01_task-MeRest_acq-mr0012_desc-SSDbandsEnv_eeg.pkl')]
        ├── brainstates file: [PosixPath('/data2/Projects/eeg_fmri_natview/chang_data/derivatives/sub-0028/ses-01/brainstates/sub-0028_ses-01_task-MeRest_acq-mr0012_desc-caps_brainstates.pkl')]
        └── eyetracking file: None

Make multimodal dictionary
    brainstates
            duration  : 1467.90 seconds
            time shape: (700,)
            data shape: (9, 700)
            mask shape: (700,)
    eeg
            duration  : 1470.00 seconds
            time shape: (367500,)
            data shape: (29, 367500, 5)
            mask shape: (367500,)

Resample all
    brainstates
            duration  : 1467.64 seconds
            time shape: (5592,)
            data shape: (9, 5592)
            mask shape: (5592,)
    eeg
            duration  : 1469.74 seconds
            time shape: (5600,)
            data shape: (29, 5600, 5)
            mask shape: (5600,)

Trim to min time
    brainstates
            duration  : 1466.85 seconds
            time shape: (5589,)
            data shape: (9, 5589)
            mask shape: (5589,)
    eeg
            duration  : 1466.85 seconds
            time shape: (5589,)
            data shape: (29, 5589, 5)
            mask shape: (5589,)
└── Session: 01
        ├── EEG file        : [PosixPath('/data2/Projects/eeg_fmri_natview/chang_data/derivatives/sub-0028/ses-01/eeg/sub-0028_ses-01_task-MeRest_acq-mr0012_desc-SSDbandsEnv_eeg.pkl')]
        ├── brainstates file: [PosixPath('/data2/Projects/eeg_fmri_natview/chang_data/derivatives/sub-0028/ses-01/brainstates/sub-0028_ses-01_task-MeRest_acq-mr0012_desc-caps_brainstates.pkl')]
        └── eyetracking file: None

Make multimodal dictionary
    brainstates
            duration  : 1467.90 seconds
            time shape: (700,)
            data shape: (9, 700)
            mask shape: (700,)
    eeg
            duration  : 1470.00 seconds
            time shape: (367500,)
            data shape: (29, 367500, 5)
            mask shape: (367500,)

Resample all
    brainstates
            duration  : 1467.64 seconds
            time shape: (5592,)
            data shape: (9, 5592)
            mask shape: (5592,)
    eeg
            duration  : 1469.74 seconds
            time shape: (5600,)
            data shape: (29, 5600, 5)
            mask shape: (5600,)

Trim to min time
    brainstates
            duration  : 1466.85 seconds
            time shape: (5589,)
            data shape: (9, 5589)
            mask shape: (5589,)
    eeg
            duration  : 1466.85 seconds
            time shape: (5589,)
            data shape: (29, 5589, 5)
            mask shape: (5589,)
└── Session: 01
        ├── EEG file        : [PosixPath('/data2/Projects/eeg_fmri_natview/chang_data/derivatives/sub-0028/ses-01/eeg/sub-0028_ses-01_task-MeRest_acq-mr0012_desc-SSDbandsEnv_eeg.pkl')]
        ├── brainstates file: [PosixPath('/data2/Projects/eeg_fmri_natview/chang_data/derivatives/sub-0028/ses-01/brainstates/sub-0028_ses-01_task-MeRest_acq-mr0012_desc-caps_brainstates.pkl')]
        └── eyetracking file: None

Make multimodal dictionary
    brainstates
            duration  : 1467.90 seconds
            time shape: (700,)
            data shape: (9, 700)
            mask shape: (700,)
    eeg
            duration  : 1470.00 seconds
            time shape: (367500,)
            data shape: (29, 367500, 5)
            mask shape: (367500,)

Resample all
    brainstates
            duration  : 1467.64 seconds
            time shape: (5592,)
            data shape: (9, 5592)
            mask shape: (5592,)
    eeg
            duration  : 1469.74 seconds
            time shape: (5600,)
            data shape: (29, 5600, 5)
            mask shape: (5600,)

Trim to min time
    brainstates
            duration  : 1466.85 seconds
            time shape: (5589,)
            data shape: (9, 5589)
            mask shape: (5589,)
    eeg
            duration  : 1466.85 seconds
            time shape: (5589,)
            data shape: (29, 5589, 5)
            mask shape: (5589,)
└── Session: 01
        ├── EEG file        : [PosixPath('/data2/Projects/eeg_fmri_natview/chang_data/derivatives/sub-0028/ses-01/eeg/sub-0028_ses-01_task-MeRest_acq-mr0012_desc-SSDbandsEnv_eeg.pkl')]
        ├── brainstates file: [PosixPath('/data2/Projects/eeg_fmri_natview/chang_data/derivatives/sub-0028/ses-01/brainstates/sub-0028_ses-01_task-MeRest_acq-mr0012_desc-caps_brainstates.pkl')]
        └── eyetracking file: None

Make multimodal dictionary
    brainstates
            duration  : 1467.90 seconds
            time shape: (700,)
            data shape: (9, 700)
            mask shape: (700,)
    eeg
            duration  : 1470.00 seconds
            time shape: (367500,)
            data shape: (29, 367500, 5)
            mask shape: (367500,)

Resample all
    brainstates
            duration  : 1467.64 seconds
            time shape: (5592,)
            data shape: (9, 5592)
            mask shape: (5592,)
    eeg
            duration  : 1469.74 seconds
            time shape: (5600,)
            data shape: (29, 5600, 5)
            mask shape: (5600,)

Trim to min time
    brainstates
            duration  : 1466.85 seconds
            time shape: (5589,)
            data shape: (9, 5589)
            mask shape: (5589,)
    eeg
            duration  : 1466.85 seconds
            time shape: (5589,)
            data shape: (29, 5589, 5)
            mask shape: (5589,)
└── Session: 01
        ├── EEG file        : [PosixPath('/data2/Projects/eeg_fmri_natview/chang_data/derivatives/sub-0028/ses-01/eeg/sub-0028_ses-01_task-MeRest_acq-mr0012_desc-SSDbandsEnv_eeg.pkl')]
        ├── brainstates file: [PosixPath('/data2/Projects/eeg_fmri_natview/chang_data/derivatives/sub-0028/ses-01/brainstates/sub-0028_ses-01_task-MeRest_acq-mr0012_desc-caps_brainstates.pkl')]
        └── eyetracking file: None

Make multimodal dictionary
    brainstates
            duration  : 1467.90 seconds
            time shape: (700,)
            data shape: (9, 700)
            mask shape: (700,)
    eeg
            duration  : 1470.00 seconds
            time shape: (367500,)
            data shape: (29, 367500, 5)
            mask shape: (367500,)

Resample all
    brainstates
            duration  : 1467.64 seconds
            time shape: (5592,)
            data shape: (9, 5592)
            mask shape: (5592,)
    eeg
            duration  : 1469.74 seconds
            time shape: (5600,)
            data shape: (29, 5600, 5)
            mask shape: (5600,)

Trim to min time
    brainstates
            duration  : 1466.85 seconds
            time shape: (5589,)
            data shape: (9, 5589)
            mask shape: (5589,)
    eeg
            duration  : 1466.85 seconds
            time shape: (5589,)
            data shape: (29, 5589, 5)
            mask shape: (5589,)
└── Session: 01
        ├── EEG file        : [PosixPath('/data2/Projects/eeg_fmri_natview/chang_data/derivatives/sub-0028/ses-01/eeg/sub-0028_ses-01_task-MeRest_acq-mr0012_desc-SSDbandsEnv_eeg.pkl')]
        ├── brainstates file: [PosixPath('/data2/Projects/eeg_fmri_natview/chang_data/derivatives/sub-0028/ses-01/brainstates/sub-0028_ses-01_task-MeRest_acq-mr0012_desc-caps_brainstates.pkl')]
        └── eyetracking file: None

Make multimodal dictionary
    brainstates
            duration  : 1467.90 seconds
            time shape: (700,)
            data shape: (9, 700)
            mask shape: (700,)
    eeg
            duration  : 1470.00 seconds
            time shape: (367500,)
            data shape: (29, 367500, 5)
            mask shape: (367500,)

Resample all
    brainstates
            duration  : 1467.64 seconds
            time shape: (5592,)
            data shape: (9, 5592)
            mask shape: (5592,)
    eeg
            duration  : 1469.74 seconds
            time shape: (5600,)
            data shape: (29, 5600, 5)
            mask shape: (5600,)

Trim to min time
    brainstates
            duration  : 1466.85 seconds
            time shape: (5589,)
            data shape: (9, 5589)
            mask shape: (5589,)
    eeg
            duration  : 1466.85 seconds
            time shape: (5589,)
            data shape: (29, 5589, 5)
            mask shape: (5589,)
└── Session: 01
        ├── EEG file        : [PosixPath('/data2/Projects/eeg_fmri_natview/chang_data/derivatives/sub-0029/ses-01/eeg/sub-0029_ses-01_task-MeRest_acq-mr0012_desc-SSDbandsEnv_eeg.pkl')]
        ├── brainstates file: [PosixPath('/data2/Projects/eeg_fmri_natview/chang_data/derivatives/sub-0029/ses-01/brainstates/sub-0029_ses-01_task-MeRest_acq-mr0012_desc-caps_brainstates.pkl')]
        └── eyetracking file: None

Make multimodal dictionary
    brainstates
            duration  : 1467.90 seconds
            time shape: (700,)
            data shape: (9, 700)
            mask shape: (700,)
    eeg
            duration  : 1470.00 seconds
            time shape: (367500,)
            data shape: (29, 367500, 5)
            mask shape: (367500,)

Resample all
    brainstates
            duration  : 1467.64 seconds
            time shape: (5592,)
            data shape: (9, 5592)
            mask shape: (5592,)
    eeg
            duration  : 1469.74 seconds
            time shape: (5600,)
            data shape: (29, 5600, 5)
            mask shape: (5600,)

Trim to min time
    brainstates
            duration  : 1466.85 seconds
            time shape: (5589,)
            data shape: (9, 5589)
            mask shape: (5589,)
    eeg
            duration  : 1466.85 seconds
            time shape: (5589,)
            data shape: (29, 5589, 5)
            mask shape: (5589,)
└── Session: 01
        ├── EEG file        : [PosixPath('/data2/Projects/eeg_fmri_natview/chang_data/derivatives/sub-0029/ses-01/eeg/sub-0029_ses-01_task-MeRest_acq-mr0012_desc-SSDbandsEnv_eeg.pkl')]
        ├── brainstates file: [PosixPath('/data2/Projects/eeg_fmri_natview/chang_data/derivatives/sub-0029/ses-01/brainstates/sub-0029_ses-01_task-MeRest_acq-mr0012_desc-caps_brainstates.pkl')]
        └── eyetracking file: None

Make multimodal dictionary
    brainstates
            duration  : 1467.90 seconds
            time shape: (700,)
            data shape: (9, 700)
            mask shape: (700,)
    eeg
            duration  : 1470.00 seconds
            time shape: (367500,)
            data shape: (29, 367500, 5)
            mask shape: (367500,)

Resample all
    brainstates
            duration  : 1467.64 seconds
            time shape: (5592,)
            data shape: (9, 5592)
            mask shape: (5592,)
    eeg
            duration  : 1469.74 seconds
            time shape: (5600,)
            data shape: (29, 5600, 5)
            mask shape: (5600,)

Trim to min time
    brainstates
            duration  : 1466.85 seconds
            time shape: (5589,)
            data shape: (9, 5589)
            mask shape: (5589,)
    eeg
            duration  : 1466.85 seconds
            time shape: (5589,)
            data shape: (29, 5589, 5)
            mask shape: (5589,)
└── Session: 01
        ├── EEG file        : [PosixPath('/data2/Projects/eeg_fmri_natview/chang_data/derivatives/sub-0029/ses-01/eeg/sub-0029_ses-01_task-MeRest_acq-mr0012_desc-SSDbandsEnv_eeg.pkl')]
        ├── brainstates file: [PosixPath('/data2/Projects/eeg_fmri_natview/chang_data/derivatives/sub-0029/ses-01/brainstates/sub-0029_ses-01_task-MeRest_acq-mr0012_desc-caps_brainstates.pkl')]
        └── eyetracking file: None

Make multimodal dictionary
    brainstates
            duration  : 1467.90 seconds
            time shape: (700,)
            data shape: (9, 700)
            mask shape: (700,)
    eeg
            duration  : 1470.00 seconds
            time shape: (367500,)
            data shape: (29, 367500, 5)
            mask shape: (367500,)

Resample all
    brainstates
            duration  : 1467.64 seconds
            time shape: (5592,)
            data shape: (9, 5592)
            mask shape: (5592,)
    eeg
            duration  : 1469.74 seconds
            time shape: (5600,)
            data shape: (29, 5600, 5)
            mask shape: (5600,)

Trim to min time
    brainstates
            duration  : 1466.85 seconds
            time shape: (5589,)
            data shape: (9, 5589)
            mask shape: (5589,)
    eeg
            duration  : 1466.85 seconds
            time shape: (5589,)
            data shape: (29, 5589, 5)
            mask shape: (5589,)
└── Session: 01
        ├── EEG file        : [PosixPath('/data2/Projects/eeg_fmri_natview/chang_data/derivatives/sub-0029/ses-01/eeg/sub-0029_ses-01_task-MeRest_acq-mr0012_desc-SSDbandsEnv_eeg.pkl')]
        ├── brainstates file: [PosixPath('/data2/Projects/eeg_fmri_natview/chang_data/derivatives/sub-0029/ses-01/brainstates/sub-0029_ses-01_task-MeRest_acq-mr0012_desc-caps_brainstates.pkl')]
        └── eyetracking file: None

Make multimodal dictionary
    brainstates
            duration  : 1467.90 seconds
            time shape: (700,)
            data shape: (9, 700)
            mask shape: (700,)
    eeg
            duration  : 1470.00 seconds
            time shape: (367500,)
            data shape: (29, 367500, 5)
            mask shape: (367500,)

Resample all
    brainstates
            duration  : 1467.64 seconds
            time shape: (5592,)
            data shape: (9, 5592)
            mask shape: (5592,)
    eeg
            duration  : 1469.74 seconds
            time shape: (5600,)
            data shape: (29, 5600, 5)
            mask shape: (5600,)

Trim to min time
    brainstates
            duration  : 1466.85 seconds
            time shape: (5589,)
            data shape: (9, 5589)
            mask shape: (5589,)
    eeg
            duration  : 1466.85 seconds
            time shape: (5589,)
            data shape: (29, 5589, 5)
            mask shape: (5589,)
└── Session: 01
        ├── EEG file        : [PosixPath('/data2/Projects/eeg_fmri_natview/chang_data/derivatives/sub-0029/ses-01/eeg/sub-0029_ses-01_task-MeRest_acq-mr0012_desc-SSDbandsEnv_eeg.pkl')]
        ├── brainstates file: [PosixPath('/data2/Projects/eeg_fmri_natview/chang_data/derivatives/sub-0029/ses-01/brainstates/sub-0029_ses-01_task-MeRest_acq-mr0012_desc-caps_brainstates.pkl')]
        └── eyetracking file: None

Make multimodal dictionary
    brainstates
            duration  : 1467.90 seconds
            time shape: (700,)
            data shape: (9, 700)
            mask shape: (700,)
    eeg
            duration  : 1470.00 seconds
            time shape: (367500,)
            data shape: (29, 367500, 5)
            mask shape: (367500,)

Resample all
    brainstates
            duration  : 1467.64 seconds
            time shape: (5592,)
            data shape: (9, 5592)
            mask shape: (5592,)
    eeg
            duration  : 1469.74 seconds
            time shape: (5600,)
            data shape: (29, 5600, 5)
            mask shape: (5600,)

Trim to min time
    brainstates
            duration  : 1466.85 seconds
            time shape: (5589,)
            data shape: (9, 5589)
            mask shape: (5589,)
    eeg
            duration  : 1466.85 seconds
            time shape: (5589,)
            data shape: (29, 5589, 5)
            mask shape: (5589,)
└── Session: 01
        ├── EEG file        : [PosixPath('/data2/Projects/eeg_fmri_natview/chang_data/derivatives/sub-0029/ses-01/eeg/sub-0029_ses-01_task-MeRest_acq-mr0012_desc-SSDbandsEnv_eeg.pkl')]
        ├── brainstates file: [PosixPath('/data2/Projects/eeg_fmri_natview/chang_data/derivatives/sub-0029/ses-01/brainstates/sub-0029_ses-01_task-MeRest_acq-mr0012_desc-caps_brainstates.pkl')]
        └── eyetracking file: None

Make multimodal dictionary
    brainstates
            duration  : 1467.90 seconds
            time shape: (700,)
            data shape: (9, 700)
            mask shape: (700,)
    eeg
            duration  : 1470.00 seconds
            time shape: (367500,)
            data shape: (29, 367500, 5)
            mask shape: (367500,)

Resample all
    brainstates
            duration  : 1467.64 seconds
            time shape: (5592,)
            data shape: (9, 5592)
            mask shape: (5592,)
    eeg
            duration  : 1469.74 seconds
            time shape: (5600,)
            data shape: (29, 5600, 5)
            mask shape: (5600,)

Trim to min time
    brainstates
            duration  : 1466.85 seconds
            time shape: (5589,)
            data shape: (9, 5589)
            mask shape: (5589,)
    eeg
            duration  : 1466.85 seconds
            time shape: (5589,)
            data shape: (29, 5589, 5)
            mask shape: (5589,)
└── Session: 01
        ├── EEG file        : [PosixPath('/data2/Projects/eeg_fmri_natview/chang_data/derivatives/sub-0029/ses-01/eeg/sub-0029_ses-01_task-MeRest_acq-mr0012_desc-SSDbandsEnv_eeg.pkl')]
        ├── brainstates file: [PosixPath('/data2/Projects/eeg_fmri_natview/chang_data/derivatives/sub-0029/ses-01/brainstates/sub-0029_ses-01_task-MeRest_acq-mr0012_desc-caps_brainstates.pkl')]
        └── eyetracking file: None

Make multimodal dictionary
    brainstates
            duration  : 1467.90 seconds
            time shape: (700,)
            data shape: (9, 700)
            mask shape: (700,)
    eeg
            duration  : 1470.00 seconds
            time shape: (367500,)
            data shape: (29, 367500, 5)
            mask shape: (367500,)

Resample all
    brainstates
            duration  : 1467.64 seconds
            time shape: (5592,)
            data shape: (9, 5592)
            mask shape: (5592,)
    eeg
            duration  : 1469.74 seconds
            time shape: (5600,)
            data shape: (29, 5600, 5)
            mask shape: (5600,)

Trim to min time
    brainstates
            duration  : 1466.85 seconds
            time shape: (5589,)
            data shape: (9, 5589)
            mask shape: (5589,)
    eeg
            duration  : 1466.85 seconds
            time shape: (5589,)
            data shape: (29, 5589, 5)
            mask shape: (5589,)
└── Session: 01
        ├── EEG file        : [PosixPath('/data2/Projects/eeg_fmri_natview/chang_data/derivatives/sub-0029/ses-01/eeg/sub-0029_ses-01_task-MeRest_acq-mr0012_desc-SSDbandsEnv_eeg.pkl')]
        ├── brainstates file: [PosixPath('/data2/Projects/eeg_fmri_natview/chang_data/derivatives/sub-0029/ses-01/brainstates/sub-0029_ses-01_task-MeRest_acq-mr0012_desc-caps_brainstates.pkl')]
        └── eyetracking file: None

Make multimodal dictionary
    brainstates
            duration  : 1467.90 seconds
            time shape: (700,)
            data shape: (9, 700)
            mask shape: (700,)
    eeg
            duration  : 1470.00 seconds
            time shape: (367500,)
            data shape: (29, 367500, 5)
            mask shape: (367500,)

Resample all
    brainstates
            duration  : 1467.64 seconds
            time shape: (5592,)
            data shape: (9, 5592)
            mask shape: (5592,)
    eeg
            duration  : 1469.74 seconds
            time shape: (5600,)
            data shape: (29, 5600, 5)
            mask shape: (5600,)

Trim to min time
    brainstates
            duration  : 1466.85 seconds
            time shape: (5589,)
            data shape: (9, 5589)
            mask shape: (5589,)
    eeg
            duration  : 1466.85 seconds
            time shape: (5589,)
            data shape: (29, 5589, 5)
            mask shape: (5589,)
└── Session: 01
        ├── EEG file        : [PosixPath('/data2/Projects/eeg_fmri_natview/chang_data/derivatives/sub-0029/ses-01/eeg/sub-0029_ses-01_task-MeRest_acq-mr0012_desc-SSDbandsEnv_eeg.pkl')]
        ├── brainstates file: [PosixPath('/data2/Projects/eeg_fmri_natview/chang_data/derivatives/sub-0029/ses-01/brainstates/sub-0029_ses-01_task-MeRest_acq-mr0012_desc-caps_brainstates.pkl')]
        └── eyetracking file: None

Make multimodal dictionary
    brainstates
            duration  : 1467.90 seconds
            time shape: (700,)
            data shape: (9, 700)
            mask shape: (700,)
    eeg
            duration  : 1470.00 seconds
            time shape: (367500,)
            data shape: (29, 367500, 5)
            mask shape: (367500,)

Resample all
    brainstates
            duration  : 1467.64 seconds
            time shape: (5592,)
            data shape: (9, 5592)
            mask shape: (5592,)
    eeg
            duration  : 1469.74 seconds
            time shape: (5600,)
            data shape: (29, 5600, 5)
            mask shape: (5600,)

Trim to min time
    brainstates
            duration  : 1466.85 seconds
            time shape: (5589,)
            data shape: (9, 5589)
            mask shape: (5589,)
    eeg
            duration  : 1466.85 seconds
            time shape: (5589,)
            data shape: (29, 5589, 5)
            mask shape: (5589,)
└── Session: 01
        ├── EEG file        : [PosixPath('/data2/Projects/eeg_fmri_natview/chang_data/derivatives/sub-0030/ses-01/eeg/sub-0030_ses-01_task-MeRest_acq-mr0009_desc-SSDbandsEnv_eeg.pkl')]
        ├── brainstates file: [PosixPath('/data2/Projects/eeg_fmri_natview/chang_data/derivatives/sub-0030/ses-01/brainstates/sub-0030_ses-01_task-MeRest_acq-mr0009_desc-caps_brainstates.pkl')]
        └── eyetracking file: None

Make multimodal dictionary
    brainstates
            duration  : 1467.90 seconds
            time shape: (700,)
            data shape: (9, 700)
            mask shape: (700,)
    eeg
            duration  : 1470.00 seconds
            time shape: (367500,)
            data shape: (29, 367500, 5)
            mask shape: (367500,)

Resample all
    brainstates
            duration  : 1467.64 seconds
            time shape: (5592,)
            data shape: (9, 5592)
            mask shape: (5592,)
    eeg
            duration  : 1469.74 seconds
            time shape: (5600,)
            data shape: (29, 5600, 5)
            mask shape: (5600,)

Trim to min time
    brainstates
            duration  : 1466.85 seconds
            time shape: (5589,)
            data shape: (9, 5589)
            mask shape: (5589,)
    eeg
            duration  : 1466.85 seconds
            time shape: (5589,)
            data shape: (29, 5589, 5)
            mask shape: (5589,)
└── Session: 01
        ├── EEG file        : [PosixPath('/data2/Projects/eeg_fmri_natview/chang_data/derivatives/sub-0030/ses-01/eeg/sub-0030_ses-01_task-MeRest_acq-mr0009_desc-SSDbandsEnv_eeg.pkl')]
        ├── brainstates file: [PosixPath('/data2/Projects/eeg_fmri_natview/chang_data/derivatives/sub-0030/ses-01/brainstates/sub-0030_ses-01_task-MeRest_acq-mr0009_desc-caps_brainstates.pkl')]
        └── eyetracking file: None

Make multimodal dictionary
    brainstates
            duration  : 1467.90 seconds
            time shape: (700,)
            data shape: (9, 700)
            mask shape: (700,)
    eeg
            duration  : 1470.00 seconds
            time shape: (367500,)
            data shape: (29, 367500, 5)
            mask shape: (367500,)

Resample all
    brainstates
            duration  : 1467.64 seconds
            time shape: (5592,)
            data shape: (9, 5592)
            mask shape: (5592,)
    eeg
            duration  : 1469.74 seconds
            time shape: (5600,)
            data shape: (29, 5600, 5)
            mask shape: (5600,)

Trim to min time
    brainstates
            duration  : 1466.85 seconds
            time shape: (5589,)
            data shape: (9, 5589)
            mask shape: (5589,)
    eeg
            duration  : 1466.85 seconds
            time shape: (5589,)
            data shape: (29, 5589, 5)
            mask shape: (5589,)
└── Session: 01
        ├── EEG file        : [PosixPath('/data2/Projects/eeg_fmri_natview/chang_data/derivatives/sub-0030/ses-01/eeg/sub-0030_ses-01_task-MeRest_acq-mr0009_desc-SSDbandsEnv_eeg.pkl')]
        ├── brainstates file: [PosixPath('/data2/Projects/eeg_fmri_natview/chang_data/derivatives/sub-0030/ses-01/brainstates/sub-0030_ses-01_task-MeRest_acq-mr0009_desc-caps_brainstates.pkl')]
        └── eyetracking file: None

Make multimodal dictionary
    brainstates
            duration  : 1467.90 seconds
            time shape: (700,)
            data shape: (9, 700)
            mask shape: (700,)
    eeg
            duration  : 1470.00 seconds
            time shape: (367500,)
            data shape: (29, 367500, 5)
            mask shape: (367500,)

Resample all
    brainstates
            duration  : 1467.64 seconds
            time shape: (5592,)
            data shape: (9, 5592)
            mask shape: (5592,)
    eeg
            duration  : 1469.74 seconds
            time shape: (5600,)
            data shape: (29, 5600, 5)
            mask shape: (5600,)

Trim to min time
    brainstates
            duration  : 1466.85 seconds
            time shape: (5589,)
            data shape: (9, 5589)
            mask shape: (5589,)
    eeg
            duration  : 1466.85 seconds
            time shape: (5589,)
            data shape: (29, 5589, 5)
            mask shape: (5589,)
└── Session: 01
        ├── EEG file        : [PosixPath('/data2/Projects/eeg_fmri_natview/chang_data/derivatives/sub-0030/ses-01/eeg/sub-0030_ses-01_task-MeRest_acq-mr0009_desc-SSDbandsEnv_eeg.pkl')]
        ├── brainstates file: [PosixPath('/data2/Projects/eeg_fmri_natview/chang_data/derivatives/sub-0030/ses-01/brainstates/sub-0030_ses-01_task-MeRest_acq-mr0009_desc-caps_brainstates.pkl')]
        └── eyetracking file: None

Make multimodal dictionary
    brainstates
            duration  : 1467.90 seconds
            time shape: (700,)
            data shape: (9, 700)
            mask shape: (700,)
    eeg
            duration  : 1470.00 seconds
            time shape: (367500,)
            data shape: (29, 367500, 5)
            mask shape: (367500,)

Resample all
    brainstates
            duration  : 1467.64 seconds
            time shape: (5592,)
            data shape: (9, 5592)
            mask shape: (5592,)
    eeg
            duration  : 1469.74 seconds
            time shape: (5600,)
            data shape: (29, 5600, 5)
            mask shape: (5600,)

Trim to min time
    brainstates
            duration  : 1466.85 seconds
            time shape: (5589,)
            data shape: (9, 5589)
            mask shape: (5589,)
    eeg
            duration  : 1466.85 seconds
            time shape: (5589,)
            data shape: (29, 5589, 5)
            mask shape: (5589,)
└── Session: 01
        ├── EEG file        : [PosixPath('/data2/Projects/eeg_fmri_natview/chang_data/derivatives/sub-0030/ses-01/eeg/sub-0030_ses-01_task-MeRest_acq-mr0009_desc-SSDbandsEnv_eeg.pkl')]
        ├── brainstates file: [PosixPath('/data2/Projects/eeg_fmri_natview/chang_data/derivatives/sub-0030/ses-01/brainstates/sub-0030_ses-01_task-MeRest_acq-mr0009_desc-caps_brainstates.pkl')]
        └── eyetracking file: None

Make multimodal dictionary
    brainstates
            duration  : 1467.90 seconds
            time shape: (700,)
            data shape: (9, 700)
            mask shape: (700,)
    eeg
            duration  : 1470.00 seconds
            time shape: (367500,)
            data shape: (29, 367500, 5)
            mask shape: (367500,)

Resample all
    brainstates
            duration  : 1467.64 seconds
            time shape: (5592,)
            data shape: (9, 5592)
            mask shape: (5592,)
    eeg
            duration  : 1469.74 seconds
            time shape: (5600,)
            data shape: (29, 5600, 5)
            mask shape: (5600,)

Trim to min time
    brainstates
            duration  : 1466.85 seconds
            time shape: (5589,)
            data shape: (9, 5589)
            mask shape: (5589,)
    eeg
            duration  : 1466.85 seconds
            time shape: (5589,)
            data shape: (29, 5589, 5)
            mask shape: (5589,)
└── Session: 01
        ├── EEG file        : [PosixPath('/data2/Projects/eeg_fmri_natview/chang_data/derivatives/sub-0030/ses-01/eeg/sub-0030_ses-01_task-MeRest_acq-mr0009_desc-SSDbandsEnv_eeg.pkl')]
        ├── brainstates file: [PosixPath('/data2/Projects/eeg_fmri_natview/chang_data/derivatives/sub-0030/ses-01/brainstates/sub-0030_ses-01_task-MeRest_acq-mr0009_desc-caps_brainstates.pkl')]
        └── eyetracking file: None

Make multimodal dictionary
    brainstates
            duration  : 1467.90 seconds
            time shape: (700,)
            data shape: (9, 700)
            mask shape: (700,)
    eeg
            duration  : 1470.00 seconds
            time shape: (367500,)
            data shape: (29, 367500, 5)
            mask shape: (367500,)

Resample all
    brainstates
            duration  : 1467.64 seconds
            time shape: (5592,)
            data shape: (9, 5592)
            mask shape: (5592,)
    eeg
            duration  : 1469.74 seconds
            time shape: (5600,)
            data shape: (29, 5600, 5)
            mask shape: (5600,)

Trim to min time
    brainstates
            duration  : 1466.85 seconds
            time shape: (5589,)
            data shape: (9, 5589)
            mask shape: (5589,)
    eeg
            duration  : 1466.85 seconds
            time shape: (5589,)
            data shape: (29, 5589, 5)
            mask shape: (5589,)
└── Session: 01
        ├── EEG file        : [PosixPath('/data2/Projects/eeg_fmri_natview/chang_data/derivatives/sub-0030/ses-01/eeg/sub-0030_ses-01_task-MeRest_acq-mr0009_desc-SSDbandsEnv_eeg.pkl')]
        ├── brainstates file: [PosixPath('/data2/Projects/eeg_fmri_natview/chang_data/derivatives/sub-0030/ses-01/brainstates/sub-0030_ses-01_task-MeRest_acq-mr0009_desc-caps_brainstates.pkl')]
        └── eyetracking file: None

Make multimodal dictionary
    brainstates
            duration  : 1467.90 seconds
            time shape: (700,)
            data shape: (9, 700)
            mask shape: (700,)
    eeg
            duration  : 1470.00 seconds
            time shape: (367500,)
            data shape: (29, 367500, 5)
            mask shape: (367500,)

Resample all
    brainstates
            duration  : 1467.64 seconds
            time shape: (5592,)
            data shape: (9, 5592)
            mask shape: (5592,)
    eeg
            duration  : 1469.74 seconds
            time shape: (5600,)
            data shape: (29, 5600, 5)
            mask shape: (5600,)

Trim to min time
    brainstates
            duration  : 1466.85 seconds
            time shape: (5589,)
            data shape: (9, 5589)
            mask shape: (5589,)
    eeg
            duration  : 1466.85 seconds
            time shape: (5589,)
            data shape: (29, 5589, 5)
            mask shape: (5589,)
└── Session: 01
        ├── EEG file        : [PosixPath('/data2/Projects/eeg_fmri_natview/chang_data/derivatives/sub-0030/ses-01/eeg/sub-0030_ses-01_task-MeRest_acq-mr0009_desc-SSDbandsEnv_eeg.pkl')]
        ├── brainstates file: [PosixPath('/data2/Projects/eeg_fmri_natview/chang_data/derivatives/sub-0030/ses-01/brainstates/sub-0030_ses-01_task-MeRest_acq-mr0009_desc-caps_brainstates.pkl')]
        └── eyetracking file: None

Make multimodal dictionary
    brainstates
            duration  : 1467.90 seconds
            time shape: (700,)
            data shape: (9, 700)
            mask shape: (700,)
    eeg
            duration  : 1470.00 seconds
            time shape: (367500,)
            data shape: (29, 367500, 5)
            mask shape: (367500,)

Resample all
    brainstates
            duration  : 1467.64 seconds
            time shape: (5592,)
            data shape: (9, 5592)
            mask shape: (5592,)
    eeg
            duration  : 1469.74 seconds
            time shape: (5600,)
            data shape: (29, 5600, 5)
            mask shape: (5600,)

Trim to min time
    brainstates
            duration  : 1466.85 seconds
            time shape: (5589,)
            data shape: (9, 5589)
            mask shape: (5589,)
    eeg
            duration  : 1466.85 seconds
            time shape: (5589,)
            data shape: (29, 5589, 5)
            mask shape: (5589,)
└── Session: 01
        ├── EEG file        : [PosixPath('/data2/Projects/eeg_fmri_natview/chang_data/derivatives/sub-0030/ses-01/eeg/sub-0030_ses-01_task-MeRest_acq-mr0009_desc-SSDbandsEnv_eeg.pkl')]
        ├── brainstates file: [PosixPath('/data2/Projects/eeg_fmri_natview/chang_data/derivatives/sub-0030/ses-01/brainstates/sub-0030_ses-01_task-MeRest_acq-mr0009_desc-caps_brainstates.pkl')]
        └── eyetracking file: None

Make multimodal dictionary
    brainstates
            duration  : 1467.90 seconds
            time shape: (700,)
            data shape: (9, 700)
            mask shape: (700,)
    eeg
            duration  : 1470.00 seconds
            time shape: (367500,)
            data shape: (29, 367500, 5)
            mask shape: (367500,)

Resample all
    brainstates
            duration  : 1467.64 seconds
            time shape: (5592,)
            data shape: (9, 5592)
            mask shape: (5592,)
    eeg
            duration  : 1469.74 seconds
            time shape: (5600,)
            data shape: (29, 5600, 5)
            mask shape: (5600,)

Trim to min time
    brainstates
            duration  : 1466.85 seconds
            time shape: (5589,)
            data shape: (9, 5589)
            mask shape: (5589,)
    eeg
            duration  : 1466.85 seconds
            time shape: (5589,)
            data shape: (29, 5589, 5)
            mask shape: (5589,)
└── Session: 01
        ├── EEG file        : [PosixPath('/data2/Projects/eeg_fmri_natview/chang_data/derivatives/sub-0031/ses-01/eeg/sub-0031_ses-01_task-MeRest_acq-mr0015_desc-SSDbandsEnv_eeg.pkl')]
        ├── brainstates file: [PosixPath('/data2/Projects/eeg_fmri_natview/chang_data/derivatives/sub-0031/ses-01/brainstates/sub-0031_ses-01_task-MeRest_acq-mr0015_desc-caps_brainstates.pkl')]
        └── eyetracking file: None

Make multimodal dictionary
    brainstates
            duration  : 1467.90 seconds
            time shape: (700,)
            data shape: (9, 700)
            mask shape: (700,)
    eeg
            duration  : 1470.00 seconds
            time shape: (367500,)
            data shape: (29, 367500, 5)
            mask shape: (367500,)

Resample all
    brainstates
            duration  : 1467.64 seconds
            time shape: (5592,)
            data shape: (9, 5592)
            mask shape: (5592,)
    eeg
            duration  : 1469.74 seconds
            time shape: (5600,)
            data shape: (29, 5600, 5)
            mask shape: (5600,)

Trim to min time
    brainstates
            duration  : 1466.85 seconds
            time shape: (5589,)
            data shape: (9, 5589)
            mask shape: (5589,)
    eeg
            duration  : 1466.85 seconds
            time shape: (5589,)
            data shape: (29, 5589, 5)
            mask shape: (5589,)
└── Session: 01
        ├── EEG file        : [PosixPath('/data2/Projects/eeg_fmri_natview/chang_data/derivatives/sub-0031/ses-01/eeg/sub-0031_ses-01_task-MeRest_acq-mr0015_desc-SSDbandsEnv_eeg.pkl')]
        ├── brainstates file: [PosixPath('/data2/Projects/eeg_fmri_natview/chang_data/derivatives/sub-0031/ses-01/brainstates/sub-0031_ses-01_task-MeRest_acq-mr0015_desc-caps_brainstates.pkl')]
        └── eyetracking file: None

Make multimodal dictionary
    brainstates
            duration  : 1467.90 seconds
            time shape: (700,)
            data shape: (9, 700)
            mask shape: (700,)
    eeg
            duration  : 1470.00 seconds
            time shape: (367500,)
            data shape: (29, 367500, 5)
            mask shape: (367500,)

Resample all
    brainstates
            duration  : 1467.64 seconds
            time shape: (5592,)
            data shape: (9, 5592)
            mask shape: (5592,)
    eeg
            duration  : 1469.74 seconds
            time shape: (5600,)
            data shape: (29, 5600, 5)
            mask shape: (5600,)

Trim to min time
    brainstates
            duration  : 1466.85 seconds
            time shape: (5589,)
            data shape: (9, 5589)
            mask shape: (5589,)
    eeg
            duration  : 1466.85 seconds
            time shape: (5589,)
            data shape: (29, 5589, 5)
            mask shape: (5589,)
└── Session: 01
        ├── EEG file        : [PosixPath('/data2/Projects/eeg_fmri_natview/chang_data/derivatives/sub-0031/ses-01/eeg/sub-0031_ses-01_task-MeRest_acq-mr0015_desc-SSDbandsEnv_eeg.pkl')]
        ├── brainstates file: [PosixPath('/data2/Projects/eeg_fmri_natview/chang_data/derivatives/sub-0031/ses-01/brainstates/sub-0031_ses-01_task-MeRest_acq-mr0015_desc-caps_brainstates.pkl')]
        └── eyetracking file: None

Make multimodal dictionary
    brainstates
            duration  : 1467.90 seconds
            time shape: (700,)
            data shape: (9, 700)
            mask shape: (700,)
    eeg
            duration  : 1470.00 seconds
            time shape: (367500,)
            data shape: (29, 367500, 5)
            mask shape: (367500,)

Resample all
    brainstates
            duration  : 1467.64 seconds
            time shape: (5592,)
            data shape: (9, 5592)
            mask shape: (5592,)
    eeg
            duration  : 1469.74 seconds
            time shape: (5600,)
            data shape: (29, 5600, 5)
            mask shape: (5600,)

Trim to min time
    brainstates
            duration  : 1466.85 seconds
            time shape: (5589,)
            data shape: (9, 5589)
            mask shape: (5589,)
    eeg
            duration  : 1466.85 seconds
            time shape: (5589,)
            data shape: (29, 5589, 5)
            mask shape: (5589,)
└── Session: 01
        ├── EEG file        : [PosixPath('/data2/Projects/eeg_fmri_natview/chang_data/derivatives/sub-0031/ses-01/eeg/sub-0031_ses-01_task-MeRest_acq-mr0015_desc-SSDbandsEnv_eeg.pkl')]
        ├── brainstates file: [PosixPath('/data2/Projects/eeg_fmri_natview/chang_data/derivatives/sub-0031/ses-01/brainstates/sub-0031_ses-01_task-MeRest_acq-mr0015_desc-caps_brainstates.pkl')]
        └── eyetracking file: None

Make multimodal dictionary
    brainstates
            duration  : 1467.90 seconds
            time shape: (700,)
            data shape: (9, 700)
            mask shape: (700,)
    eeg
            duration  : 1470.00 seconds
            time shape: (367500,)
            data shape: (29, 367500, 5)
            mask shape: (367500,)

Resample all
    brainstates
            duration  : 1467.64 seconds
            time shape: (5592,)
            data shape: (9, 5592)
            mask shape: (5592,)
    eeg
            duration  : 1469.74 seconds
            time shape: (5600,)
            data shape: (29, 5600, 5)
            mask shape: (5600,)

Trim to min time
    brainstates
            duration  : 1466.85 seconds
            time shape: (5589,)
            data shape: (9, 5589)
            mask shape: (5589,)
    eeg
            duration  : 1466.85 seconds
            time shape: (5589,)
            data shape: (29, 5589, 5)
            mask shape: (5589,)
└── Session: 01
        ├── EEG file        : [PosixPath('/data2/Projects/eeg_fmri_natview/chang_data/derivatives/sub-0031/ses-01/eeg/sub-0031_ses-01_task-MeRest_acq-mr0015_desc-SSDbandsEnv_eeg.pkl')]
        ├── brainstates file: [PosixPath('/data2/Projects/eeg_fmri_natview/chang_data/derivatives/sub-0031/ses-01/brainstates/sub-0031_ses-01_task-MeRest_acq-mr0015_desc-caps_brainstates.pkl')]
        └── eyetracking file: None

Make multimodal dictionary
    brainstates
            duration  : 1467.90 seconds
            time shape: (700,)
            data shape: (9, 700)
            mask shape: (700,)
    eeg
            duration  : 1470.00 seconds
            time shape: (367500,)
            data shape: (29, 367500, 5)
            mask shape: (367500,)

Resample all
    brainstates
            duration  : 1467.64 seconds
            time shape: (5592,)
            data shape: (9, 5592)
            mask shape: (5592,)
    eeg
            duration  : 1469.74 seconds
            time shape: (5600,)
            data shape: (29, 5600, 5)
            mask shape: (5600,)

Trim to min time
    brainstates
            duration  : 1466.85 seconds
            time shape: (5589,)
            data shape: (9, 5589)
            mask shape: (5589,)
    eeg
            duration  : 1466.85 seconds
            time shape: (5589,)
            data shape: (29, 5589, 5)
            mask shape: (5589,)
└── Session: 01
        ├── EEG file        : [PosixPath('/data2/Projects/eeg_fmri_natview/chang_data/derivatives/sub-0031/ses-01/eeg/sub-0031_ses-01_task-MeRest_acq-mr0015_desc-SSDbandsEnv_eeg.pkl')]
        ├── brainstates file: [PosixPath('/data2/Projects/eeg_fmri_natview/chang_data/derivatives/sub-0031/ses-01/brainstates/sub-0031_ses-01_task-MeRest_acq-mr0015_desc-caps_brainstates.pkl')]
        └── eyetracking file: None

Make multimodal dictionary
    brainstates
            duration  : 1467.90 seconds
            time shape: (700,)
            data shape: (9, 700)
            mask shape: (700,)
    eeg
            duration  : 1470.00 seconds
            time shape: (367500,)
            data shape: (29, 367500, 5)
            mask shape: (367500,)

Resample all
    brainstates
            duration  : 1467.64 seconds
            time shape: (5592,)
            data shape: (9, 5592)
            mask shape: (5592,)
    eeg
            duration  : 1469.74 seconds
            time shape: (5600,)
            data shape: (29, 5600, 5)
            mask shape: (5600,)

Trim to min time
    brainstates
            duration  : 1466.85 seconds
            time shape: (5589,)
            data shape: (9, 5589)
            mask shape: (5589,)
    eeg
            duration  : 1466.85 seconds
            time shape: (5589,)
            data shape: (29, 5589, 5)
            mask shape: (5589,)
└── Session: 01
        ├── EEG file        : [PosixPath('/data2/Projects/eeg_fmri_natview/chang_data/derivatives/sub-0031/ses-01/eeg/sub-0031_ses-01_task-MeRest_acq-mr0015_desc-SSDbandsEnv_eeg.pkl')]
        ├── brainstates file: [PosixPath('/data2/Projects/eeg_fmri_natview/chang_data/derivatives/sub-0031/ses-01/brainstates/sub-0031_ses-01_task-MeRest_acq-mr0015_desc-caps_brainstates.pkl')]
        └── eyetracking file: None

Make multimodal dictionary
    brainstates
            duration  : 1467.90 seconds
            time shape: (700,)
            data shape: (9, 700)
            mask shape: (700,)
    eeg
            duration  : 1470.00 seconds
            time shape: (367500,)
            data shape: (29, 367500, 5)
            mask shape: (367500,)

Resample all
    brainstates
            duration  : 1467.64 seconds
            time shape: (5592,)
            data shape: (9, 5592)
            mask shape: (5592,)
    eeg
            duration  : 1469.74 seconds
            time shape: (5600,)
            data shape: (29, 5600, 5)
            mask shape: (5600,)

Trim to min time
    brainstates
            duration  : 1466.85 seconds
            time shape: (5589,)
            data shape: (9, 5589)
            mask shape: (5589,)
    eeg
            duration  : 1466.85 seconds
            time shape: (5589,)
            data shape: (29, 5589, 5)
            mask shape: (5589,)
└── Session: 01
        ├── EEG file        : [PosixPath('/data2/Projects/eeg_fmri_natview/chang_data/derivatives/sub-0031/ses-01/eeg/sub-0031_ses-01_task-MeRest_acq-mr0015_desc-SSDbandsEnv_eeg.pkl')]
        ├── brainstates file: [PosixPath('/data2/Projects/eeg_fmri_natview/chang_data/derivatives/sub-0031/ses-01/brainstates/sub-0031_ses-01_task-MeRest_acq-mr0015_desc-caps_brainstates.pkl')]
        └── eyetracking file: None

Make multimodal dictionary
    brainstates
            duration  : 1467.90 seconds
            time shape: (700,)
            data shape: (9, 700)
            mask shape: (700,)
    eeg
            duration  : 1470.00 seconds
            time shape: (367500,)
            data shape: (29, 367500, 5)
            mask shape: (367500,)

Resample all
    brainstates
            duration  : 1467.64 seconds
            time shape: (5592,)
            data shape: (9, 5592)
            mask shape: (5592,)
    eeg
            duration  : 1469.74 seconds
            time shape: (5600,)
            data shape: (29, 5600, 5)
            mask shape: (5600,)

Trim to min time
    brainstates
            duration  : 1466.85 seconds
            time shape: (5589,)
            data shape: (9, 5589)
            mask shape: (5589,)
    eeg
            duration  : 1466.85 seconds
            time shape: (5589,)
            data shape: (29, 5589, 5)
            mask shape: (5589,)
└── Session: 01
        ├── EEG file        : [PosixPath('/data2/Projects/eeg_fmri_natview/chang_data/derivatives/sub-0031/ses-01/eeg/sub-0031_ses-01_task-MeRest_acq-mr0015_desc-SSDbandsEnv_eeg.pkl')]
        ├── brainstates file: [PosixPath('/data2/Projects/eeg_fmri_natview/chang_data/derivatives/sub-0031/ses-01/brainstates/sub-0031_ses-01_task-MeRest_acq-mr0015_desc-caps_brainstates.pkl')]
        └── eyetracking file: None

Make multimodal dictionary
    brainstates
            duration  : 1467.90 seconds
            time shape: (700,)
            data shape: (9, 700)
            mask shape: (700,)
    eeg
            duration  : 1470.00 seconds
            time shape: (367500,)
            data shape: (29, 367500, 5)
            mask shape: (367500,)

Resample all
    brainstates
            duration  : 1467.64 seconds
            time shape: (5592,)
            data shape: (9, 5592)
            mask shape: (5592,)
    eeg
            duration  : 1469.74 seconds
            time shape: (5600,)
            data shape: (29, 5600, 5)
            mask shape: (5600,)

Trim to min time
    brainstates
            duration  : 1466.85 seconds
            time shape: (5589,)
            data shape: (9, 5589)
            mask shape: (5589,)
    eeg
            duration  : 1466.85 seconds
            time shape: (5589,)
            data shape: (29, 5589, 5)
            mask shape: (5589,)
└── Session: 01
        ├── EEG file        : [PosixPath('/data2/Projects/eeg_fmri_natview/chang_data/derivatives/sub-0032/ses-01/eeg/sub-0032_ses-01_task-MeRest_acq-mr0009_desc-SSDbandsEnv_eeg.pkl')]
        ├── brainstates file: [PosixPath('/data2/Projects/eeg_fmri_natview/chang_data/derivatives/sub-0032/ses-01/brainstates/sub-0032_ses-01_task-MeRest_acq-mr0009_desc-caps_brainstates.pkl')]
        └── eyetracking file: None

Make multimodal dictionary
    brainstates
            duration  : 1467.90 seconds
            time shape: (700,)
            data shape: (9, 700)
            mask shape: (700,)
    eeg
            duration  : 1471.00 seconds
            time shape: (367750,)
            data shape: (29, 367750, 5)
            mask shape: (367750,)

Resample all
    brainstates
            duration  : 1467.64 seconds
            time shape: (5592,)
            data shape: (9, 5592)
            mask shape: (5592,)
    eeg
            duration  : 1470.79 seconds
            time shape: (5604,)
            data shape: (29, 5604, 5)
            mask shape: (5604,)

Trim to min time
    brainstates
            duration  : 1466.85 seconds
            time shape: (5589,)
            data shape: (9, 5589)
            mask shape: (5589,)
    eeg
            duration  : 1466.85 seconds
            time shape: (5589,)
            data shape: (29, 5589, 5)
            mask shape: (5589,)
└── Session: 01
        ├── EEG file        : [PosixPath('/data2/Projects/eeg_fmri_natview/chang_data/derivatives/sub-0032/ses-01/eeg/sub-0032_ses-01_task-MeRest_acq-mr0009_desc-SSDbandsEnv_eeg.pkl')]
        ├── brainstates file: [PosixPath('/data2/Projects/eeg_fmri_natview/chang_data/derivatives/sub-0032/ses-01/brainstates/sub-0032_ses-01_task-MeRest_acq-mr0009_desc-caps_brainstates.pkl')]
        └── eyetracking file: None

Make multimodal dictionary
    brainstates
            duration  : 1467.90 seconds
            time shape: (700,)
            data shape: (9, 700)
            mask shape: (700,)
    eeg
            duration  : 1471.00 seconds
            time shape: (367750,)
            data shape: (29, 367750, 5)
            mask shape: (367750,)

Resample all
    brainstates
            duration  : 1467.64 seconds
            time shape: (5592,)
            data shape: (9, 5592)
            mask shape: (5592,)
    eeg
            duration  : 1470.79 seconds
            time shape: (5604,)
            data shape: (29, 5604, 5)
            mask shape: (5604,)

Trim to min time
    brainstates
            duration  : 1466.85 seconds
            time shape: (5589,)
            data shape: (9, 5589)
            mask shape: (5589,)
    eeg
            duration  : 1466.85 seconds
            time shape: (5589,)
            data shape: (29, 5589, 5)
            mask shape: (5589,)
└── Session: 01
        ├── EEG file        : [PosixPath('/data2/Projects/eeg_fmri_natview/chang_data/derivatives/sub-0032/ses-01/eeg/sub-0032_ses-01_task-MeRest_acq-mr0009_desc-SSDbandsEnv_eeg.pkl')]
        ├── brainstates file: [PosixPath('/data2/Projects/eeg_fmri_natview/chang_data/derivatives/sub-0032/ses-01/brainstates/sub-0032_ses-01_task-MeRest_acq-mr0009_desc-caps_brainstates.pkl')]
        └── eyetracking file: None

Make multimodal dictionary
    brainstates
            duration  : 1467.90 seconds
            time shape: (700,)
            data shape: (9, 700)
            mask shape: (700,)
    eeg
            duration  : 1471.00 seconds
            time shape: (367750,)
            data shape: (29, 367750, 5)
            mask shape: (367750,)

Resample all
    brainstates
            duration  : 1467.64 seconds
            time shape: (5592,)
            data shape: (9, 5592)
            mask shape: (5592,)
    eeg
            duration  : 1470.79 seconds
            time shape: (5604,)
            data shape: (29, 5604, 5)
            mask shape: (5604,)

Trim to min time
    brainstates
            duration  : 1466.85 seconds
            time shape: (5589,)
            data shape: (9, 5589)
            mask shape: (5589,)
    eeg
            duration  : 1466.85 seconds
            time shape: (5589,)
            data shape: (29, 5589, 5)
            mask shape: (5589,)
└── Session: 01
        ├── EEG file        : [PosixPath('/data2/Projects/eeg_fmri_natview/chang_data/derivatives/sub-0032/ses-01/eeg/sub-0032_ses-01_task-MeRest_acq-mr0009_desc-SSDbandsEnv_eeg.pkl')]
        ├── brainstates file: [PosixPath('/data2/Projects/eeg_fmri_natview/chang_data/derivatives/sub-0032/ses-01/brainstates/sub-0032_ses-01_task-MeRest_acq-mr0009_desc-caps_brainstates.pkl')]
        └── eyetracking file: None

Make multimodal dictionary
    brainstates
            duration  : 1467.90 seconds
            time shape: (700,)
            data shape: (9, 700)
            mask shape: (700,)
    eeg
            duration  : 1471.00 seconds
            time shape: (367750,)
            data shape: (29, 367750, 5)
            mask shape: (367750,)

Resample all
    brainstates
            duration  : 1467.64 seconds
            time shape: (5592,)
            data shape: (9, 5592)
            mask shape: (5592,)
    eeg
            duration  : 1470.79 seconds
            time shape: (5604,)
            data shape: (29, 5604, 5)
            mask shape: (5604,)

Trim to min time
    brainstates
            duration  : 1466.85 seconds
            time shape: (5589,)
            data shape: (9, 5589)
            mask shape: (5589,)
    eeg
            duration  : 1466.85 seconds
            time shape: (5589,)
            data shape: (29, 5589, 5)
            mask shape: (5589,)
└── Session: 01
        ├── EEG file        : [PosixPath('/data2/Projects/eeg_fmri_natview/chang_data/derivatives/sub-0032/ses-01/eeg/sub-0032_ses-01_task-MeRest_acq-mr0009_desc-SSDbandsEnv_eeg.pkl')]
        ├── brainstates file: [PosixPath('/data2/Projects/eeg_fmri_natview/chang_data/derivatives/sub-0032/ses-01/brainstates/sub-0032_ses-01_task-MeRest_acq-mr0009_desc-caps_brainstates.pkl')]
        └── eyetracking file: None

Make multimodal dictionary
    brainstates
            duration  : 1467.90 seconds
            time shape: (700,)
            data shape: (9, 700)
            mask shape: (700,)
    eeg
            duration  : 1471.00 seconds
            time shape: (367750,)
            data shape: (29, 367750, 5)
            mask shape: (367750,)

Resample all
    brainstates
            duration  : 1467.64 seconds
            time shape: (5592,)
            data shape: (9, 5592)
            mask shape: (5592,)
    eeg
            duration  : 1470.79 seconds
            time shape: (5604,)
            data shape: (29, 5604, 5)
            mask shape: (5604,)

Trim to min time
    brainstates
            duration  : 1466.85 seconds
            time shape: (5589,)
            data shape: (9, 5589)
            mask shape: (5589,)
    eeg
            duration  : 1466.85 seconds
            time shape: (5589,)
            data shape: (29, 5589, 5)
            mask shape: (5589,)
└── Session: 01
        ├── EEG file        : [PosixPath('/data2/Projects/eeg_fmri_natview/chang_data/derivatives/sub-0032/ses-01/eeg/sub-0032_ses-01_task-MeRest_acq-mr0009_desc-SSDbandsEnv_eeg.pkl')]
        ├── brainstates file: [PosixPath('/data2/Projects/eeg_fmri_natview/chang_data/derivatives/sub-0032/ses-01/brainstates/sub-0032_ses-01_task-MeRest_acq-mr0009_desc-caps_brainstates.pkl')]
        └── eyetracking file: None

Make multimodal dictionary
    brainstates
            duration  : 1467.90 seconds
            time shape: (700,)
            data shape: (9, 700)
            mask shape: (700,)
    eeg
            duration  : 1471.00 seconds
            time shape: (367750,)
            data shape: (29, 367750, 5)
            mask shape: (367750,)

Resample all
    brainstates
            duration  : 1467.64 seconds
            time shape: (5592,)
            data shape: (9, 5592)
            mask shape: (5592,)
    eeg
            duration  : 1470.79 seconds
            time shape: (5604,)
            data shape: (29, 5604, 5)
            mask shape: (5604,)

Trim to min time
    brainstates
            duration  : 1466.85 seconds
            time shape: (5589,)
            data shape: (9, 5589)
            mask shape: (5589,)
    eeg
            duration  : 1466.85 seconds
            time shape: (5589,)
            data shape: (29, 5589, 5)
            mask shape: (5589,)
└── Session: 01
        ├── EEG file        : [PosixPath('/data2/Projects/eeg_fmri_natview/chang_data/derivatives/sub-0032/ses-01/eeg/sub-0032_ses-01_task-MeRest_acq-mr0009_desc-SSDbandsEnv_eeg.pkl')]
        ├── brainstates file: [PosixPath('/data2/Projects/eeg_fmri_natview/chang_data/derivatives/sub-0032/ses-01/brainstates/sub-0032_ses-01_task-MeRest_acq-mr0009_desc-caps_brainstates.pkl')]
        └── eyetracking file: None

Make multimodal dictionary
    brainstates
            duration  : 1467.90 seconds
            time shape: (700,)
            data shape: (9, 700)
            mask shape: (700,)
    eeg
            duration  : 1471.00 seconds
            time shape: (367750,)
            data shape: (29, 367750, 5)
            mask shape: (367750,)

Resample all
    brainstates
            duration  : 1467.64 seconds
            time shape: (5592,)
            data shape: (9, 5592)
            mask shape: (5592,)
    eeg
            duration  : 1470.79 seconds
            time shape: (5604,)
            data shape: (29, 5604, 5)
            mask shape: (5604,)

Trim to min time
    brainstates
            duration  : 1466.85 seconds
            time shape: (5589,)
            data shape: (9, 5589)
            mask shape: (5589,)
    eeg
            duration  : 1466.85 seconds
            time shape: (5589,)
            data shape: (29, 5589, 5)
            mask shape: (5589,)
└── Session: 01
        ├── EEG file        : [PosixPath('/data2/Projects/eeg_fmri_natview/chang_data/derivatives/sub-0032/ses-01/eeg/sub-0032_ses-01_task-MeRest_acq-mr0009_desc-SSDbandsEnv_eeg.pkl')]
        ├── brainstates file: [PosixPath('/data2/Projects/eeg_fmri_natview/chang_data/derivatives/sub-0032/ses-01/brainstates/sub-0032_ses-01_task-MeRest_acq-mr0009_desc-caps_brainstates.pkl')]
        └── eyetracking file: None

Make multimodal dictionary
    brainstates
            duration  : 1467.90 seconds
            time shape: (700,)
            data shape: (9, 700)
            mask shape: (700,)
    eeg
            duration  : 1471.00 seconds
            time shape: (367750,)
            data shape: (29, 367750, 5)
            mask shape: (367750,)

Resample all
    brainstates
            duration  : 1467.64 seconds
            time shape: (5592,)
            data shape: (9, 5592)
            mask shape: (5592,)
    eeg
            duration  : 1470.79 seconds
            time shape: (5604,)
            data shape: (29, 5604, 5)
            mask shape: (5604,)

Trim to min time
    brainstates
            duration  : 1466.85 seconds
            time shape: (5589,)
            data shape: (9, 5589)
            mask shape: (5589,)
    eeg
            duration  : 1466.85 seconds
            time shape: (5589,)
            data shape: (29, 5589, 5)
            mask shape: (5589,)
└── Session: 01
        ├── EEG file        : [PosixPath('/data2/Projects/eeg_fmri_natview/chang_data/derivatives/sub-0032/ses-01/eeg/sub-0032_ses-01_task-MeRest_acq-mr0009_desc-SSDbandsEnv_eeg.pkl')]
        ├── brainstates file: [PosixPath('/data2/Projects/eeg_fmri_natview/chang_data/derivatives/sub-0032/ses-01/brainstates/sub-0032_ses-01_task-MeRest_acq-mr0009_desc-caps_brainstates.pkl')]
        └── eyetracking file: None

Make multimodal dictionary
    brainstates
            duration  : 1467.90 seconds
            time shape: (700,)
            data shape: (9, 700)
            mask shape: (700,)
    eeg
            duration  : 1471.00 seconds
            time shape: (367750,)
            data shape: (29, 367750, 5)
            mask shape: (367750,)

Resample all
    brainstates
            duration  : 1467.64 seconds
            time shape: (5592,)
            data shape: (9, 5592)
            mask shape: (5592,)
    eeg
            duration  : 1470.79 seconds
            time shape: (5604,)
            data shape: (29, 5604, 5)
            mask shape: (5604,)

Trim to min time
    brainstates
            duration  : 1466.85 seconds
            time shape: (5589,)
            data shape: (9, 5589)
            mask shape: (5589,)
    eeg
            duration  : 1466.85 seconds
            time shape: (5589,)
            data shape: (29, 5589, 5)
            mask shape: (5589,)
