2025-03-18 15:42:40 - eeg_brain_state_prediction.data_pipeline.tools.multimodal - INFO - Loading data for modality: brainstates
2025-03-18 15:42:47 - eeg_brain_state_prediction.data_pipeline.tools.multimodal - INFO - Loading data for modality: eeg
2025-03-18 15:43:10 - eeg_brain_state_prediction.data_pipeline.tools.multimodal - INFO - Saving data to: /data2/Projects/eeg_fmri_natview/chang_data/derivatives/sub-0010/ses-01/multimodal/sub-0010_ses-01_task-MeRest_acq-mr0009_desc-Gfp8_multimodal.pkl
2025-03-18 15:44:47 - eeg_brain_state_prediction.data_pipeline.tools.multimodal - INFO - Loading data for modality: brainstates
2025-03-18 15:44:50 - eeg_brain_state_prediction.data_pipeline.tools.multimodal - INFO - Loading data for modality: eeg
2025-03-18 15:45:12 - eeg_brain_state_prediction.data_pipeline.tools.multimodal - INFO - Saving data to: /data2/Projects/eeg_fmri_natview/chang_data/derivatives/sub-0010/ses-01/multimodal/sub-0010_ses-01_task-MeRest_acq-mr0009_desc-Gfp8Caps_multimodal.pkl
2025-03-18 15:45:23 - eeg_brain_state_prediction.data_pipeline.tools.multimodal - INFO - Successfully saved data
2025-03-18 15:46:10 - eeg_brain_state_prediction.data_pipeline.tools.multimodal - INFO - Loading data for modality: brainstates
2025-03-18 15:46:10 - eeg_brain_state_prediction.data_pipeline.tools.multimodal - INFO - Loading data for modality: eeg
2025-03-18 15:46:10 - eeg_brain_state_prediction.data_pipeline.tools.multimodal - INFO - Saving data to: /data2/Projects/eeg_fmri_natview/chang_data/derivatives/sub-0010/ses-01/multimodal/sub-0010_ses-01_task-MeRest_acq-mr0009_desc-Gfp8Caps_multimodal.pkl
2025-03-18 15:46:10 - eeg_brain_state_prediction.data_pipeline.tools.multimodal - INFO - Successfully saved data
2025-03-18 15:46:10 - eeg_brain_state_prediction.data_pipeline.tools.multimodal - INFO - Loading data for modality: brainstates
2025-03-18 15:46:10 - eeg_brain_state_prediction.data_pipeline.tools.multimodal - INFO - Loading data for modality: eeg
2025-03-18 15:46:10 - eeg_brain_state_prediction.data_pipeline.tools.multimodal - INFO - Saving data to: /data2/Projects/eeg_fmri_natview/chang_data/derivatives/sub-0010/ses-01/multimodal/sub-0010_ses-01_task-MeRest_acq-mr0009_desc-Gfp8Caps_multimodal.pkl
2025-03-18 15:46:10 - eeg_brain_state_prediction.data_pipeline.tools.multimodal - INFO - Successfully saved data
2025-03-18 15:46:10 - eeg_brain_state_prediction.data_pipeline.tools.multimodal - INFO - Loading data for modality: brainstates
2025-03-18 15:46:10 - eeg_brain_state_prediction.data_pipeline.tools.multimodal - INFO - Loading data for modality: eeg
2025-03-18 15:46:10 - eeg_brain_state_prediction.data_pipeline.tools.multimodal - INFO - Saving data to: /data2/Projects/eeg_fmri_natview/chang_data/derivatives/sub-0010/ses-01/multimodal/sub-0010_ses-01_task-MeRest_acq-mr0015_desc-Gfp8Caps_multimodal.pkl
2025-03-18 15:46:10 - eeg_brain_state_prediction.data_pipeline.tools.multimodal - INFO - Successfully saved data
2025-03-18 15:46:10 - eeg_brain_state_prediction.data_pipeline.tools.multimodal - INFO - Loading data for modality: brainstates
2025-03-18 15:46:10 - eeg_brain_state_prediction.data_pipeline.tools.multimodal - INFO - Loading data for modality: eeg
2025-03-18 15:46:10 - eeg_brain_state_prediction.data_pipeline.tools.multimodal - INFO - Saving data to: /data2/Projects/eeg_fmri_natview/chang_data/derivatives/sub-0010/ses-01/multimodal/sub-0010_ses-01_task-MeRest_acq-mr0015_desc-Gfp8Caps_multimodal.pkl
2025-03-18 15:46:10 - eeg_brain_state_prediction.data_pipeline.tools.multimodal - INFO - Successfully saved data
2025-03-18 15:46:10 - eeg_brain_state_prediction.data_pipeline.tools.multimodal - INFO - Loading data for modality: brainstates
2025-03-18 15:46:10 - eeg_brain_state_prediction.data_pipeline.tools.multimodal - INFO - Loading data for modality: eeg
2025-03-18 15:46:10 - eeg_brain_state_prediction.data_pipeline.tools.multimodal - INFO - Saving data to: /data2/Projects/eeg_fmri_natview/chang_data/derivatives/sub-0010/ses-01/multimodal/sub-0010_ses-01_task-MeRest_acq-mr0009_desc-Gfp8Caps_multimodal.pkl
2025-03-18 15:46:10 - eeg_brain_state_prediction.data_pipeline.tools.multimodal - INFO - Successfully saved data
2025-03-18 15:46:10 - eeg_brain_state_prediction.data_pipeline.tools.multimodal - INFO - Loading data for modality: brainstates
2025-03-18 15:46:10 - eeg_brain_state_prediction.data_pipeline.tools.multimodal - INFO - Loading data for modality: eeg
2025-03-18 15:46:10 - eeg_brain_state_prediction.data_pipeline.tools.multimodal - INFO - Saving data to: /data2/Projects/eeg_fmri_natview/chang_data/derivatives/sub-0010/ses-01/multimodal/sub-0010_ses-01_task-MeRest_acq-mr0009_desc-Gfp8Caps_multimodal.pkl
2025-03-18 15:46:10 - eeg_brain_state_prediction.data_pipeline.tools.multimodal - INFO - Successfully saved data
2025-03-18 15:46:10 - eeg_brain_state_prediction.data_pipeline.tools.multimodal - INFO - Loading data for modality: brainstates
2025-03-18 15:46:10 - eeg_brain_state_prediction.data_pipeline.tools.multimodal - INFO - Loading data for modality: eeg
2025-03-18 15:46:11 - eeg_brain_state_prediction.data_pipeline.tools.multimodal - INFO - Saving data to: /data2/Projects/eeg_fmri_natview/chang_data/derivatives/sub-0010/ses-01/multimodal/sub-0010_ses-01_task-MeRest_acq-mr0015_desc-Gfp8Caps_multimodal.pkl
2025-03-18 15:46:11 - eeg_brain_state_prediction.data_pipeline.tools.multimodal - INFO - Successfully saved data
2025-03-18 15:46:11 - eeg_brain_state_prediction.data_pipeline.tools.multimodal - INFO - Loading data for modality: brainstates
2025-03-18 15:46:11 - eeg_brain_state_prediction.data_pipeline.tools.multimodal - INFO - Loading data for modality: eeg
2025-03-18 15:46:11 - eeg_brain_state_prediction.data_pipeline.tools.multimodal - INFO - Saving data to: /data2/Projects/eeg_fmri_natview/chang_data/derivatives/sub-0010/ses-01/multimodal/sub-0010_ses-01_task-MeRest_acq-mr0015_desc-Gfp8Caps_multimodal.pkl
2025-03-18 15:46:11 - eeg_brain_state_prediction.data_pipeline.tools.multimodal - INFO - Successfully saved data
2025-03-18 15:46:11 - eeg_brain_state_prediction.data_pipeline.tools.multimodal - INFO - Loading data for modality: brainstates
2025-03-18 15:46:11 - eeg_brain_state_prediction.data_pipeline.tools.multimodal - INFO - Loading data for modality: eeg
2025-03-18 15:46:11 - eeg_brain_state_prediction.data_pipeline.tools.multimodal - INFO - Saving data to: /data2/Projects/eeg_fmri_natview/chang_data/derivatives/sub-0010/ses-01/multimodal/sub-0010_ses-01_task-MeRest_acq-mr0009_desc-Gfp8Caps_multimodal.pkl
2025-03-18 15:46:11 - eeg_brain_state_prediction.data_pipeline.tools.multimodal - INFO - Successfully saved data
2025-03-18 15:46:11 - eeg_brain_state_prediction.data_pipeline.tools.multimodal - INFO - Loading data for modality: brainstates
2025-03-18 15:46:11 - eeg_brain_state_prediction.data_pipeline.tools.multimodal - INFO - Loading data for modality: eeg
2025-03-18 15:46:11 - eeg_brain_state_prediction.data_pipeline.tools.multimodal - INFO - Saving data to: /data2/Projects/eeg_fmri_natview/chang_data/derivatives/sub-0012/ses-01/multimodal/sub-0012_ses-01_task-MeRest_acq-mr0018_desc-Gfp8Caps_multimodal.pkl
2025-03-18 15:46:11 - eeg_brain_state_prediction.data_pipeline.tools.multimodal - INFO - Successfully saved data
2025-03-18 15:46:11 - eeg_brain_state_prediction.data_pipeline.tools.multimodal - INFO - Loading data for modality: brainstates
2025-03-18 15:46:11 - eeg_brain_state_prediction.data_pipeline.tools.multimodal - INFO - Loading data for modality: eeg
2025-03-18 15:46:11 - eeg_brain_state_prediction.data_pipeline.tools.multimodal - INFO - Saving data to: /data2/Projects/eeg_fmri_natview/chang_data/derivatives/sub-0012/ses-01/multimodal/sub-0012_ses-01_task-MeRest_acq-mr0018_desc-Gfp8Caps_multimodal.pkl
2025-03-18 15:46:11 - eeg_brain_state_prediction.data_pipeline.tools.multimodal - INFO - Successfully saved data
2025-03-18 15:46:11 - eeg_brain_state_prediction.data_pipeline.tools.multimodal - INFO - Loading data for modality: brainstates
2025-03-18 15:46:11 - eeg_brain_state_prediction.data_pipeline.tools.multimodal - INFO - Loading data for modality: eeg
2025-03-18 15:46:11 - eeg_brain_state_prediction.data_pipeline.tools.multimodal - INFO - Saving data to: /data2/Projects/eeg_fmri_natview/chang_data/derivatives/sub-0012/ses-01/multimodal/sub-0012_ses-01_task-MeRest_acq-mr0012_desc-Gfp8Caps_multimodal.pkl
2025-03-18 15:46:11 - eeg_brain_state_prediction.data_pipeline.tools.multimodal - INFO - Successfully saved data
2025-03-18 15:46:11 - eeg_brain_state_prediction.data_pipeline.tools.multimodal - INFO - Loading data for modality: brainstates
2025-03-18 15:46:11 - eeg_brain_state_prediction.data_pipeline.tools.multimodal - INFO - Loading data for modality: eeg
2025-03-18 15:46:11 - eeg_brain_state_prediction.data_pipeline.tools.multimodal - INFO - Saving data to: /data2/Projects/eeg_fmri_natview/chang_data/derivatives/sub-0012/ses-01/multimodal/sub-0012_ses-01_task-MeRest_acq-mr0012_desc-Gfp8Caps_multimodal.pkl
2025-03-18 15:46:11 - eeg_brain_state_prediction.data_pipeline.tools.multimodal - INFO - Successfully saved data
2025-03-18 15:46:11 - eeg_brain_state_prediction.data_pipeline.tools.multimodal - INFO - Loading data for modality: brainstates
2025-03-18 15:46:11 - eeg_brain_state_prediction.data_pipeline.tools.multimodal - INFO - Loading data for modality: eeg
2025-03-18 15:46:11 - eeg_brain_state_prediction.data_pipeline.tools.multimodal - INFO - Saving data to: /data2/Projects/eeg_fmri_natview/chang_data/derivatives/sub-0012/ses-01/multimodal/sub-0012_ses-01_task-MeRest_acq-mr0012_desc-Gfp8Caps_multimodal.pkl
2025-03-18 15:46:11 - eeg_brain_state_prediction.data_pipeline.tools.multimodal - INFO - Successfully saved data
2025-03-18 15:46:11 - eeg_brain_state_prediction.data_pipeline.tools.multimodal - INFO - Loading data for modality: brainstates
2025-03-18 15:46:11 - eeg_brain_state_prediction.data_pipeline.tools.multimodal - INFO - Loading data for modality: eeg
2025-03-18 15:46:11 - eeg_brain_state_prediction.data_pipeline.tools.multimodal - INFO - Saving data to: /data2/Projects/eeg_fmri_natview/chang_data/derivatives/sub-0012/ses-01/multimodal/sub-0012_ses-01_task-MeRest_acq-mr0018_desc-Gfp8Caps_multimodal.pkl
2025-03-18 15:46:11 - eeg_brain_state_prediction.data_pipeline.tools.multimodal - INFO - Successfully saved data
2025-03-18 15:46:11 - eeg_brain_state_prediction.data_pipeline.tools.multimodal - INFO - Loading data for modality: brainstates
2025-03-18 15:46:11 - eeg_brain_state_prediction.data_pipeline.tools.multimodal - INFO - Loading data for modality: eeg
2025-03-18 15:46:11 - eeg_brain_state_prediction.data_pipeline.tools.multimodal - INFO - Saving data to: /data2/Projects/eeg_fmri_natview/chang_data/derivatives/sub-0012/ses-01/multimodal/sub-0012_ses-01_task-MeRest_acq-mr0012_desc-Gfp8Caps_multimodal.pkl
2025-03-18 15:46:11 - eeg_brain_state_prediction.data_pipeline.tools.multimodal - INFO - Successfully saved data
2025-03-18 15:46:11 - eeg_brain_state_prediction.data_pipeline.tools.multimodal - INFO - Loading data for modality: brainstates
2025-03-18 15:46:11 - eeg_brain_state_prediction.data_pipeline.tools.multimodal - INFO - Loading data for modality: eeg
2025-03-18 15:46:11 - eeg_brain_state_prediction.data_pipeline.tools.multimodal - INFO - Saving data to: /data2/Projects/eeg_fmri_natview/chang_data/derivatives/sub-0012/ses-01/multimodal/sub-0012_ses-01_task-MeRest_acq-mr0018_desc-Gfp8Caps_multimodal.pkl
2025-03-18 15:46:11 - eeg_brain_state_prediction.data_pipeline.tools.multimodal - INFO - Successfully saved data
2025-03-18 15:46:11 - eeg_brain_state_prediction.data_pipeline.tools.multimodal - INFO - Loading data for modality: brainstates
2025-03-18 15:46:11 - eeg_brain_state_prediction.data_pipeline.tools.multimodal - INFO - Loading data for modality: eeg
2025-03-18 15:46:11 - eeg_brain_state_prediction.data_pipeline.tools.multimodal - INFO - Saving data to: /data2/Projects/eeg_fmri_natview/chang_data/derivatives/sub-0014/ses-01/multimodal/sub-0014_ses-01_task-MeRest_acq-mr0018_desc-Gfp8Caps_multimodal.pkl
2025-03-18 15:46:11 - eeg_brain_state_prediction.data_pipeline.tools.multimodal - INFO - Successfully saved data
2025-03-18 15:46:11 - eeg_brain_state_prediction.data_pipeline.tools.multimodal - INFO - Loading data for modality: brainstates
2025-03-18 15:46:11 - eeg_brain_state_prediction.data_pipeline.tools.multimodal - INFO - Loading data for modality: eeg
2025-03-18 15:46:12 - eeg_brain_state_prediction.data_pipeline.tools.multimodal - INFO - Saving data to: /data2/Projects/eeg_fmri_natview/chang_data/derivatives/sub-0014/ses-01/multimodal/sub-0014_ses-01_task-MeRest_acq-mr0018_desc-Gfp8Caps_multimodal.pkl
2025-03-18 15:46:12 - eeg_brain_state_prediction.data_pipeline.tools.multimodal - INFO - Successfully saved data
2025-03-18 15:46:12 - eeg_brain_state_prediction.data_pipeline.tools.multimodal - INFO - Loading data for modality: brainstates
2025-03-18 15:46:12 - eeg_brain_state_prediction.data_pipeline.tools.multimodal - INFO - Loading data for modality: eeg
2025-03-18 15:46:12 - eeg_brain_state_prediction.data_pipeline.tools.multimodal - INFO - Saving data to: /data2/Projects/eeg_fmri_natview/chang_data/derivatives/sub-0014/ses-01/multimodal/sub-0014_ses-01_task-MeRest_acq-mr0012_desc-Gfp8Caps_multimodal.pkl
2025-03-18 15:46:12 - eeg_brain_state_prediction.data_pipeline.tools.multimodal - INFO - Successfully saved data
2025-03-18 15:46:12 - eeg_brain_state_prediction.data_pipeline.tools.multimodal - INFO - Loading data for modality: brainstates
2025-03-18 15:46:12 - eeg_brain_state_prediction.data_pipeline.tools.multimodal - INFO - Loading data for modality: eeg
2025-03-18 15:46:12 - eeg_brain_state_prediction.data_pipeline.tools.multimodal - INFO - Saving data to: /data2/Projects/eeg_fmri_natview/chang_data/derivatives/sub-0014/ses-01/multimodal/sub-0014_ses-01_task-MeRest_acq-mr0012_desc-Gfp8Caps_multimodal.pkl
2025-03-18 15:46:12 - eeg_brain_state_prediction.data_pipeline.tools.multimodal - INFO - Successfully saved data
2025-03-18 15:46:12 - eeg_brain_state_prediction.data_pipeline.tools.multimodal - INFO - Loading data for modality: brainstates
2025-03-18 15:46:12 - eeg_brain_state_prediction.data_pipeline.tools.multimodal - INFO - Loading data for modality: eeg
2025-03-18 15:46:12 - eeg_brain_state_prediction.data_pipeline.tools.multimodal - INFO - Saving data to: /data2/Projects/eeg_fmri_natview/chang_data/derivatives/sub-0014/ses-01/multimodal/sub-0014_ses-01_task-MeRest_acq-mr0012_desc-Gfp8Caps_multimodal.pkl
2025-03-18 15:46:12 - eeg_brain_state_prediction.data_pipeline.tools.multimodal - INFO - Successfully saved data
2025-03-18 15:46:12 - eeg_brain_state_prediction.data_pipeline.tools.multimodal - INFO - Loading data for modality: brainstates
2025-03-18 15:46:12 - eeg_brain_state_prediction.data_pipeline.tools.multimodal - INFO - Loading data for modality: eeg
2025-03-18 15:46:12 - eeg_brain_state_prediction.data_pipeline.tools.multimodal - INFO - Saving data to: /data2/Projects/eeg_fmri_natview/chang_data/derivatives/sub-0014/ses-01/multimodal/sub-0014_ses-01_task-MeRest_acq-mr0018_desc-Gfp8Caps_multimodal.pkl
2025-03-18 15:46:12 - eeg_brain_state_prediction.data_pipeline.tools.multimodal - INFO - Successfully saved data
2025-03-18 15:46:12 - eeg_brain_state_prediction.data_pipeline.tools.multimodal - INFO - Loading data for modality: brainstates
2025-03-18 15:46:12 - eeg_brain_state_prediction.data_pipeline.tools.multimodal - INFO - Loading data for modality: eeg
2025-03-18 15:46:12 - eeg_brain_state_prediction.data_pipeline.tools.multimodal - INFO - Saving data to: /data2/Projects/eeg_fmri_natview/chang_data/derivatives/sub-0014/ses-01/multimodal/sub-0014_ses-01_task-MeRest_acq-mr0012_desc-Gfp8Caps_multimodal.pkl
2025-03-18 15:46:12 - eeg_brain_state_prediction.data_pipeline.tools.multimodal - INFO - Successfully saved data
2025-03-18 15:46:12 - eeg_brain_state_prediction.data_pipeline.tools.multimodal - INFO - Loading data for modality: brainstates
2025-03-18 15:46:12 - eeg_brain_state_prediction.data_pipeline.tools.multimodal - INFO - Loading data for modality: eeg
2025-03-18 15:46:12 - eeg_brain_state_prediction.data_pipeline.tools.multimodal - INFO - Saving data to: /data2/Projects/eeg_fmri_natview/chang_data/derivatives/sub-0014/ses-01/multimodal/sub-0014_ses-01_task-MeRest_acq-mr0018_desc-Gfp8Caps_multimodal.pkl
2025-03-18 15:46:12 - eeg_brain_state_prediction.data_pipeline.tools.multimodal - INFO - Successfully saved data
2025-03-18 15:46:12 - eeg_brain_state_prediction.data_pipeline.tools.multimodal - INFO - Loading data for modality: brainstates
2025-03-18 15:46:12 - eeg_brain_state_prediction.data_pipeline.tools.multimodal - INFO - Loading data for modality: eeg
2025-03-18 15:46:12 - eeg_brain_state_prediction.data_pipeline.tools.multimodal - INFO - Saving data to: /data2/Projects/eeg_fmri_natview/chang_data/derivatives/sub-0016/ses-01/multimodal/sub-0016_ses-01_task-MeRest_acq-mr0006_desc-Gfp8Caps_multimodal.pkl
2025-03-18 15:46:12 - eeg_brain_state_prediction.data_pipeline.tools.multimodal - INFO - Successfully saved data
2025-03-18 15:46:12 - eeg_brain_state_prediction.data_pipeline.tools.multimodal - INFO - Loading data for modality: brainstates
2025-03-18 15:46:12 - eeg_brain_state_prediction.data_pipeline.tools.multimodal - INFO - Loading data for modality: eeg
2025-03-18 15:46:12 - eeg_brain_state_prediction.data_pipeline.tools.multimodal - INFO - Saving data to: /data2/Projects/eeg_fmri_natview/chang_data/derivatives/sub-0016/ses-01/multimodal/sub-0016_ses-01_task-MeRest_acq-mr0006_desc-Gfp8Caps_multimodal.pkl
2025-03-18 15:46:12 - eeg_brain_state_prediction.data_pipeline.tools.multimodal - INFO - Successfully saved data
2025-03-18 15:46:12 - eeg_brain_state_prediction.data_pipeline.tools.multimodal - INFO - Loading data for modality: brainstates
2025-03-18 15:46:12 - eeg_brain_state_prediction.data_pipeline.tools.multimodal - INFO - Loading data for modality: eeg
2025-03-18 15:46:12 - eeg_brain_state_prediction.data_pipeline.tools.multimodal - INFO - Saving data to: /data2/Projects/eeg_fmri_natview/chang_data/derivatives/sub-0016/ses-01/multimodal/sub-0016_ses-01_task-MeRest_acq-mr0015_desc-Gfp8Caps_multimodal.pkl
2025-03-18 15:46:12 - eeg_brain_state_prediction.data_pipeline.tools.multimodal - INFO - Successfully saved data
2025-03-18 15:46:12 - eeg_brain_state_prediction.data_pipeline.tools.multimodal - INFO - Loading data for modality: brainstates
2025-03-18 15:46:12 - eeg_brain_state_prediction.data_pipeline.tools.multimodal - INFO - Loading data for modality: eeg
2025-03-18 15:46:12 - eeg_brain_state_prediction.data_pipeline.tools.multimodal - INFO - Saving data to: /data2/Projects/eeg_fmri_natview/chang_data/derivatives/sub-0016/ses-01/multimodal/sub-0016_ses-01_task-MeRest_acq-mr0015_desc-Gfp8Caps_multimodal.pkl
2025-03-18 15:46:12 - eeg_brain_state_prediction.data_pipeline.tools.multimodal - INFO - Successfully saved data
2025-03-18 15:46:12 - eeg_brain_state_prediction.data_pipeline.tools.multimodal - INFO - Loading data for modality: brainstates
2025-03-18 15:46:12 - eeg_brain_state_prediction.data_pipeline.tools.multimodal - INFO - Loading data for modality: eeg
2025-03-18 15:46:12 - eeg_brain_state_prediction.data_pipeline.tools.multimodal - INFO - Saving data to: /data2/Projects/eeg_fmri_natview/chang_data/derivatives/sub-0016/ses-01/multimodal/sub-0016_ses-01_task-MeRest_acq-mr0015_desc-Gfp8Caps_multimodal.pkl
2025-03-18 15:46:13 - eeg_brain_state_prediction.data_pipeline.tools.multimodal - INFO - Successfully saved data
2025-03-18 15:46:13 - eeg_brain_state_prediction.data_pipeline.tools.multimodal - INFO - Loading data for modality: brainstates
2025-03-18 15:46:13 - eeg_brain_state_prediction.data_pipeline.tools.multimodal - INFO - Loading data for modality: eeg
2025-03-18 15:46:13 - eeg_brain_state_prediction.data_pipeline.tools.multimodal - INFO - Saving data to: /data2/Projects/eeg_fmri_natview/chang_data/derivatives/sub-0016/ses-01/multimodal/sub-0016_ses-01_task-MeRest_acq-mr0006_desc-Gfp8Caps_multimodal.pkl
2025-03-18 15:46:13 - eeg_brain_state_prediction.data_pipeline.tools.multimodal - INFO - Successfully saved data
2025-03-18 15:46:13 - eeg_brain_state_prediction.data_pipeline.tools.multimodal - INFO - Loading data for modality: brainstates
2025-03-18 15:46:13 - eeg_brain_state_prediction.data_pipeline.tools.multimodal - INFO - Loading data for modality: eeg
2025-03-18 15:46:13 - eeg_brain_state_prediction.data_pipeline.tools.multimodal - INFO - Saving data to: /data2/Projects/eeg_fmri_natview/chang_data/derivatives/sub-0016/ses-01/multimodal/sub-0016_ses-01_task-MeRest_acq-mr0015_desc-Gfp8Caps_multimodal.pkl
2025-03-18 15:46:13 - eeg_brain_state_prediction.data_pipeline.tools.multimodal - INFO - Successfully saved data
2025-03-18 15:46:13 - eeg_brain_state_prediction.data_pipeline.tools.multimodal - INFO - Loading data for modality: brainstates
2025-03-18 15:46:13 - eeg_brain_state_prediction.data_pipeline.tools.multimodal - INFO - Loading data for modality: eeg
2025-03-18 15:46:13 - eeg_brain_state_prediction.data_pipeline.tools.multimodal - INFO - Saving data to: /data2/Projects/eeg_fmri_natview/chang_data/derivatives/sub-0016/ses-01/multimodal/sub-0016_ses-01_task-MeRest_acq-mr0006_desc-Gfp8Caps_multimodal.pkl
2025-03-18 15:46:13 - eeg_brain_state_prediction.data_pipeline.tools.multimodal - INFO - Successfully saved data
2025-03-18 15:46:13 - eeg_brain_state_prediction.data_pipeline.tools.multimodal - INFO - Loading data for modality: brainstates
2025-03-18 15:46:13 - eeg_brain_state_prediction.data_pipeline.tools.multimodal - INFO - Loading data for modality: eeg
2025-03-18 15:46:13 - eeg_brain_state_prediction.data_pipeline.tools.multimodal - INFO - Saving data to: /data2/Projects/eeg_fmri_natview/chang_data/derivatives/sub-0021/ses-01/multimodal/sub-0021_ses-01_task-MeRest_acq-mr0012_desc-Gfp8Caps_multimodal.pkl
2025-03-18 15:46:13 - eeg_brain_state_prediction.data_pipeline.tools.multimodal - INFO - Successfully saved data
2025-03-18 15:46:13 - eeg_brain_state_prediction.data_pipeline.tools.multimodal - INFO - Loading data for modality: brainstates
2025-03-18 15:46:13 - eeg_brain_state_prediction.data_pipeline.tools.multimodal - INFO - Loading data for modality: eeg
2025-03-18 15:46:13 - eeg_brain_state_prediction.data_pipeline.tools.multimodal - INFO - Saving data to: /data2/Projects/eeg_fmri_natview/chang_data/derivatives/sub-0021/ses-01/multimodal/sub-0021_ses-01_task-MeRest_acq-mr0012_desc-Gfp8Caps_multimodal.pkl
2025-03-18 15:46:13 - eeg_brain_state_prediction.data_pipeline.tools.multimodal - INFO - Successfully saved data
2025-03-18 15:46:13 - eeg_brain_state_prediction.data_pipeline.tools.multimodal - INFO - Loading data for modality: brainstates
2025-03-18 15:46:13 - eeg_brain_state_prediction.data_pipeline.tools.multimodal - INFO - Loading data for modality: eeg
2025-03-18 15:46:13 - eeg_brain_state_prediction.data_pipeline.tools.multimodal - INFO - Saving data to: /data2/Projects/eeg_fmri_natview/chang_data/derivatives/sub-0021/ses-01/multimodal/sub-0021_ses-01_task-MeRest_acq-mr0012_desc-Gfp8Caps_multimodal.pkl
2025-03-18 15:46:13 - eeg_brain_state_prediction.data_pipeline.tools.multimodal - INFO - Successfully saved data
2025-03-18 15:46:13 - eeg_brain_state_prediction.data_pipeline.tools.multimodal - INFO - Loading data for modality: brainstates
2025-03-18 15:46:13 - eeg_brain_state_prediction.data_pipeline.tools.multimodal - INFO - Loading data for modality: eeg
2025-03-18 15:46:13 - eeg_brain_state_prediction.data_pipeline.tools.multimodal - INFO - Saving data to: /data2/Projects/eeg_fmri_natview/chang_data/derivatives/sub-0021/ses-01/multimodal/sub-0021_ses-01_task-MeRest_acq-mr0012_desc-Gfp8Caps_multimodal.pkl
2025-03-18 15:46:13 - eeg_brain_state_prediction.data_pipeline.tools.multimodal - INFO - Successfully saved data
2025-03-18 15:46:13 - eeg_brain_state_prediction.data_pipeline.tools.multimodal - INFO - Loading data for modality: brainstates
2025-03-18 15:46:13 - eeg_brain_state_prediction.data_pipeline.tools.multimodal - INFO - Loading data for modality: eeg
2025-03-18 15:46:13 - eeg_brain_state_prediction.data_pipeline.tools.multimodal - INFO - Saving data to: /data2/Projects/eeg_fmri_natview/chang_data/derivatives/sub-0027/ses-01/multimodal/sub-0027_ses-01_task-MeRest_acq-mr0009_desc-Gfp8Caps_multimodal.pkl
2025-03-18 15:46:13 - eeg_brain_state_prediction.data_pipeline.tools.multimodal - INFO - Successfully saved data
2025-03-18 15:46:13 - eeg_brain_state_prediction.data_pipeline.tools.multimodal - INFO - Loading data for modality: brainstates
2025-03-18 15:46:13 - eeg_brain_state_prediction.data_pipeline.tools.multimodal - INFO - Loading data for modality: eeg
2025-03-18 15:46:13 - eeg_brain_state_prediction.data_pipeline.tools.multimodal - INFO - Saving data to: /data2/Projects/eeg_fmri_natview/chang_data/derivatives/sub-0027/ses-01/multimodal/sub-0027_ses-01_task-MeRest_acq-mr0009_desc-Gfp8Caps_multimodal.pkl
2025-03-18 15:46:13 - eeg_brain_state_prediction.data_pipeline.tools.multimodal - INFO - Successfully saved data
2025-03-18 15:46:13 - eeg_brain_state_prediction.data_pipeline.tools.multimodal - INFO - Loading data for modality: brainstates
2025-03-18 15:46:13 - eeg_brain_state_prediction.data_pipeline.tools.multimodal - INFO - Loading data for modality: eeg
2025-03-18 15:46:13 - eeg_brain_state_prediction.data_pipeline.tools.multimodal - INFO - Saving data to: /data2/Projects/eeg_fmri_natview/chang_data/derivatives/sub-0027/ses-01/multimodal/sub-0027_ses-01_task-MeRest_acq-mr0009_desc-Gfp8Caps_multimodal.pkl
2025-03-18 15:46:13 - eeg_brain_state_prediction.data_pipeline.tools.multimodal - INFO - Successfully saved data
2025-03-18 15:46:13 - eeg_brain_state_prediction.data_pipeline.tools.multimodal - INFO - Loading data for modality: brainstates
2025-03-18 15:46:13 - eeg_brain_state_prediction.data_pipeline.tools.multimodal - INFO - Loading data for modality: eeg
2025-03-18 15:46:13 - eeg_brain_state_prediction.data_pipeline.tools.multimodal - INFO - Saving data to: /data2/Projects/eeg_fmri_natview/chang_data/derivatives/sub-0027/ses-01/multimodal/sub-0027_ses-01_task-MeRest_acq-mr0009_desc-Gfp8Caps_multimodal.pkl
2025-03-18 15:46:13 - eeg_brain_state_prediction.data_pipeline.tools.multimodal - INFO - Successfully saved data
2025-03-18 15:46:13 - eeg_brain_state_prediction.data_pipeline.tools.multimodal - INFO - Loading data for modality: brainstates
2025-03-18 15:46:13 - eeg_brain_state_prediction.data_pipeline.tools.multimodal - INFO - Loading data for modality: eeg
2025-03-18 15:46:14 - eeg_brain_state_prediction.data_pipeline.tools.multimodal - INFO - Saving data to: /data2/Projects/eeg_fmri_natview/chang_data/derivatives/sub-0028/ses-01/multimodal/sub-0028_ses-01_task-MeRest_acq-mr0012_desc-Gfp8Caps_multimodal.pkl
2025-03-18 15:46:14 - eeg_brain_state_prediction.data_pipeline.tools.multimodal - INFO - Successfully saved data
2025-03-18 15:46:14 - eeg_brain_state_prediction.data_pipeline.tools.multimodal - INFO - Loading data for modality: brainstates
2025-03-18 15:46:14 - eeg_brain_state_prediction.data_pipeline.tools.multimodal - INFO - Loading data for modality: eeg
2025-03-18 15:46:14 - eeg_brain_state_prediction.data_pipeline.tools.multimodal - INFO - Saving data to: /data2/Projects/eeg_fmri_natview/chang_data/derivatives/sub-0028/ses-01/multimodal/sub-0028_ses-01_task-MeRest_acq-mr0012_desc-Gfp8Caps_multimodal.pkl
2025-03-18 15:46:14 - eeg_brain_state_prediction.data_pipeline.tools.multimodal - INFO - Successfully saved data
2025-03-18 15:46:14 - eeg_brain_state_prediction.data_pipeline.tools.multimodal - INFO - Loading data for modality: brainstates
2025-03-18 15:46:14 - eeg_brain_state_prediction.data_pipeline.tools.multimodal - INFO - Loading data for modality: eeg
2025-03-18 15:46:14 - eeg_brain_state_prediction.data_pipeline.tools.multimodal - INFO - Saving data to: /data2/Projects/eeg_fmri_natview/chang_data/derivatives/sub-0028/ses-01/multimodal/sub-0028_ses-01_task-MeRest_acq-mr0012_desc-Gfp8Caps_multimodal.pkl
2025-03-18 15:46:14 - eeg_brain_state_prediction.data_pipeline.tools.multimodal - INFO - Successfully saved data
2025-03-18 15:46:14 - eeg_brain_state_prediction.data_pipeline.tools.multimodal - INFO - Loading data for modality: brainstates
2025-03-18 15:46:14 - eeg_brain_state_prediction.data_pipeline.tools.multimodal - INFO - Loading data for modality: eeg
2025-03-18 15:46:14 - eeg_brain_state_prediction.data_pipeline.tools.multimodal - INFO - Saving data to: /data2/Projects/eeg_fmri_natview/chang_data/derivatives/sub-0028/ses-01/multimodal/sub-0028_ses-01_task-MeRest_acq-mr0012_desc-Gfp8Caps_multimodal.pkl
2025-03-18 15:46:14 - eeg_brain_state_prediction.data_pipeline.tools.multimodal - INFO - Successfully saved data
2025-03-18 15:46:14 - eeg_brain_state_prediction.data_pipeline.tools.multimodal - INFO - Loading data for modality: brainstates
2025-03-18 15:46:14 - eeg_brain_state_prediction.data_pipeline.tools.multimodal - INFO - Loading data for modality: eeg
2025-03-18 15:46:14 - eeg_brain_state_prediction.data_pipeline.tools.multimodal - INFO - Saving data to: /data2/Projects/eeg_fmri_natview/chang_data/derivatives/sub-0029/ses-01/multimodal/sub-0029_ses-01_task-MeRest_acq-mr0012_desc-Gfp8Caps_multimodal.pkl
2025-03-18 15:46:14 - eeg_brain_state_prediction.data_pipeline.tools.multimodal - INFO - Successfully saved data
2025-03-18 15:46:14 - eeg_brain_state_prediction.data_pipeline.tools.multimodal - INFO - Loading data for modality: brainstates
2025-03-18 15:46:14 - eeg_brain_state_prediction.data_pipeline.tools.multimodal - INFO - Loading data for modality: eeg
2025-03-18 15:46:14 - eeg_brain_state_prediction.data_pipeline.tools.multimodal - INFO - Saving data to: /data2/Projects/eeg_fmri_natview/chang_data/derivatives/sub-0029/ses-01/multimodal/sub-0029_ses-01_task-MeRest_acq-mr0012_desc-Gfp8Caps_multimodal.pkl
2025-03-18 15:46:14 - eeg_brain_state_prediction.data_pipeline.tools.multimodal - INFO - Successfully saved data
2025-03-18 15:46:14 - eeg_brain_state_prediction.data_pipeline.tools.multimodal - INFO - Loading data for modality: brainstates
2025-03-18 15:46:14 - eeg_brain_state_prediction.data_pipeline.tools.multimodal - INFO - Loading data for modality: eeg
2025-03-18 15:46:14 - eeg_brain_state_prediction.data_pipeline.tools.multimodal - INFO - Saving data to: /data2/Projects/eeg_fmri_natview/chang_data/derivatives/sub-0029/ses-01/multimodal/sub-0029_ses-01_task-MeRest_acq-mr0012_desc-Gfp8Caps_multimodal.pkl
2025-03-18 15:46:14 - eeg_brain_state_prediction.data_pipeline.tools.multimodal - INFO - Successfully saved data
2025-03-18 15:46:14 - eeg_brain_state_prediction.data_pipeline.tools.multimodal - INFO - Loading data for modality: brainstates
2025-03-18 15:46:14 - eeg_brain_state_prediction.data_pipeline.tools.multimodal - INFO - Loading data for modality: eeg
2025-03-18 15:46:14 - eeg_brain_state_prediction.data_pipeline.tools.multimodal - INFO - Saving data to: /data2/Projects/eeg_fmri_natview/chang_data/derivatives/sub-0029/ses-01/multimodal/sub-0029_ses-01_task-MeRest_acq-mr0012_desc-Gfp8Caps_multimodal.pkl
2025-03-18 15:46:14 - eeg_brain_state_prediction.data_pipeline.tools.multimodal - INFO - Successfully saved data
2025-03-18 15:46:14 - eeg_brain_state_prediction.data_pipeline.tools.multimodal - INFO - Loading data for modality: brainstates
2025-03-18 15:46:14 - eeg_brain_state_prediction.data_pipeline.tools.multimodal - INFO - Loading data for modality: eeg
2025-03-18 15:46:14 - eeg_brain_state_prediction.data_pipeline.tools.multimodal - INFO - Saving data to: /data2/Projects/eeg_fmri_natview/chang_data/derivatives/sub-0030/ses-01/multimodal/sub-0030_ses-01_task-MeRest_acq-mr0009_desc-Gfp8Caps_multimodal.pkl
2025-03-18 15:46:14 - eeg_brain_state_prediction.data_pipeline.tools.multimodal - INFO - Successfully saved data
2025-03-18 15:46:14 - eeg_brain_state_prediction.data_pipeline.tools.multimodal - INFO - Loading data for modality: brainstates
2025-03-18 15:46:14 - eeg_brain_state_prediction.data_pipeline.tools.multimodal - INFO - Loading data for modality: eeg
2025-03-18 15:46:14 - eeg_brain_state_prediction.data_pipeline.tools.multimodal - INFO - Saving data to: /data2/Projects/eeg_fmri_natview/chang_data/derivatives/sub-0030/ses-01/multimodal/sub-0030_ses-01_task-MeRest_acq-mr0009_desc-Gfp8Caps_multimodal.pkl
2025-03-18 15:46:14 - eeg_brain_state_prediction.data_pipeline.tools.multimodal - INFO - Successfully saved data
2025-03-18 15:46:14 - eeg_brain_state_prediction.data_pipeline.tools.multimodal - INFO - Loading data for modality: brainstates
2025-03-18 15:46:14 - eeg_brain_state_prediction.data_pipeline.tools.multimodal - INFO - Loading data for modality: eeg
2025-03-18 15:46:14 - eeg_brain_state_prediction.data_pipeline.tools.multimodal - INFO - Saving data to: /data2/Projects/eeg_fmri_natview/chang_data/derivatives/sub-0030/ses-01/multimodal/sub-0030_ses-01_task-MeRest_acq-mr0009_desc-Gfp8Caps_multimodal.pkl
2025-03-18 15:46:14 - eeg_brain_state_prediction.data_pipeline.tools.multimodal - INFO - Successfully saved data
2025-03-18 15:46:14 - eeg_brain_state_prediction.data_pipeline.tools.multimodal - INFO - Loading data for modality: brainstates
2025-03-18 15:46:14 - eeg_brain_state_prediction.data_pipeline.tools.multimodal - INFO - Loading data for modality: eeg
2025-03-18 15:46:15 - eeg_brain_state_prediction.data_pipeline.tools.multimodal - INFO - Saving data to: /data2/Projects/eeg_fmri_natview/chang_data/derivatives/sub-0030/ses-01/multimodal/sub-0030_ses-01_task-MeRest_acq-mr0009_desc-Gfp8Caps_multimodal.pkl
2025-03-18 15:46:15 - eeg_brain_state_prediction.data_pipeline.tools.multimodal - INFO - Successfully saved data
2025-03-18 15:46:15 - eeg_brain_state_prediction.data_pipeline.tools.multimodal - INFO - Loading data for modality: brainstates
2025-03-18 15:46:15 - eeg_brain_state_prediction.data_pipeline.tools.multimodal - INFO - Loading data for modality: eeg
2025-03-18 15:46:15 - eeg_brain_state_prediction.data_pipeline.tools.multimodal - INFO - Saving data to: /data2/Projects/eeg_fmri_natview/chang_data/derivatives/sub-0031/ses-01/multimodal/sub-0031_ses-01_task-MeRest_acq-mr0015_desc-Gfp8Caps_multimodal.pkl
2025-03-18 15:46:15 - eeg_brain_state_prediction.data_pipeline.tools.multimodal - INFO - Successfully saved data
2025-03-18 15:46:15 - eeg_brain_state_prediction.data_pipeline.tools.multimodal - INFO - Loading data for modality: brainstates
2025-03-18 15:46:15 - eeg_brain_state_prediction.data_pipeline.tools.multimodal - INFO - Loading data for modality: eeg
2025-03-18 15:46:15 - eeg_brain_state_prediction.data_pipeline.tools.multimodal - INFO - Saving data to: /data2/Projects/eeg_fmri_natview/chang_data/derivatives/sub-0031/ses-01/multimodal/sub-0031_ses-01_task-MeRest_acq-mr0015_desc-Gfp8Caps_multimodal.pkl
2025-03-18 15:46:15 - eeg_brain_state_prediction.data_pipeline.tools.multimodal - INFO - Successfully saved data
2025-03-18 15:46:15 - eeg_brain_state_prediction.data_pipeline.tools.multimodal - INFO - Loading data for modality: brainstates
2025-03-18 15:46:15 - eeg_brain_state_prediction.data_pipeline.tools.multimodal - INFO - Loading data for modality: eeg
2025-03-18 15:46:15 - eeg_brain_state_prediction.data_pipeline.tools.multimodal - INFO - Saving data to: /data2/Projects/eeg_fmri_natview/chang_data/derivatives/sub-0031/ses-01/multimodal/sub-0031_ses-01_task-MeRest_acq-mr0015_desc-Gfp8Caps_multimodal.pkl
2025-03-18 15:46:15 - eeg_brain_state_prediction.data_pipeline.tools.multimodal - INFO - Successfully saved data
2025-03-18 15:46:15 - eeg_brain_state_prediction.data_pipeline.tools.multimodal - INFO - Loading data for modality: brainstates
2025-03-18 15:46:15 - eeg_brain_state_prediction.data_pipeline.tools.multimodal - INFO - Loading data for modality: eeg
2025-03-18 15:46:15 - eeg_brain_state_prediction.data_pipeline.tools.multimodal - INFO - Saving data to: /data2/Projects/eeg_fmri_natview/chang_data/derivatives/sub-0031/ses-01/multimodal/sub-0031_ses-01_task-MeRest_acq-mr0015_desc-Gfp8Caps_multimodal.pkl
2025-03-18 15:46:15 - eeg_brain_state_prediction.data_pipeline.tools.multimodal - INFO - Successfully saved data
2025-03-18 15:46:15 - eeg_brain_state_prediction.data_pipeline.tools.multimodal - INFO - Loading data for modality: brainstates
2025-03-18 15:46:15 - eeg_brain_state_prediction.data_pipeline.tools.multimodal - INFO - Loading data for modality: eeg
2025-03-18 15:46:15 - eeg_brain_state_prediction.data_pipeline.tools.multimodal - INFO - Saving data to: /data2/Projects/eeg_fmri_natview/chang_data/derivatives/sub-0032/ses-01/multimodal/sub-0032_ses-01_task-MeRest_acq-mr0009_desc-Gfp8Caps_multimodal.pkl
2025-03-18 15:46:15 - eeg_brain_state_prediction.data_pipeline.tools.multimodal - INFO - Successfully saved data
2025-03-18 15:46:15 - eeg_brain_state_prediction.data_pipeline.tools.multimodal - INFO - Loading data for modality: brainstates
2025-03-18 15:46:15 - eeg_brain_state_prediction.data_pipeline.tools.multimodal - INFO - Loading data for modality: eeg
2025-03-18 15:46:15 - eeg_brain_state_prediction.data_pipeline.tools.multimodal - INFO - Saving data to: /data2/Projects/eeg_fmri_natview/chang_data/derivatives/sub-0032/ses-01/multimodal/sub-0032_ses-01_task-MeRest_acq-mr0009_desc-Gfp8Caps_multimodal.pkl
2025-03-18 15:46:15 - eeg_brain_state_prediction.data_pipeline.tools.multimodal - INFO - Successfully saved data
2025-03-18 15:46:15 - eeg_brain_state_prediction.data_pipeline.tools.multimodal - INFO - Loading data for modality: brainstates
2025-03-18 15:46:15 - eeg_brain_state_prediction.data_pipeline.tools.multimodal - INFO - Loading data for modality: eeg
2025-03-18 15:46:15 - eeg_brain_state_prediction.data_pipeline.tools.multimodal - INFO - Saving data to: /data2/Projects/eeg_fmri_natview/chang_data/derivatives/sub-0032/ses-01/multimodal/sub-0032_ses-01_task-MeRest_acq-mr0009_desc-Gfp8Caps_multimodal.pkl
2025-03-18 15:46:15 - eeg_brain_state_prediction.data_pipeline.tools.multimodal - INFO - Successfully saved data
2025-03-18 15:46:15 - eeg_brain_state_prediction.data_pipeline.tools.multimodal - INFO - Loading data for modality: brainstates
2025-03-18 15:46:15 - eeg_brain_state_prediction.data_pipeline.tools.multimodal - INFO - Loading data for modality: eeg
2025-03-18 15:46:15 - eeg_brain_state_prediction.data_pipeline.tools.multimodal - INFO - Saving data to: /data2/Projects/eeg_fmri_natview/chang_data/derivatives/sub-0032/ses-01/multimodal/sub-0032_ses-01_task-MeRest_acq-mr0009_desc-Gfp8Caps_multimodal.pkl
2025-03-18 15:46:15 - eeg_brain_state_prediction.data_pipeline.tools.multimodal - INFO - Successfully saved data
2025-03-18 15:47:05 - eeg_brain_state_prediction.data_pipeline.tools.multimodal - INFO - Loading data for modality: brainstates
2025-03-18 15:47:05 - eeg_brain_state_prediction.data_pipeline.tools.multimodal - INFO - Loading data for modality: eeg
2025-03-18 15:47:06 - eeg_brain_state_prediction.data_pipeline.tools.multimodal - ERROR - Error in resample_data: Failed to resample data: The length of `y` along `axis`=1 doesn't match the length of `x`
Traceback (most recent call last):
  File "/home/slouviot/01_projects/eeg_brain_state_prediction/src/eeg_brain_state_prediction/data_pipeline/tools/multimodal.py", line 141, in resample_data
    interpolator = CubicSpline(not_resampled_time, data, axis=axis)
                   ^^^^^^^^^^^^^^^^^^^^^^^^^^^^^^^^^^^^^^^^^^^^^^^^
  File "/home/slouviot/miniconda3/envs/mne/lib/python3.12/site-packages/scipy/interpolate/_cubic.py", line 751, in __init__
    x, dx, y, axis, _ = prepare_input(x, y, axis)
                        ^^^^^^^^^^^^^^^^^^^^^^^^^
  File "/home/slouviot/miniconda3/envs/mne/lib/python3.12/site-packages/scipy/interpolate/_cubic.py", line 57, in prepare_input
    raise ValueError(f"The length of `y` along `axis`={axis} doesn't "
ValueError: The length of `y` along `axis`=1 doesn't match the length of `x`

During handling of the above exception, another exception occurred:

Traceback (most recent call last):
  File "/home/slouviot/01_projects/eeg_brain_state_prediction/src/eeg_brain_state_prediction/data_pipeline/tools/utils.py", line 78, in wrapper
    result = func(*args, **kwargs)
             ^^^^^^^^^^^^^^^^^^^^^
  File "/home/slouviot/01_projects/eeg_brain_state_prediction/src/eeg_brain_state_prediction/data_pipeline/tools/multimodal.py", line 149, in resample_data
    raise ProcessingError(f"Failed to resample data: {str(e)}")
eeg_brain_state_prediction.data_pipeline.tools.utils.ProcessingError: Failed to resample data: The length of `y` along `axis`=1 doesn't match the length of `x`
2025-03-18 15:48:00 - eeg_brain_state_prediction.data_pipeline.tools.multimodal - INFO - Loading data for modality: brainstates
2025-03-18 15:48:05 - eeg_brain_state_prediction.data_pipeline.tools.multimodal - INFO - Loading data for modality: eeg
2025-03-18 15:48:17 - eeg_brain_state_prediction.data_pipeline.tools.multimodal - ERROR - Error in resample_data: Failed to resample data: The length of `y` along `axis`=1 doesn't match the length of `x`
Traceback (most recent call last):
  File "/home/slouviot/01_projects/eeg_brain_state_prediction/src/eeg_brain_state_prediction/data_pipeline/tools/multimodal.py", line 141, in resample_data
    interpolator = CubicSpline(not_resampled_time, data, axis=axis)
                   ^^^^^^^^^^^^^^^^^^^^^^^^^^^^^^^^^^^^^^^^^^^^^^^^
  File "/home/slouviot/miniconda3/envs/mne/lib/python3.12/site-packages/scipy/interpolate/_cubic.py", line 751, in __init__
    x, dx, y, axis, _ = prepare_input(x, y, axis)
                        ^^^^^^^^^^^^^^^^^^^^^^^^^
  File "/home/slouviot/miniconda3/envs/mne/lib/python3.12/site-packages/scipy/interpolate/_cubic.py", line 57, in prepare_input
    raise ValueError(f"The length of `y` along `axis`={axis} doesn't "
ValueError: The length of `y` along `axis`=1 doesn't match the length of `x`

During handling of the above exception, another exception occurred:

Traceback (most recent call last):
  File "/home/slouviot/01_projects/eeg_brain_state_prediction/src/eeg_brain_state_prediction/data_pipeline/tools/utils.py", line 78, in wrapper
    result = func(*args, **kwargs)
             ^^^^^^^^^^^^^^^^^^^^^
  File "/home/slouviot/01_projects/eeg_brain_state_prediction/src/eeg_brain_state_prediction/data_pipeline/tools/multimodal.py", line 149, in resample_data
    raise ProcessingError(f"Failed to resample data: {str(e)}")
eeg_brain_state_prediction.data_pipeline.tools.utils.ProcessingError: Failed to resample data: The length of `y` along `axis`=1 doesn't match the length of `x`
2025-03-18 15:49:13 - eeg_brain_state_prediction.data_pipeline.tools.multimodal - INFO - Loading data for modality: brainstates
2025-03-18 15:49:23 - eeg_brain_state_prediction.data_pipeline.tools.multimodal - INFO - Loading data for modality: eeg
2025-03-18 15:52:59 - eeg_brain_state_prediction.data_pipeline.tools.multimodal - ERROR - Error in resample_data: Failed to resample data: The length of `y` along `axis`=1 doesn't match the length of `x`
Traceback (most recent call last):
  File "/home/slouviot/01_projects/eeg_brain_state_prediction/src/eeg_brain_state_prediction/data_pipeline/tools/multimodal.py", line 141, in resample_data
    interpolator = CubicSpline(not_resampled_time, data, axis=axis)
                   ^^^^^^^^^^^^^^^^^^^^^^^^^^^^^^^^^^^^^^^^^^^^^^^^
  File "/home/slouviot/miniconda3/envs/mne/lib/python3.12/site-packages/scipy/interpolate/_cubic.py", line 751, in __init__
    x, dx, y, axis, _ = prepare_input(x, y, axis)
                        ^^^^^^^^^^^^^^^^^^^^^^^^^
  File "/home/slouviot/miniconda3/envs/mne/lib/python3.12/site-packages/scipy/interpolate/_cubic.py", line 57, in prepare_input
    raise ValueError(f"The length of `y` along `axis`={axis} doesn't "
ValueError: The length of `y` along `axis`=1 doesn't match the length of `x`

During handling of the above exception, another exception occurred:

Traceback (most recent call last):
  File "/home/slouviot/01_projects/eeg_brain_state_prediction/src/eeg_brain_state_prediction/data_pipeline/tools/utils.py", line 78, in wrapper
    result = func(*args, **kwargs)
             ^^^^^^^^^^^^^^^^^^^^^
  File "/home/slouviot/01_projects/eeg_brain_state_prediction/src/eeg_brain_state_prediction/data_pipeline/tools/multimodal.py", line 149, in resample_data
    raise ProcessingError(f"Failed to resample data: {str(e)}")
eeg_brain_state_prediction.data_pipeline.tools.utils.ProcessingError: Failed to resample data: The length of `y` along `axis`=1 doesn't match the length of `x`
2025-03-18 15:54:41 - eeg_brain_state_prediction.data_pipeline.tools.multimodal - INFO - Loading data for modality: brainstates
2025-03-18 15:54:41 - eeg_brain_state_prediction.data_pipeline.tools.multimodal - INFO - Loading data for modality: eeg
2025-03-18 16:05:50 - eeg_brain_state_prediction.data_pipeline.tools.multimodal - INFO - Loading data for modality: brainstates
2025-03-18 16:05:50 - eeg_brain_state_prediction.data_pipeline.tools.multimodal - INFO - Loading data for modality: eeg
2025-03-18 16:06:23 - eeg_brain_state_prediction.data_pipeline.tools.multimodal - ERROR - Error in resample_data: Failed to resample data: The length of `y` along `axis`=0 doesn't match the length of `x`
Traceback (most recent call last):
  File "/home/slouviot/01_projects/eeg_brain_state_prediction/src/eeg_brain_state_prediction/data_pipeline/tools/multimodal.py", line 141, in resample_data
    interpolator = CubicSpline(not_resampled_time, data, axis=axis)
                   ^^^^^^^^^^^^^^^^^^^^^^^^^^^^^^^^^^^^^^^^^^^^^^^^
  File "/home/slouviot/miniconda3/envs/mne/lib/python3.12/site-packages/scipy/interpolate/_cubic.py", line 751, in __init__
    x, dx, y, axis, _ = prepare_input(x, y, axis)
                        ^^^^^^^^^^^^^^^^^^^^^^^^^
  File "/home/slouviot/miniconda3/envs/mne/lib/python3.12/site-packages/scipy/interpolate/_cubic.py", line 57, in prepare_input
    raise ValueError(f"The length of `y` along `axis`={axis} doesn't "
ValueError: The length of `y` along `axis`=0 doesn't match the length of `x`

During handling of the above exception, another exception occurred:

Traceback (most recent call last):
  File "/home/slouviot/01_projects/eeg_brain_state_prediction/src/eeg_brain_state_prediction/data_pipeline/tools/utils.py", line 78, in wrapper
    result = func(*args, **kwargs)
             ^^^^^^^^^^^^^^^^^^^^^
  File "/home/slouviot/01_projects/eeg_brain_state_prediction/src/eeg_brain_state_prediction/data_pipeline/tools/multimodal.py", line 149, in resample_data
    raise ProcessingError(f"Failed to resample data: {str(e)}")
eeg_brain_state_prediction.data_pipeline.tools.utils.ProcessingError: Failed to resample data: The length of `y` along `axis`=0 doesn't match the length of `x`
2025-03-18 16:06:50 - eeg_brain_state_prediction.data_pipeline.tools.multimodal - INFO - Loading data for modality: brainstates
2025-03-18 16:06:50 - eeg_brain_state_prediction.data_pipeline.tools.multimodal - INFO - Loading data for modality: eeg
2025-03-18 16:07:20 - eeg_brain_state_prediction.data_pipeline.tools.multimodal - ERROR - Error in resample_data: Failed to resample data: The length of `y` along `axis`=0 doesn't match the length of `x`
Traceback (most recent call last):
  File "/home/slouviot/01_projects/eeg_brain_state_prediction/src/eeg_brain_state_prediction/data_pipeline/tools/multimodal.py", line 141, in resample_data
    interpolator = CubicSpline(not_resampled_time, data, axis=axis)
                   ^^^^^^^^^^^^^^^^^^^^^^^^^^^^^^^^^^^^^^^^^^^^^^^^
  File "/home/slouviot/miniconda3/envs/mne/lib/python3.12/site-packages/scipy/interpolate/_cubic.py", line 751, in __init__
    x, dx, y, axis, _ = prepare_input(x, y, axis)
                        ^^^^^^^^^^^^^^^^^^^^^^^^^
  File "/home/slouviot/miniconda3/envs/mne/lib/python3.12/site-packages/scipy/interpolate/_cubic.py", line 57, in prepare_input
    raise ValueError(f"The length of `y` along `axis`={axis} doesn't "
ValueError: The length of `y` along `axis`=0 doesn't match the length of `x`

During handling of the above exception, another exception occurred:

Traceback (most recent call last):
  File "/home/slouviot/01_projects/eeg_brain_state_prediction/src/eeg_brain_state_prediction/data_pipeline/tools/utils.py", line 78, in wrapper
    result = func(*args, **kwargs)
             ^^^^^^^^^^^^^^^^^^^^^
  File "/home/slouviot/01_projects/eeg_brain_state_prediction/src/eeg_brain_state_prediction/data_pipeline/tools/multimodal.py", line 149, in resample_data
    raise ProcessingError(f"Failed to resample data: {str(e)}")
eeg_brain_state_prediction.data_pipeline.tools.utils.ProcessingError: Failed to resample data: The length of `y` along `axis`=0 doesn't match the length of `x`
2025-03-18 16:07:43 - eeg_brain_state_prediction.data_pipeline.tools.multimodal - INFO - Loading data for modality: brainstates
2025-03-18 16:07:43 - eeg_brain_state_prediction.data_pipeline.tools.multimodal - INFO - Loading data for modality: eeg
2025-03-18 17:04:05 - eeg_brain_state_prediction.data_pipeline.tools.multimodal - INFO - Loading data for modality: brainstates
2025-03-18 17:04:05 - eeg_brain_state_prediction.data_pipeline.tools.multimodal - INFO - Loading data for modality: eeg
2025-03-18 17:04:32 - eeg_brain_state_prediction.data_pipeline.tools.multimodal - ERROR - Error in resample_data: Failed to resample data: The length of `y` along `axis`=0 doesn't match the length of `x`
Traceback (most recent call last):
  File "/home/slouviot/01_projects/eeg_brain_state_prediction/src/eeg_brain_state_prediction/data_pipeline/tools/multimodal.py", line 141, in resample_data
    interpolator = CubicSpline(not_resampled_time, data, axis=axis)
                   ^^^^^^^^^^^^^^^^^^^^^^^^^^^^^^^^^^^^^^^^^^^^^^^^
  File "/home/slouviot/miniconda3/envs/mne/lib/python3.12/site-packages/scipy/interpolate/_cubic.py", line 751, in __init__
    x, dx, y, axis, _ = prepare_input(x, y, axis)
                        ^^^^^^^^^^^^^^^^^^^^^^^^^
  File "/home/slouviot/miniconda3/envs/mne/lib/python3.12/site-packages/scipy/interpolate/_cubic.py", line 57, in prepare_input
    raise ValueError(f"The length of `y` along `axis`={axis} doesn't "
ValueError: The length of `y` along `axis`=0 doesn't match the length of `x`

During handling of the above exception, another exception occurred:

Traceback (most recent call last):
  File "/home/slouviot/01_projects/eeg_brain_state_prediction/src/eeg_brain_state_prediction/data_pipeline/tools/utils.py", line 78, in wrapper
    result = func(*args, **kwargs)
             ^^^^^^^^^^^^^^^^^^^^^
  File "/home/slouviot/01_projects/eeg_brain_state_prediction/src/eeg_brain_state_prediction/data_pipeline/tools/multimodal.py", line 149, in resample_data
    raise ProcessingError(f"Failed to resample data: {str(e)}")
eeg_brain_state_prediction.data_pipeline.tools.utils.ProcessingError: Failed to resample data: The length of `y` along `axis`=0 doesn't match the length of `x`
2025-03-18 17:25:10 - eeg_brain_state_prediction.data_pipeline.tools.multimodal - INFO - Loading data for modality: brainstates
2025-03-18 17:25:10 - eeg_brain_state_prediction.data_pipeline.tools.multimodal - INFO - Loading data for modality: eeg
2025-03-18 17:26:04 - eeg_brain_state_prediction.data_pipeline.tools.multimodal - INFO - Saving data to: /data2/Projects/eeg_fmri_natview/chang_data/derivatives/sub-0010/ses-01/multimodal/sub-0010_ses-01_task-MeRest_acq-mr0009_desc-BandsEnv8Caps_multimodal.pkl
2025-03-18 17:26:15 - eeg_brain_state_prediction.data_pipeline.tools.multimodal - INFO - Successfully saved data
2025-03-18 17:26:38 - eeg_brain_state_prediction.data_pipeline.tools.multimodal - INFO - Loading data for modality: brainstates
2025-03-18 17:26:38 - eeg_brain_state_prediction.data_pipeline.tools.multimodal - INFO - Loading data for modality: eeg
2025-03-18 17:26:42 - eeg_brain_state_prediction.data_pipeline.tools.multimodal - INFO - Saving data to: /data2/Projects/eeg_fmri_natview/chang_data/derivatives/sub-0010/ses-01/multimodal/sub-0010_ses-01_task-MeRest_acq-mr0009_desc-BandsEnv8Caps_multimodal.pkl
2025-03-18 17:26:42 - eeg_brain_state_prediction.data_pipeline.tools.multimodal - INFO - Successfully saved data
2025-03-18 17:26:42 - eeg_brain_state_prediction.data_pipeline.tools.multimodal - INFO - Loading data for modality: brainstates
2025-03-18 17:26:42 - eeg_brain_state_prediction.data_pipeline.tools.multimodal - INFO - Loading data for modality: eeg
2025-03-18 17:26:46 - eeg_brain_state_prediction.data_pipeline.tools.multimodal - INFO - Saving data to: /data2/Projects/eeg_fmri_natview/chang_data/derivatives/sub-0010/ses-01/multimodal/sub-0010_ses-01_task-MeRest_acq-mr0009_desc-BandsEnv8Caps_multimodal.pkl
2025-03-18 17:26:46 - eeg_brain_state_prediction.data_pipeline.tools.multimodal - INFO - Successfully saved data
2025-03-18 17:26:46 - eeg_brain_state_prediction.data_pipeline.tools.multimodal - INFO - Loading data for modality: brainstates
2025-03-18 17:26:46 - eeg_brain_state_prediction.data_pipeline.tools.multimodal - INFO - Loading data for modality: eeg
2025-03-18 17:26:51 - eeg_brain_state_prediction.data_pipeline.tools.multimodal - INFO - Saving data to: /data2/Projects/eeg_fmri_natview/chang_data/derivatives/sub-0010/ses-01/multimodal/sub-0010_ses-01_task-MeRest_acq-mr0015_desc-BandsEnv8Caps_multimodal.pkl
2025-03-18 17:26:51 - eeg_brain_state_prediction.data_pipeline.tools.multimodal - INFO - Successfully saved data
2025-03-18 17:26:51 - eeg_brain_state_prediction.data_pipeline.tools.multimodal - INFO - Loading data for modality: brainstates
2025-03-18 17:26:51 - eeg_brain_state_prediction.data_pipeline.tools.multimodal - INFO - Loading data for modality: eeg
2025-03-18 17:26:56 - eeg_brain_state_prediction.data_pipeline.tools.multimodal - INFO - Saving data to: /data2/Projects/eeg_fmri_natview/chang_data/derivatives/sub-0010/ses-01/multimodal/sub-0010_ses-01_task-MeRest_acq-mr0015_desc-BandsEnv8Caps_multimodal.pkl
2025-03-18 17:26:56 - eeg_brain_state_prediction.data_pipeline.tools.multimodal - INFO - Successfully saved data
2025-03-18 17:26:56 - eeg_brain_state_prediction.data_pipeline.tools.multimodal - INFO - Loading data for modality: brainstates
2025-03-18 17:26:56 - eeg_brain_state_prediction.data_pipeline.tools.multimodal - INFO - Loading data for modality: eeg
2025-03-18 17:27:01 - eeg_brain_state_prediction.data_pipeline.tools.multimodal - INFO - Saving data to: /data2/Projects/eeg_fmri_natview/chang_data/derivatives/sub-0010/ses-01/multimodal/sub-0010_ses-01_task-MeRest_acq-mr0009_desc-BandsEnv8Caps_multimodal.pkl
2025-03-18 17:27:01 - eeg_brain_state_prediction.data_pipeline.tools.multimodal - INFO - Successfully saved data
2025-03-18 17:27:01 - eeg_brain_state_prediction.data_pipeline.tools.multimodal - INFO - Loading data for modality: brainstates
2025-03-18 17:27:01 - eeg_brain_state_prediction.data_pipeline.tools.multimodal - INFO - Loading data for modality: eeg
2025-03-18 17:27:06 - eeg_brain_state_prediction.data_pipeline.tools.multimodal - INFO - Saving data to: /data2/Projects/eeg_fmri_natview/chang_data/derivatives/sub-0010/ses-01/multimodal/sub-0010_ses-01_task-MeRest_acq-mr0009_desc-BandsEnv8Caps_multimodal.pkl
2025-03-18 17:27:06 - eeg_brain_state_prediction.data_pipeline.tools.multimodal - INFO - Successfully saved data
2025-03-18 17:27:06 - eeg_brain_state_prediction.data_pipeline.tools.multimodal - INFO - Loading data for modality: brainstates
2025-03-18 17:27:06 - eeg_brain_state_prediction.data_pipeline.tools.multimodal - INFO - Loading data for modality: eeg
2025-03-18 17:27:12 - eeg_brain_state_prediction.data_pipeline.tools.multimodal - INFO - Saving data to: /data2/Projects/eeg_fmri_natview/chang_data/derivatives/sub-0010/ses-01/multimodal/sub-0010_ses-01_task-MeRest_acq-mr0015_desc-BandsEnv8Caps_multimodal.pkl
2025-03-18 17:27:12 - eeg_brain_state_prediction.data_pipeline.tools.multimodal - INFO - Successfully saved data
2025-03-18 17:27:12 - eeg_brain_state_prediction.data_pipeline.tools.multimodal - INFO - Loading data for modality: brainstates
2025-03-18 17:27:12 - eeg_brain_state_prediction.data_pipeline.tools.multimodal - INFO - Loading data for modality: eeg
2025-03-18 17:27:17 - eeg_brain_state_prediction.data_pipeline.tools.multimodal - INFO - Saving data to: /data2/Projects/eeg_fmri_natview/chang_data/derivatives/sub-0010/ses-01/multimodal/sub-0010_ses-01_task-MeRest_acq-mr0015_desc-BandsEnv8Caps_multimodal.pkl
2025-03-18 17:27:17 - eeg_brain_state_prediction.data_pipeline.tools.multimodal - INFO - Successfully saved data
2025-03-18 17:27:17 - eeg_brain_state_prediction.data_pipeline.tools.multimodal - INFO - Loading data for modality: brainstates
2025-03-18 17:27:17 - eeg_brain_state_prediction.data_pipeline.tools.multimodal - INFO - Loading data for modality: eeg
2025-03-18 17:27:22 - eeg_brain_state_prediction.data_pipeline.tools.multimodal - INFO - Saving data to: /data2/Projects/eeg_fmri_natview/chang_data/derivatives/sub-0010/ses-01/multimodal/sub-0010_ses-01_task-MeRest_acq-mr0009_desc-BandsEnv8Caps_multimodal.pkl
2025-03-18 17:27:22 - eeg_brain_state_prediction.data_pipeline.tools.multimodal - INFO - Successfully saved data
2025-03-18 17:27:22 - eeg_brain_state_prediction.data_pipeline.tools.multimodal - INFO - Loading data for modality: brainstates
2025-03-18 17:27:22 - eeg_brain_state_prediction.data_pipeline.tools.multimodal - INFO - Loading data for modality: eeg
2025-03-18 17:27:26 - eeg_brain_state_prediction.data_pipeline.tools.multimodal - INFO - Saving data to: /data2/Projects/eeg_fmri_natview/chang_data/derivatives/sub-0010/ses-01/multimodal/sub-0010_ses-01_task-MeRest_acq-mr0015_desc-BandsEnv8Caps_multimodal.pkl
2025-03-18 17:27:26 - eeg_brain_state_prediction.data_pipeline.tools.multimodal - INFO - Successfully saved data
2025-03-18 17:27:26 - eeg_brain_state_prediction.data_pipeline.tools.multimodal - INFO - Loading data for modality: brainstates
2025-03-18 17:27:26 - eeg_brain_state_prediction.data_pipeline.tools.multimodal - INFO - Loading data for modality: eeg
2025-03-18 17:27:30 - eeg_brain_state_prediction.data_pipeline.tools.multimodal - INFO - Saving data to: /data2/Projects/eeg_fmri_natview/chang_data/derivatives/sub-0010/ses-01/multimodal/sub-0010_ses-01_task-MeRest_acq-mr0009_desc-BandsEnv8Caps_multimodal.pkl
2025-03-18 17:27:30 - eeg_brain_state_prediction.data_pipeline.tools.multimodal - INFO - Successfully saved data
2025-03-18 17:27:30 - eeg_brain_state_prediction.data_pipeline.tools.multimodal - INFO - Loading data for modality: brainstates
2025-03-18 17:27:30 - eeg_brain_state_prediction.data_pipeline.tools.multimodal - INFO - Loading data for modality: eeg
2025-03-18 17:27:36 - eeg_brain_state_prediction.data_pipeline.tools.multimodal - INFO - Saving data to: /data2/Projects/eeg_fmri_natview/chang_data/derivatives/sub-0012/ses-01/multimodal/sub-0012_ses-01_task-MeRest_acq-mr0018_desc-BandsEnv8Caps_multimodal.pkl
2025-03-18 17:27:36 - eeg_brain_state_prediction.data_pipeline.tools.multimodal - INFO - Successfully saved data
2025-03-18 17:27:36 - eeg_brain_state_prediction.data_pipeline.tools.multimodal - INFO - Loading data for modality: brainstates
2025-03-18 17:27:36 - eeg_brain_state_prediction.data_pipeline.tools.multimodal - INFO - Loading data for modality: eeg
2025-03-18 17:27:40 - eeg_brain_state_prediction.data_pipeline.tools.multimodal - INFO - Saving data to: /data2/Projects/eeg_fmri_natview/chang_data/derivatives/sub-0012/ses-01/multimodal/sub-0012_ses-01_task-MeRest_acq-mr0018_desc-BandsEnv8Caps_multimodal.pkl
2025-03-18 17:27:40 - eeg_brain_state_prediction.data_pipeline.tools.multimodal - INFO - Successfully saved data
2025-03-18 17:27:40 - eeg_brain_state_prediction.data_pipeline.tools.multimodal - INFO - Loading data for modality: brainstates
2025-03-18 17:27:40 - eeg_brain_state_prediction.data_pipeline.tools.multimodal - INFO - Loading data for modality: eeg
2025-03-18 17:27:45 - eeg_brain_state_prediction.data_pipeline.tools.multimodal - INFO - Saving data to: /data2/Projects/eeg_fmri_natview/chang_data/derivatives/sub-0012/ses-01/multimodal/sub-0012_ses-01_task-MeRest_acq-mr0012_desc-BandsEnv8Caps_multimodal.pkl
2025-03-18 17:27:45 - eeg_brain_state_prediction.data_pipeline.tools.multimodal - INFO - Successfully saved data
2025-03-18 17:27:45 - eeg_brain_state_prediction.data_pipeline.tools.multimodal - INFO - Loading data for modality: brainstates
2025-03-18 17:27:45 - eeg_brain_state_prediction.data_pipeline.tools.multimodal - INFO - Loading data for modality: eeg
2025-03-18 17:27:51 - eeg_brain_state_prediction.data_pipeline.tools.multimodal - INFO - Saving data to: /data2/Projects/eeg_fmri_natview/chang_data/derivatives/sub-0012/ses-01/multimodal/sub-0012_ses-01_task-MeRest_acq-mr0012_desc-BandsEnv8Caps_multimodal.pkl
2025-03-18 17:27:51 - eeg_brain_state_prediction.data_pipeline.tools.multimodal - INFO - Successfully saved data
2025-03-18 17:27:51 - eeg_brain_state_prediction.data_pipeline.tools.multimodal - INFO - Loading data for modality: brainstates
2025-03-18 17:27:51 - eeg_brain_state_prediction.data_pipeline.tools.multimodal - INFO - Loading data for modality: eeg
2025-03-18 17:27:56 - eeg_brain_state_prediction.data_pipeline.tools.multimodal - INFO - Saving data to: /data2/Projects/eeg_fmri_natview/chang_data/derivatives/sub-0012/ses-01/multimodal/sub-0012_ses-01_task-MeRest_acq-mr0012_desc-BandsEnv8Caps_multimodal.pkl
2025-03-18 17:27:56 - eeg_brain_state_prediction.data_pipeline.tools.multimodal - INFO - Successfully saved data
2025-03-18 17:27:56 - eeg_brain_state_prediction.data_pipeline.tools.multimodal - INFO - Loading data for modality: brainstates
2025-03-18 17:27:56 - eeg_brain_state_prediction.data_pipeline.tools.multimodal - INFO - Loading data for modality: eeg
2025-03-18 17:28:02 - eeg_brain_state_prediction.data_pipeline.tools.multimodal - INFO - Saving data to: /data2/Projects/eeg_fmri_natview/chang_data/derivatives/sub-0012/ses-01/multimodal/sub-0012_ses-01_task-MeRest_acq-mr0018_desc-BandsEnv8Caps_multimodal.pkl
2025-03-18 17:28:02 - eeg_brain_state_prediction.data_pipeline.tools.multimodal - INFO - Successfully saved data
2025-03-18 17:28:02 - eeg_brain_state_prediction.data_pipeline.tools.multimodal - INFO - Loading data for modality: brainstates
2025-03-18 17:28:02 - eeg_brain_state_prediction.data_pipeline.tools.multimodal - INFO - Loading data for modality: eeg
2025-03-18 17:28:07 - eeg_brain_state_prediction.data_pipeline.tools.multimodal - INFO - Saving data to: /data2/Projects/eeg_fmri_natview/chang_data/derivatives/sub-0012/ses-01/multimodal/sub-0012_ses-01_task-MeRest_acq-mr0012_desc-BandsEnv8Caps_multimodal.pkl
2025-03-18 17:28:07 - eeg_brain_state_prediction.data_pipeline.tools.multimodal - INFO - Successfully saved data
2025-03-18 17:28:07 - eeg_brain_state_prediction.data_pipeline.tools.multimodal - INFO - Loading data for modality: brainstates
2025-03-18 17:28:07 - eeg_brain_state_prediction.data_pipeline.tools.multimodal - INFO - Loading data for modality: eeg
2025-03-18 17:28:12 - eeg_brain_state_prediction.data_pipeline.tools.multimodal - INFO - Saving data to: /data2/Projects/eeg_fmri_natview/chang_data/derivatives/sub-0012/ses-01/multimodal/sub-0012_ses-01_task-MeRest_acq-mr0018_desc-BandsEnv8Caps_multimodal.pkl
2025-03-18 17:28:12 - eeg_brain_state_prediction.data_pipeline.tools.multimodal - INFO - Successfully saved data
2025-03-18 17:28:12 - eeg_brain_state_prediction.data_pipeline.tools.multimodal - INFO - Loading data for modality: brainstates
2025-03-18 17:28:12 - eeg_brain_state_prediction.data_pipeline.tools.multimodal - INFO - Loading data for modality: eeg
2025-03-18 17:28:17 - eeg_brain_state_prediction.data_pipeline.tools.multimodal - INFO - Saving data to: /data2/Projects/eeg_fmri_natview/chang_data/derivatives/sub-0012/ses-01/multimodal/sub-0012_ses-01_task-MeRest_acq-mr0018_desc-BandsEnv8Caps_multimodal.pkl
2025-03-18 17:28:18 - eeg_brain_state_prediction.data_pipeline.tools.multimodal - INFO - Successfully saved data
2025-03-18 17:28:18 - eeg_brain_state_prediction.data_pipeline.tools.multimodal - INFO - Loading data for modality: brainstates
2025-03-18 17:28:18 - eeg_brain_state_prediction.data_pipeline.tools.multimodal - INFO - Loading data for modality: eeg
2025-03-18 17:28:23 - eeg_brain_state_prediction.data_pipeline.tools.multimodal - INFO - Saving data to: /data2/Projects/eeg_fmri_natview/chang_data/derivatives/sub-0012/ses-01/multimodal/sub-0012_ses-01_task-MeRest_acq-mr0012_desc-BandsEnv8Caps_multimodal.pkl
2025-03-18 17:28:23 - eeg_brain_state_prediction.data_pipeline.tools.multimodal - INFO - Successfully saved data
2025-03-18 17:28:23 - eeg_brain_state_prediction.data_pipeline.tools.multimodal - INFO - Loading data for modality: brainstates
2025-03-18 17:28:23 - eeg_brain_state_prediction.data_pipeline.tools.multimodal - INFO - Loading data for modality: eeg
2025-03-18 17:28:28 - eeg_brain_state_prediction.data_pipeline.tools.multimodal - INFO - Saving data to: /data2/Projects/eeg_fmri_natview/chang_data/derivatives/sub-0014/ses-01/multimodal/sub-0014_ses-01_task-MeRest_acq-mr0018_desc-BandsEnv8Caps_multimodal.pkl
2025-03-18 17:28:28 - eeg_brain_state_prediction.data_pipeline.tools.multimodal - INFO - Successfully saved data
2025-03-18 17:28:29 - eeg_brain_state_prediction.data_pipeline.tools.multimodal - INFO - Loading data for modality: brainstates
2025-03-18 17:28:29 - eeg_brain_state_prediction.data_pipeline.tools.multimodal - INFO - Loading data for modality: eeg
2025-03-18 17:28:34 - eeg_brain_state_prediction.data_pipeline.tools.multimodal - INFO - Saving data to: /data2/Projects/eeg_fmri_natview/chang_data/derivatives/sub-0014/ses-01/multimodal/sub-0014_ses-01_task-MeRest_acq-mr0018_desc-BandsEnv8Caps_multimodal.pkl
2025-03-18 17:28:34 - eeg_brain_state_prediction.data_pipeline.tools.multimodal - INFO - Successfully saved data
2025-03-18 17:28:34 - eeg_brain_state_prediction.data_pipeline.tools.multimodal - INFO - Loading data for modality: brainstates
2025-03-18 17:28:34 - eeg_brain_state_prediction.data_pipeline.tools.multimodal - INFO - Loading data for modality: eeg
2025-03-18 17:28:39 - eeg_brain_state_prediction.data_pipeline.tools.multimodal - INFO - Saving data to: /data2/Projects/eeg_fmri_natview/chang_data/derivatives/sub-0014/ses-01/multimodal/sub-0014_ses-01_task-MeRest_acq-mr0012_desc-BandsEnv8Caps_multimodal.pkl
2025-03-18 17:28:39 - eeg_brain_state_prediction.data_pipeline.tools.multimodal - INFO - Successfully saved data
2025-03-18 17:28:39 - eeg_brain_state_prediction.data_pipeline.tools.multimodal - INFO - Loading data for modality: brainstates
2025-03-18 17:28:39 - eeg_brain_state_prediction.data_pipeline.tools.multimodal - INFO - Loading data for modality: eeg
2025-03-18 17:28:45 - eeg_brain_state_prediction.data_pipeline.tools.multimodal - INFO - Saving data to: /data2/Projects/eeg_fmri_natview/chang_data/derivatives/sub-0014/ses-01/multimodal/sub-0014_ses-01_task-MeRest_acq-mr0012_desc-BandsEnv8Caps_multimodal.pkl
2025-03-18 17:28:45 - eeg_brain_state_prediction.data_pipeline.tools.multimodal - INFO - Successfully saved data
2025-03-18 17:28:45 - eeg_brain_state_prediction.data_pipeline.tools.multimodal - INFO - Loading data for modality: brainstates
2025-03-18 17:28:45 - eeg_brain_state_prediction.data_pipeline.tools.multimodal - INFO - Loading data for modality: eeg
2025-03-18 17:28:50 - eeg_brain_state_prediction.data_pipeline.tools.multimodal - INFO - Saving data to: /data2/Projects/eeg_fmri_natview/chang_data/derivatives/sub-0014/ses-01/multimodal/sub-0014_ses-01_task-MeRest_acq-mr0012_desc-BandsEnv8Caps_multimodal.pkl
2025-03-18 17:28:50 - eeg_brain_state_prediction.data_pipeline.tools.multimodal - INFO - Successfully saved data
2025-03-18 17:28:50 - eeg_brain_state_prediction.data_pipeline.tools.multimodal - INFO - Loading data for modality: brainstates
2025-03-18 17:28:50 - eeg_brain_state_prediction.data_pipeline.tools.multimodal - INFO - Loading data for modality: eeg
2025-03-18 17:28:55 - eeg_brain_state_prediction.data_pipeline.tools.multimodal - INFO - Saving data to: /data2/Projects/eeg_fmri_natview/chang_data/derivatives/sub-0014/ses-01/multimodal/sub-0014_ses-01_task-MeRest_acq-mr0018_desc-BandsEnv8Caps_multimodal.pkl
2025-03-18 17:28:55 - eeg_brain_state_prediction.data_pipeline.tools.multimodal - INFO - Successfully saved data
2025-03-18 17:28:55 - eeg_brain_state_prediction.data_pipeline.tools.multimodal - INFO - Loading data for modality: brainstates
2025-03-18 17:28:55 - eeg_brain_state_prediction.data_pipeline.tools.multimodal - INFO - Loading data for modality: eeg
2025-03-18 17:29:01 - eeg_brain_state_prediction.data_pipeline.tools.multimodal - INFO - Saving data to: /data2/Projects/eeg_fmri_natview/chang_data/derivatives/sub-0014/ses-01/multimodal/sub-0014_ses-01_task-MeRest_acq-mr0012_desc-BandsEnv8Caps_multimodal.pkl
2025-03-18 17:29:01 - eeg_brain_state_prediction.data_pipeline.tools.multimodal - INFO - Successfully saved data
2025-03-18 17:29:01 - eeg_brain_state_prediction.data_pipeline.tools.multimodal - INFO - Loading data for modality: brainstates
2025-03-18 17:29:01 - eeg_brain_state_prediction.data_pipeline.tools.multimodal - INFO - Loading data for modality: eeg
2025-03-18 17:29:06 - eeg_brain_state_prediction.data_pipeline.tools.multimodal - INFO - Saving data to: /data2/Projects/eeg_fmri_natview/chang_data/derivatives/sub-0014/ses-01/multimodal/sub-0014_ses-01_task-MeRest_acq-mr0018_desc-BandsEnv8Caps_multimodal.pkl
2025-03-18 17:29:06 - eeg_brain_state_prediction.data_pipeline.tools.multimodal - INFO - Successfully saved data
2025-03-18 17:29:06 - eeg_brain_state_prediction.data_pipeline.tools.multimodal - INFO - Loading data for modality: brainstates
2025-03-18 17:29:06 - eeg_brain_state_prediction.data_pipeline.tools.multimodal - INFO - Loading data for modality: eeg
2025-03-18 17:29:11 - eeg_brain_state_prediction.data_pipeline.tools.multimodal - INFO - Saving data to: /data2/Projects/eeg_fmri_natview/chang_data/derivatives/sub-0014/ses-01/multimodal/sub-0014_ses-01_task-MeRest_acq-mr0018_desc-BandsEnv8Caps_multimodal.pkl
2025-03-18 17:29:11 - eeg_brain_state_prediction.data_pipeline.tools.multimodal - INFO - Successfully saved data
2025-03-18 17:29:11 - eeg_brain_state_prediction.data_pipeline.tools.multimodal - INFO - Loading data for modality: brainstates
2025-03-18 17:29:11 - eeg_brain_state_prediction.data_pipeline.tools.multimodal - INFO - Loading data for modality: eeg
2025-03-18 17:29:17 - eeg_brain_state_prediction.data_pipeline.tools.multimodal - INFO - Saving data to: /data2/Projects/eeg_fmri_natview/chang_data/derivatives/sub-0014/ses-01/multimodal/sub-0014_ses-01_task-MeRest_acq-mr0012_desc-BandsEnv8Caps_multimodal.pkl
2025-03-18 17:29:17 - eeg_brain_state_prediction.data_pipeline.tools.multimodal - INFO - Successfully saved data
2025-03-18 17:29:17 - eeg_brain_state_prediction.data_pipeline.tools.multimodal - INFO - Loading data for modality: brainstates
2025-03-18 17:29:17 - eeg_brain_state_prediction.data_pipeline.tools.multimodal - INFO - Loading data for modality: eeg
2025-03-18 17:29:22 - eeg_brain_state_prediction.data_pipeline.tools.multimodal - INFO - Saving data to: /data2/Projects/eeg_fmri_natview/chang_data/derivatives/sub-0016/ses-01/multimodal/sub-0016_ses-01_task-MeRest_acq-mr0006_desc-BandsEnv8Caps_multimodal.pkl
2025-03-18 17:29:22 - eeg_brain_state_prediction.data_pipeline.tools.multimodal - INFO - Successfully saved data
2025-03-18 17:29:22 - eeg_brain_state_prediction.data_pipeline.tools.multimodal - INFO - Loading data for modality: brainstates
2025-03-18 17:29:22 - eeg_brain_state_prediction.data_pipeline.tools.multimodal - INFO - Loading data for modality: eeg
2025-03-18 17:29:28 - eeg_brain_state_prediction.data_pipeline.tools.multimodal - INFO - Saving data to: /data2/Projects/eeg_fmri_natview/chang_data/derivatives/sub-0016/ses-01/multimodal/sub-0016_ses-01_task-MeRest_acq-mr0006_desc-BandsEnv8Caps_multimodal.pkl
2025-03-18 17:29:28 - eeg_brain_state_prediction.data_pipeline.tools.multimodal - INFO - Successfully saved data
2025-03-18 17:29:28 - eeg_brain_state_prediction.data_pipeline.tools.multimodal - INFO - Loading data for modality: brainstates
2025-03-18 17:29:28 - eeg_brain_state_prediction.data_pipeline.tools.multimodal - INFO - Loading data for modality: eeg
2025-03-18 17:29:33 - eeg_brain_state_prediction.data_pipeline.tools.multimodal - INFO - Saving data to: /data2/Projects/eeg_fmri_natview/chang_data/derivatives/sub-0016/ses-01/multimodal/sub-0016_ses-01_task-MeRest_acq-mr0015_desc-BandsEnv8Caps_multimodal.pkl
2025-03-18 17:29:33 - eeg_brain_state_prediction.data_pipeline.tools.multimodal - INFO - Successfully saved data
2025-03-18 17:29:33 - eeg_brain_state_prediction.data_pipeline.tools.multimodal - INFO - Loading data for modality: brainstates
2025-03-18 17:29:33 - eeg_brain_state_prediction.data_pipeline.tools.multimodal - INFO - Loading data for modality: eeg
2025-03-18 17:29:39 - eeg_brain_state_prediction.data_pipeline.tools.multimodal - INFO - Saving data to: /data2/Projects/eeg_fmri_natview/chang_data/derivatives/sub-0016/ses-01/multimodal/sub-0016_ses-01_task-MeRest_acq-mr0015_desc-BandsEnv8Caps_multimodal.pkl
2025-03-18 17:29:39 - eeg_brain_state_prediction.data_pipeline.tools.multimodal - INFO - Successfully saved data
2025-03-18 17:29:39 - eeg_brain_state_prediction.data_pipeline.tools.multimodal - INFO - Loading data for modality: brainstates
2025-03-18 17:29:39 - eeg_brain_state_prediction.data_pipeline.tools.multimodal - INFO - Loading data for modality: eeg
2025-03-18 17:29:44 - eeg_brain_state_prediction.data_pipeline.tools.multimodal - INFO - Saving data to: /data2/Projects/eeg_fmri_natview/chang_data/derivatives/sub-0016/ses-01/multimodal/sub-0016_ses-01_task-MeRest_acq-mr0015_desc-BandsEnv8Caps_multimodal.pkl
2025-03-18 17:29:44 - eeg_brain_state_prediction.data_pipeline.tools.multimodal - INFO - Successfully saved data
2025-03-18 17:29:44 - eeg_brain_state_prediction.data_pipeline.tools.multimodal - INFO - Loading data for modality: brainstates
2025-03-18 17:29:44 - eeg_brain_state_prediction.data_pipeline.tools.multimodal - INFO - Loading data for modality: eeg
2025-03-18 17:29:49 - eeg_brain_state_prediction.data_pipeline.tools.multimodal - INFO - Saving data to: /data2/Projects/eeg_fmri_natview/chang_data/derivatives/sub-0016/ses-01/multimodal/sub-0016_ses-01_task-MeRest_acq-mr0006_desc-BandsEnv8Caps_multimodal.pkl
2025-03-18 17:29:50 - eeg_brain_state_prediction.data_pipeline.tools.multimodal - INFO - Successfully saved data
2025-03-18 17:29:50 - eeg_brain_state_prediction.data_pipeline.tools.multimodal - INFO - Loading data for modality: brainstates
2025-03-18 17:29:50 - eeg_brain_state_prediction.data_pipeline.tools.multimodal - INFO - Loading data for modality: eeg
2025-03-18 17:29:55 - eeg_brain_state_prediction.data_pipeline.tools.multimodal - INFO - Saving data to: /data2/Projects/eeg_fmri_natview/chang_data/derivatives/sub-0016/ses-01/multimodal/sub-0016_ses-01_task-MeRest_acq-mr0015_desc-BandsEnv8Caps_multimodal.pkl
2025-03-18 17:29:55 - eeg_brain_state_prediction.data_pipeline.tools.multimodal - INFO - Successfully saved data
2025-03-18 17:29:55 - eeg_brain_state_prediction.data_pipeline.tools.multimodal - INFO - Loading data for modality: brainstates
2025-03-18 17:29:55 - eeg_brain_state_prediction.data_pipeline.tools.multimodal - INFO - Loading data for modality: eeg
2025-03-18 17:30:00 - eeg_brain_state_prediction.data_pipeline.tools.multimodal - INFO - Saving data to: /data2/Projects/eeg_fmri_natview/chang_data/derivatives/sub-0016/ses-01/multimodal/sub-0016_ses-01_task-MeRest_acq-mr0006_desc-BandsEnv8Caps_multimodal.pkl
2025-03-18 17:30:00 - eeg_brain_state_prediction.data_pipeline.tools.multimodal - INFO - Successfully saved data
2025-03-18 17:30:00 - eeg_brain_state_prediction.data_pipeline.tools.multimodal - INFO - Loading data for modality: brainstates
2025-03-18 17:30:00 - eeg_brain_state_prediction.data_pipeline.tools.multimodal - INFO - Loading data for modality: eeg
2025-03-18 17:30:05 - eeg_brain_state_prediction.data_pipeline.tools.multimodal - INFO - Saving data to: /data2/Projects/eeg_fmri_natview/chang_data/derivatives/sub-0016/ses-01/multimodal/sub-0016_ses-01_task-MeRest_acq-mr0006_desc-BandsEnv8Caps_multimodal.pkl
2025-03-18 17:30:05 - eeg_brain_state_prediction.data_pipeline.tools.multimodal - INFO - Successfully saved data
2025-03-18 17:30:06 - eeg_brain_state_prediction.data_pipeline.tools.multimodal - INFO - Loading data for modality: brainstates
2025-03-18 17:30:06 - eeg_brain_state_prediction.data_pipeline.tools.multimodal - INFO - Loading data for modality: eeg
2025-03-18 17:30:11 - eeg_brain_state_prediction.data_pipeline.tools.multimodal - INFO - Saving data to: /data2/Projects/eeg_fmri_natview/chang_data/derivatives/sub-0016/ses-01/multimodal/sub-0016_ses-01_task-MeRest_acq-mr0015_desc-BandsEnv8Caps_multimodal.pkl
2025-03-18 17:30:11 - eeg_brain_state_prediction.data_pipeline.tools.multimodal - INFO - Successfully saved data
2025-03-18 17:30:11 - eeg_brain_state_prediction.data_pipeline.tools.multimodal - INFO - Loading data for modality: brainstates
2025-03-18 17:30:11 - eeg_brain_state_prediction.data_pipeline.tools.multimodal - INFO - Loading data for modality: eeg
2025-03-18 17:30:16 - eeg_brain_state_prediction.data_pipeline.tools.multimodal - INFO - Saving data to: /data2/Projects/eeg_fmri_natview/chang_data/derivatives/sub-0021/ses-01/multimodal/sub-0021_ses-01_task-MeRest_acq-mr0012_desc-BandsEnv8Caps_multimodal.pkl
2025-03-18 17:30:16 - eeg_brain_state_prediction.data_pipeline.tools.multimodal - INFO - Successfully saved data
2025-03-18 17:30:17 - eeg_brain_state_prediction.data_pipeline.tools.multimodal - INFO - Loading data for modality: brainstates
2025-03-18 17:30:17 - eeg_brain_state_prediction.data_pipeline.tools.multimodal - INFO - Loading data for modality: eeg
2025-03-18 17:30:22 - eeg_brain_state_prediction.data_pipeline.tools.multimodal - INFO - Saving data to: /data2/Projects/eeg_fmri_natview/chang_data/derivatives/sub-0021/ses-01/multimodal/sub-0021_ses-01_task-MeRest_acq-mr0012_desc-BandsEnv8Caps_multimodal.pkl
2025-03-18 17:30:22 - eeg_brain_state_prediction.data_pipeline.tools.multimodal - INFO - Successfully saved data
2025-03-18 17:30:22 - eeg_brain_state_prediction.data_pipeline.tools.multimodal - INFO - Loading data for modality: brainstates
2025-03-18 17:30:22 - eeg_brain_state_prediction.data_pipeline.tools.multimodal - INFO - Loading data for modality: eeg
2025-03-18 17:30:27 - eeg_brain_state_prediction.data_pipeline.tools.multimodal - INFO - Saving data to: /data2/Projects/eeg_fmri_natview/chang_data/derivatives/sub-0021/ses-01/multimodal/sub-0021_ses-01_task-MeRest_acq-mr0012_desc-BandsEnv8Caps_multimodal.pkl
2025-03-18 17:30:27 - eeg_brain_state_prediction.data_pipeline.tools.multimodal - INFO - Successfully saved data
2025-03-18 17:30:27 - eeg_brain_state_prediction.data_pipeline.tools.multimodal - INFO - Loading data for modality: brainstates
2025-03-18 17:30:27 - eeg_brain_state_prediction.data_pipeline.tools.multimodal - INFO - Loading data for modality: eeg
2025-03-18 17:30:32 - eeg_brain_state_prediction.data_pipeline.tools.multimodal - INFO - Saving data to: /data2/Projects/eeg_fmri_natview/chang_data/derivatives/sub-0021/ses-01/multimodal/sub-0021_ses-01_task-MeRest_acq-mr0012_desc-BandsEnv8Caps_multimodal.pkl
2025-03-18 17:30:32 - eeg_brain_state_prediction.data_pipeline.tools.multimodal - INFO - Successfully saved data
2025-03-18 17:30:33 - eeg_brain_state_prediction.data_pipeline.tools.multimodal - INFO - Loading data for modality: brainstates
2025-03-18 17:30:33 - eeg_brain_state_prediction.data_pipeline.tools.multimodal - INFO - Loading data for modality: eeg
2025-03-18 17:30:38 - eeg_brain_state_prediction.data_pipeline.tools.multimodal - INFO - Saving data to: /data2/Projects/eeg_fmri_natview/chang_data/derivatives/sub-0021/ses-01/multimodal/sub-0021_ses-01_task-MeRest_acq-mr0012_desc-BandsEnv8Caps_multimodal.pkl
2025-03-18 17:30:38 - eeg_brain_state_prediction.data_pipeline.tools.multimodal - INFO - Successfully saved data
2025-03-18 17:30:38 - eeg_brain_state_prediction.data_pipeline.tools.multimodal - INFO - Loading data for modality: brainstates
2025-03-18 17:30:38 - eeg_brain_state_prediction.data_pipeline.tools.multimodal - INFO - Loading data for modality: eeg
2025-03-18 17:30:43 - eeg_brain_state_prediction.data_pipeline.tools.multimodal - INFO - Saving data to: /data2/Projects/eeg_fmri_natview/chang_data/derivatives/sub-0027/ses-01/multimodal/sub-0027_ses-01_task-MeRest_acq-mr0009_desc-BandsEnv8Caps_multimodal.pkl
2025-03-18 17:30:43 - eeg_brain_state_prediction.data_pipeline.tools.multimodal - INFO - Successfully saved data
2025-03-18 17:30:43 - eeg_brain_state_prediction.data_pipeline.tools.multimodal - INFO - Loading data for modality: brainstates
2025-03-18 17:30:43 - eeg_brain_state_prediction.data_pipeline.tools.multimodal - INFO - Loading data for modality: eeg
2025-03-18 17:30:49 - eeg_brain_state_prediction.data_pipeline.tools.multimodal - INFO - Saving data to: /data2/Projects/eeg_fmri_natview/chang_data/derivatives/sub-0027/ses-01/multimodal/sub-0027_ses-01_task-MeRest_acq-mr0009_desc-BandsEnv8Caps_multimodal.pkl
2025-03-18 17:30:49 - eeg_brain_state_prediction.data_pipeline.tools.multimodal - INFO - Successfully saved data
2025-03-18 17:30:49 - eeg_brain_state_prediction.data_pipeline.tools.multimodal - INFO - Loading data for modality: brainstates
2025-03-18 17:30:49 - eeg_brain_state_prediction.data_pipeline.tools.multimodal - INFO - Loading data for modality: eeg
2025-03-18 17:30:54 - eeg_brain_state_prediction.data_pipeline.tools.multimodal - INFO - Saving data to: /data2/Projects/eeg_fmri_natview/chang_data/derivatives/sub-0027/ses-01/multimodal/sub-0027_ses-01_task-MeRest_acq-mr0009_desc-BandsEnv8Caps_multimodal.pkl
2025-03-18 17:30:54 - eeg_brain_state_prediction.data_pipeline.tools.multimodal - INFO - Successfully saved data
2025-03-18 17:30:54 - eeg_brain_state_prediction.data_pipeline.tools.multimodal - INFO - Loading data for modality: brainstates
2025-03-18 17:30:54 - eeg_brain_state_prediction.data_pipeline.tools.multimodal - INFO - Loading data for modality: eeg
2025-03-18 17:30:59 - eeg_brain_state_prediction.data_pipeline.tools.multimodal - INFO - Saving data to: /data2/Projects/eeg_fmri_natview/chang_data/derivatives/sub-0027/ses-01/multimodal/sub-0027_ses-01_task-MeRest_acq-mr0009_desc-BandsEnv8Caps_multimodal.pkl
2025-03-18 17:30:59 - eeg_brain_state_prediction.data_pipeline.tools.multimodal - INFO - Successfully saved data
2025-03-18 17:31:00 - eeg_brain_state_prediction.data_pipeline.tools.multimodal - INFO - Loading data for modality: brainstates
2025-03-18 17:31:00 - eeg_brain_state_prediction.data_pipeline.tools.multimodal - INFO - Loading data for modality: eeg
2025-03-18 17:31:05 - eeg_brain_state_prediction.data_pipeline.tools.multimodal - INFO - Saving data to: /data2/Projects/eeg_fmri_natview/chang_data/derivatives/sub-0027/ses-01/multimodal/sub-0027_ses-01_task-MeRest_acq-mr0009_desc-BandsEnv8Caps_multimodal.pkl
2025-03-18 17:31:05 - eeg_brain_state_prediction.data_pipeline.tools.multimodal - INFO - Successfully saved data
2025-03-18 17:31:05 - eeg_brain_state_prediction.data_pipeline.tools.multimodal - INFO - Loading data for modality: brainstates
2025-03-18 17:31:05 - eeg_brain_state_prediction.data_pipeline.tools.multimodal - INFO - Loading data for modality: eeg
2025-03-18 17:31:11 - eeg_brain_state_prediction.data_pipeline.tools.multimodal - INFO - Saving data to: /data2/Projects/eeg_fmri_natview/chang_data/derivatives/sub-0028/ses-01/multimodal/sub-0028_ses-01_task-MeRest_acq-mr0012_desc-BandsEnv8Caps_multimodal.pkl
2025-03-18 17:31:11 - eeg_brain_state_prediction.data_pipeline.tools.multimodal - INFO - Successfully saved data
2025-03-18 17:31:11 - eeg_brain_state_prediction.data_pipeline.tools.multimodal - INFO - Loading data for modality: brainstates
2025-03-18 17:31:11 - eeg_brain_state_prediction.data_pipeline.tools.multimodal - INFO - Loading data for modality: eeg
2025-03-18 17:31:16 - eeg_brain_state_prediction.data_pipeline.tools.multimodal - INFO - Saving data to: /data2/Projects/eeg_fmri_natview/chang_data/derivatives/sub-0028/ses-01/multimodal/sub-0028_ses-01_task-MeRest_acq-mr0012_desc-BandsEnv8Caps_multimodal.pkl
2025-03-18 17:31:16 - eeg_brain_state_prediction.data_pipeline.tools.multimodal - INFO - Successfully saved data
2025-03-18 17:31:16 - eeg_brain_state_prediction.data_pipeline.tools.multimodal - INFO - Loading data for modality: brainstates
2025-03-18 17:31:16 - eeg_brain_state_prediction.data_pipeline.tools.multimodal - INFO - Loading data for modality: eeg
2025-03-18 17:31:21 - eeg_brain_state_prediction.data_pipeline.tools.multimodal - INFO - Saving data to: /data2/Projects/eeg_fmri_natview/chang_data/derivatives/sub-0028/ses-01/multimodal/sub-0028_ses-01_task-MeRest_acq-mr0012_desc-BandsEnv8Caps_multimodal.pkl
2025-03-18 17:31:21 - eeg_brain_state_prediction.data_pipeline.tools.multimodal - INFO - Successfully saved data
2025-03-18 17:31:21 - eeg_brain_state_prediction.data_pipeline.tools.multimodal - INFO - Loading data for modality: brainstates
2025-03-18 17:31:21 - eeg_brain_state_prediction.data_pipeline.tools.multimodal - INFO - Loading data for modality: eeg
2025-03-18 17:31:27 - eeg_brain_state_prediction.data_pipeline.tools.multimodal - INFO - Saving data to: /data2/Projects/eeg_fmri_natview/chang_data/derivatives/sub-0028/ses-01/multimodal/sub-0028_ses-01_task-MeRest_acq-mr0012_desc-BandsEnv8Caps_multimodal.pkl
2025-03-18 17:31:27 - eeg_brain_state_prediction.data_pipeline.tools.multimodal - INFO - Successfully saved data
2025-03-18 17:31:27 - eeg_brain_state_prediction.data_pipeline.tools.multimodal - INFO - Loading data for modality: brainstates
2025-03-18 17:31:27 - eeg_brain_state_prediction.data_pipeline.tools.multimodal - INFO - Loading data for modality: eeg
2025-03-18 17:31:32 - eeg_brain_state_prediction.data_pipeline.tools.multimodal - INFO - Saving data to: /data2/Projects/eeg_fmri_natview/chang_data/derivatives/sub-0028/ses-01/multimodal/sub-0028_ses-01_task-MeRest_acq-mr0012_desc-BandsEnv8Caps_multimodal.pkl
2025-03-18 17:31:32 - eeg_brain_state_prediction.data_pipeline.tools.multimodal - INFO - Successfully saved data
2025-03-18 17:31:32 - eeg_brain_state_prediction.data_pipeline.tools.multimodal - INFO - Loading data for modality: brainstates
2025-03-18 17:31:32 - eeg_brain_state_prediction.data_pipeline.tools.multimodal - INFO - Loading data for modality: eeg
2025-03-18 17:31:38 - eeg_brain_state_prediction.data_pipeline.tools.multimodal - INFO - Saving data to: /data2/Projects/eeg_fmri_natview/chang_data/derivatives/sub-0029/ses-01/multimodal/sub-0029_ses-01_task-MeRest_acq-mr0012_desc-BandsEnv8Caps_multimodal.pkl
2025-03-18 17:31:38 - eeg_brain_state_prediction.data_pipeline.tools.multimodal - INFO - Successfully saved data
2025-03-18 17:31:38 - eeg_brain_state_prediction.data_pipeline.tools.multimodal - INFO - Loading data for modality: brainstates
2025-03-18 17:31:38 - eeg_brain_state_prediction.data_pipeline.tools.multimodal - INFO - Loading data for modality: eeg
2025-03-18 17:31:43 - eeg_brain_state_prediction.data_pipeline.tools.multimodal - INFO - Saving data to: /data2/Projects/eeg_fmri_natview/chang_data/derivatives/sub-0029/ses-01/multimodal/sub-0029_ses-01_task-MeRest_acq-mr0012_desc-BandsEnv8Caps_multimodal.pkl
2025-03-18 17:31:43 - eeg_brain_state_prediction.data_pipeline.tools.multimodal - INFO - Successfully saved data
2025-03-18 17:31:43 - eeg_brain_state_prediction.data_pipeline.tools.multimodal - INFO - Loading data for modality: brainstates
2025-03-18 17:31:43 - eeg_brain_state_prediction.data_pipeline.tools.multimodal - INFO - Loading data for modality: eeg
2025-03-18 17:31:48 - eeg_brain_state_prediction.data_pipeline.tools.multimodal - INFO - Saving data to: /data2/Projects/eeg_fmri_natview/chang_data/derivatives/sub-0029/ses-01/multimodal/sub-0029_ses-01_task-MeRest_acq-mr0012_desc-BandsEnv8Caps_multimodal.pkl
2025-03-18 17:31:48 - eeg_brain_state_prediction.data_pipeline.tools.multimodal - INFO - Successfully saved data
2025-03-18 17:31:48 - eeg_brain_state_prediction.data_pipeline.tools.multimodal - INFO - Loading data for modality: brainstates
2025-03-18 17:31:48 - eeg_brain_state_prediction.data_pipeline.tools.multimodal - INFO - Loading data for modality: eeg
2025-03-18 17:31:54 - eeg_brain_state_prediction.data_pipeline.tools.multimodal - INFO - Saving data to: /data2/Projects/eeg_fmri_natview/chang_data/derivatives/sub-0029/ses-01/multimodal/sub-0029_ses-01_task-MeRest_acq-mr0012_desc-BandsEnv8Caps_multimodal.pkl
2025-03-18 17:31:54 - eeg_brain_state_prediction.data_pipeline.tools.multimodal - INFO - Successfully saved data
2025-03-18 17:31:54 - eeg_brain_state_prediction.data_pipeline.tools.multimodal - INFO - Loading data for modality: brainstates
2025-03-18 17:31:54 - eeg_brain_state_prediction.data_pipeline.tools.multimodal - INFO - Loading data for modality: eeg
2025-03-18 17:31:59 - eeg_brain_state_prediction.data_pipeline.tools.multimodal - INFO - Saving data to: /data2/Projects/eeg_fmri_natview/chang_data/derivatives/sub-0029/ses-01/multimodal/sub-0029_ses-01_task-MeRest_acq-mr0012_desc-BandsEnv8Caps_multimodal.pkl
2025-03-18 17:31:59 - eeg_brain_state_prediction.data_pipeline.tools.multimodal - INFO - Successfully saved data
2025-03-18 17:31:59 - eeg_brain_state_prediction.data_pipeline.tools.multimodal - INFO - Loading data for modality: brainstates
2025-03-18 17:31:59 - eeg_brain_state_prediction.data_pipeline.tools.multimodal - INFO - Loading data for modality: eeg
2025-03-18 17:32:05 - eeg_brain_state_prediction.data_pipeline.tools.multimodal - INFO - Saving data to: /data2/Projects/eeg_fmri_natview/chang_data/derivatives/sub-0030/ses-01/multimodal/sub-0030_ses-01_task-MeRest_acq-mr0009_desc-BandsEnv8Caps_multimodal.pkl
2025-03-18 17:32:05 - eeg_brain_state_prediction.data_pipeline.tools.multimodal - INFO - Successfully saved data
2025-03-18 17:32:05 - eeg_brain_state_prediction.data_pipeline.tools.multimodal - INFO - Loading data for modality: brainstates
2025-03-18 17:32:05 - eeg_brain_state_prediction.data_pipeline.tools.multimodal - INFO - Loading data for modality: eeg
2025-03-18 17:32:10 - eeg_brain_state_prediction.data_pipeline.tools.multimodal - INFO - Saving data to: /data2/Projects/eeg_fmri_natview/chang_data/derivatives/sub-0030/ses-01/multimodal/sub-0030_ses-01_task-MeRest_acq-mr0009_desc-BandsEnv8Caps_multimodal.pkl
2025-03-18 17:32:10 - eeg_brain_state_prediction.data_pipeline.tools.multimodal - INFO - Successfully saved data
2025-03-18 17:32:10 - eeg_brain_state_prediction.data_pipeline.tools.multimodal - INFO - Loading data for modality: brainstates
2025-03-18 17:32:10 - eeg_brain_state_prediction.data_pipeline.tools.multimodal - INFO - Loading data for modality: eeg
2025-03-18 17:32:16 - eeg_brain_state_prediction.data_pipeline.tools.multimodal - INFO - Saving data to: /data2/Projects/eeg_fmri_natview/chang_data/derivatives/sub-0030/ses-01/multimodal/sub-0030_ses-01_task-MeRest_acq-mr0009_desc-BandsEnv8Caps_multimodal.pkl
2025-03-18 17:32:16 - eeg_brain_state_prediction.data_pipeline.tools.multimodal - INFO - Successfully saved data
2025-03-18 17:32:16 - eeg_brain_state_prediction.data_pipeline.tools.multimodal - INFO - Loading data for modality: brainstates
2025-03-18 17:32:16 - eeg_brain_state_prediction.data_pipeline.tools.multimodal - INFO - Loading data for modality: eeg
2025-03-18 17:32:21 - eeg_brain_state_prediction.data_pipeline.tools.multimodal - INFO - Saving data to: /data2/Projects/eeg_fmri_natview/chang_data/derivatives/sub-0030/ses-01/multimodal/sub-0030_ses-01_task-MeRest_acq-mr0009_desc-BandsEnv8Caps_multimodal.pkl
2025-03-18 17:32:21 - eeg_brain_state_prediction.data_pipeline.tools.multimodal - INFO - Successfully saved data
2025-03-18 17:32:21 - eeg_brain_state_prediction.data_pipeline.tools.multimodal - INFO - Loading data for modality: brainstates
2025-03-18 17:32:21 - eeg_brain_state_prediction.data_pipeline.tools.multimodal - INFO - Loading data for modality: eeg
2025-03-18 17:32:26 - eeg_brain_state_prediction.data_pipeline.tools.multimodal - INFO - Saving data to: /data2/Projects/eeg_fmri_natview/chang_data/derivatives/sub-0030/ses-01/multimodal/sub-0030_ses-01_task-MeRest_acq-mr0009_desc-BandsEnv8Caps_multimodal.pkl
2025-03-18 17:32:26 - eeg_brain_state_prediction.data_pipeline.tools.multimodal - INFO - Successfully saved data
2025-03-18 17:32:26 - eeg_brain_state_prediction.data_pipeline.tools.multimodal - INFO - Loading data for modality: brainstates
2025-03-18 17:32:26 - eeg_brain_state_prediction.data_pipeline.tools.multimodal - INFO - Loading data for modality: eeg
2025-03-18 17:32:32 - eeg_brain_state_prediction.data_pipeline.tools.multimodal - INFO - Saving data to: /data2/Projects/eeg_fmri_natview/chang_data/derivatives/sub-0031/ses-01/multimodal/sub-0031_ses-01_task-MeRest_acq-mr0015_desc-BandsEnv8Caps_multimodal.pkl
2025-03-18 17:32:32 - eeg_brain_state_prediction.data_pipeline.tools.multimodal - INFO - Successfully saved data
2025-03-18 17:32:32 - eeg_brain_state_prediction.data_pipeline.tools.multimodal - INFO - Loading data for modality: brainstates
2025-03-18 17:32:32 - eeg_brain_state_prediction.data_pipeline.tools.multimodal - INFO - Loading data for modality: eeg
2025-03-18 17:32:37 - eeg_brain_state_prediction.data_pipeline.tools.multimodal - INFO - Saving data to: /data2/Projects/eeg_fmri_natview/chang_data/derivatives/sub-0031/ses-01/multimodal/sub-0031_ses-01_task-MeRest_acq-mr0015_desc-BandsEnv8Caps_multimodal.pkl
2025-03-18 17:32:37 - eeg_brain_state_prediction.data_pipeline.tools.multimodal - INFO - Successfully saved data
2025-03-18 17:32:38 - eeg_brain_state_prediction.data_pipeline.tools.multimodal - INFO - Loading data for modality: brainstates
2025-03-18 17:32:38 - eeg_brain_state_prediction.data_pipeline.tools.multimodal - INFO - Loading data for modality: eeg
2025-03-18 17:32:43 - eeg_brain_state_prediction.data_pipeline.tools.multimodal - INFO - Saving data to: /data2/Projects/eeg_fmri_natview/chang_data/derivatives/sub-0031/ses-01/multimodal/sub-0031_ses-01_task-MeRest_acq-mr0015_desc-BandsEnv8Caps_multimodal.pkl
2025-03-18 17:32:43 - eeg_brain_state_prediction.data_pipeline.tools.multimodal - INFO - Successfully saved data
2025-03-18 17:32:43 - eeg_brain_state_prediction.data_pipeline.tools.multimodal - INFO - Loading data for modality: brainstates
2025-03-18 17:32:43 - eeg_brain_state_prediction.data_pipeline.tools.multimodal - INFO - Loading data for modality: eeg
2025-03-18 17:32:48 - eeg_brain_state_prediction.data_pipeline.tools.multimodal - INFO - Saving data to: /data2/Projects/eeg_fmri_natview/chang_data/derivatives/sub-0031/ses-01/multimodal/sub-0031_ses-01_task-MeRest_acq-mr0015_desc-BandsEnv8Caps_multimodal.pkl
2025-03-18 17:32:48 - eeg_brain_state_prediction.data_pipeline.tools.multimodal - INFO - Successfully saved data
2025-03-18 17:32:48 - eeg_brain_state_prediction.data_pipeline.tools.multimodal - INFO - Loading data for modality: brainstates
2025-03-18 17:32:48 - eeg_brain_state_prediction.data_pipeline.tools.multimodal - INFO - Loading data for modality: eeg
2025-03-18 17:32:54 - eeg_brain_state_prediction.data_pipeline.tools.multimodal - INFO - Saving data to: /data2/Projects/eeg_fmri_natview/chang_data/derivatives/sub-0031/ses-01/multimodal/sub-0031_ses-01_task-MeRest_acq-mr0015_desc-BandsEnv8Caps_multimodal.pkl
2025-03-18 17:32:54 - eeg_brain_state_prediction.data_pipeline.tools.multimodal - INFO - Successfully saved data
2025-03-18 17:32:54 - eeg_brain_state_prediction.data_pipeline.tools.multimodal - INFO - Loading data for modality: brainstates
2025-03-18 17:32:54 - eeg_brain_state_prediction.data_pipeline.tools.multimodal - INFO - Loading data for modality: eeg
2025-03-18 17:32:59 - eeg_brain_state_prediction.data_pipeline.tools.multimodal - INFO - Saving data to: /data2/Projects/eeg_fmri_natview/chang_data/derivatives/sub-0032/ses-01/multimodal/sub-0032_ses-01_task-MeRest_acq-mr0009_desc-BandsEnv8Caps_multimodal.pkl
2025-03-18 17:32:59 - eeg_brain_state_prediction.data_pipeline.tools.multimodal - INFO - Successfully saved data
2025-03-18 17:32:59 - eeg_brain_state_prediction.data_pipeline.tools.multimodal - INFO - Loading data for modality: brainstates
2025-03-18 17:32:59 - eeg_brain_state_prediction.data_pipeline.tools.multimodal - INFO - Loading data for modality: eeg
2025-03-18 17:33:05 - eeg_brain_state_prediction.data_pipeline.tools.multimodal - INFO - Saving data to: /data2/Projects/eeg_fmri_natview/chang_data/derivatives/sub-0032/ses-01/multimodal/sub-0032_ses-01_task-MeRest_acq-mr0009_desc-BandsEnv8Caps_multimodal.pkl
2025-03-18 17:33:05 - eeg_brain_state_prediction.data_pipeline.tools.multimodal - INFO - Successfully saved data
2025-03-18 17:33:05 - eeg_brain_state_prediction.data_pipeline.tools.multimodal - INFO - Loading data for modality: brainstates
2025-03-18 17:33:05 - eeg_brain_state_prediction.data_pipeline.tools.multimodal - INFO - Loading data for modality: eeg
2025-03-18 17:33:10 - eeg_brain_state_prediction.data_pipeline.tools.multimodal - INFO - Saving data to: /data2/Projects/eeg_fmri_natview/chang_data/derivatives/sub-0032/ses-01/multimodal/sub-0032_ses-01_task-MeRest_acq-mr0009_desc-BandsEnv8Caps_multimodal.pkl
2025-03-18 17:33:10 - eeg_brain_state_prediction.data_pipeline.tools.multimodal - INFO - Successfully saved data
2025-03-18 17:33:10 - eeg_brain_state_prediction.data_pipeline.tools.multimodal - INFO - Loading data for modality: brainstates
2025-03-18 17:33:10 - eeg_brain_state_prediction.data_pipeline.tools.multimodal - INFO - Loading data for modality: eeg
2025-03-18 17:33:15 - eeg_brain_state_prediction.data_pipeline.tools.multimodal - INFO - Saving data to: /data2/Projects/eeg_fmri_natview/chang_data/derivatives/sub-0032/ses-01/multimodal/sub-0032_ses-01_task-MeRest_acq-mr0009_desc-BandsEnv8Caps_multimodal.pkl
2025-03-18 17:33:16 - eeg_brain_state_prediction.data_pipeline.tools.multimodal - INFO - Successfully saved data
2025-03-18 17:33:16 - eeg_brain_state_prediction.data_pipeline.tools.multimodal - INFO - Loading data for modality: brainstates
2025-03-18 17:33:16 - eeg_brain_state_prediction.data_pipeline.tools.multimodal - INFO - Loading data for modality: eeg
2025-03-18 17:33:21 - eeg_brain_state_prediction.data_pipeline.tools.multimodal - INFO - Saving data to: /data2/Projects/eeg_fmri_natview/chang_data/derivatives/sub-0032/ses-01/multimodal/sub-0032_ses-01_task-MeRest_acq-mr0009_desc-BandsEnv8Caps_multimodal.pkl
2025-03-18 17:33:21 - eeg_brain_state_prediction.data_pipeline.tools.multimodal - INFO - Successfully saved data
2025-03-19 15:35:29 - eeg_brain_state_prediction.data_pipeline.tools.multimodal - INFO - Loading data for modality: brainstates
2025-03-19 15:35:29 - eeg_brain_state_prediction.data_pipeline.tools.multimodal - INFO - Loading data for modality: eeg
2025-03-19 15:35:34 - eeg_brain_state_prediction.data_pipeline.tools.multimodal - INFO - Saving data to: /data2/Projects/eeg_fmri_natview/chang_data/derivatives/sub-0010/ses-01/multimodal/sub-0010_ses-01_task-MeRest_acq-mr0009_desc-BandsEnv8Caps_multimodal.pkl
2025-03-19 15:35:34 - eeg_brain_state_prediction.data_pipeline.tools.multimodal - INFO - Successfully saved data
2025-03-19 15:35:34 - eeg_brain_state_prediction.data_pipeline.tools.multimodal - INFO - Loading data for modality: brainstates
2025-03-19 15:35:34 - eeg_brain_state_prediction.data_pipeline.tools.multimodal - INFO - Loading data for modality: eeg
2025-03-19 15:35:40 - eeg_brain_state_prediction.data_pipeline.tools.multimodal - INFO - Saving data to: /data2/Projects/eeg_fmri_natview/chang_data/derivatives/sub-0010/ses-01/multimodal/sub-0010_ses-01_task-MeRest_acq-mr0009_desc-BandsEnv8Caps_multimodal.pkl
2025-03-19 15:35:40 - eeg_brain_state_prediction.data_pipeline.tools.multimodal - INFO - Successfully saved data
2025-03-19 15:35:40 - eeg_brain_state_prediction.data_pipeline.tools.multimodal - INFO - Loading data for modality: brainstates
2025-03-19 15:35:40 - eeg_brain_state_prediction.data_pipeline.tools.multimodal - INFO - Loading data for modality: eeg
2025-03-19 15:35:45 - eeg_brain_state_prediction.data_pipeline.tools.multimodal - INFO - Saving data to: /data2/Projects/eeg_fmri_natview/chang_data/derivatives/sub-0010/ses-01/multimodal/sub-0010_ses-01_task-MeRest_acq-mr0015_desc-BandsEnv8Caps_multimodal.pkl
2025-03-19 15:35:45 - eeg_brain_state_prediction.data_pipeline.tools.multimodal - INFO - Successfully saved data
2025-03-19 15:35:46 - eeg_brain_state_prediction.data_pipeline.tools.multimodal - INFO - Loading data for modality: brainstates
2025-03-19 15:35:46 - eeg_brain_state_prediction.data_pipeline.tools.multimodal - INFO - Loading data for modality: eeg
2025-03-19 15:35:51 - eeg_brain_state_prediction.data_pipeline.tools.multimodal - INFO - Saving data to: /data2/Projects/eeg_fmri_natview/chang_data/derivatives/sub-0010/ses-01/multimodal/sub-0010_ses-01_task-MeRest_acq-mr0015_desc-BandsEnv8Caps_multimodal.pkl
2025-03-19 15:35:51 - eeg_brain_state_prediction.data_pipeline.tools.multimodal - INFO - Successfully saved data
2025-03-19 15:35:51 - eeg_brain_state_prediction.data_pipeline.tools.multimodal - INFO - Loading data for modality: brainstates
2025-03-19 15:35:51 - eeg_brain_state_prediction.data_pipeline.tools.multimodal - INFO - Loading data for modality: eeg
2025-03-19 15:35:56 - eeg_brain_state_prediction.data_pipeline.tools.multimodal - INFO - Saving data to: /data2/Projects/eeg_fmri_natview/chang_data/derivatives/sub-0010/ses-01/multimodal/sub-0010_ses-01_task-MeRest_acq-mr0009_desc-BandsEnv8Caps_multimodal.pkl
2025-03-19 15:35:56 - eeg_brain_state_prediction.data_pipeline.tools.multimodal - INFO - Successfully saved data
2025-03-19 15:35:56 - eeg_brain_state_prediction.data_pipeline.tools.multimodal - INFO - Loading data for modality: brainstates
2025-03-19 15:35:56 - eeg_brain_state_prediction.data_pipeline.tools.multimodal - INFO - Loading data for modality: eeg
2025-03-19 15:36:01 - eeg_brain_state_prediction.data_pipeline.tools.multimodal - INFO - Saving data to: /data2/Projects/eeg_fmri_natview/chang_data/derivatives/sub-0010/ses-01/multimodal/sub-0010_ses-01_task-MeRest_acq-mr0009_desc-BandsEnv8Caps_multimodal.pkl
2025-03-19 15:36:01 - eeg_brain_state_prediction.data_pipeline.tools.multimodal - INFO - Successfully saved data
2025-03-19 15:36:02 - eeg_brain_state_prediction.data_pipeline.tools.multimodal - INFO - Loading data for modality: brainstates
2025-03-19 15:36:02 - eeg_brain_state_prediction.data_pipeline.tools.multimodal - INFO - Loading data for modality: eeg
2025-03-19 15:36:07 - eeg_brain_state_prediction.data_pipeline.tools.multimodal - INFO - Saving data to: /data2/Projects/eeg_fmri_natview/chang_data/derivatives/sub-0010/ses-01/multimodal/sub-0010_ses-01_task-MeRest_acq-mr0015_desc-BandsEnv8Caps_multimodal.pkl
2025-03-19 15:36:07 - eeg_brain_state_prediction.data_pipeline.tools.multimodal - INFO - Successfully saved data
2025-03-19 15:36:07 - eeg_brain_state_prediction.data_pipeline.tools.multimodal - INFO - Loading data for modality: brainstates
2025-03-19 15:36:07 - eeg_brain_state_prediction.data_pipeline.tools.multimodal - INFO - Loading data for modality: eeg
2025-03-19 15:36:12 - eeg_brain_state_prediction.data_pipeline.tools.multimodal - INFO - Saving data to: /data2/Projects/eeg_fmri_natview/chang_data/derivatives/sub-0010/ses-01/multimodal/sub-0010_ses-01_task-MeRest_acq-mr0015_desc-BandsEnv8Caps_multimodal.pkl
2025-03-19 15:36:12 - eeg_brain_state_prediction.data_pipeline.tools.multimodal - INFO - Successfully saved data
2025-03-19 15:36:12 - eeg_brain_state_prediction.data_pipeline.tools.multimodal - INFO - Loading data for modality: brainstates
2025-03-19 15:36:12 - eeg_brain_state_prediction.data_pipeline.tools.multimodal - INFO - Loading data for modality: eeg
2025-03-19 15:36:17 - eeg_brain_state_prediction.data_pipeline.tools.multimodal - INFO - Saving data to: /data2/Projects/eeg_fmri_natview/chang_data/derivatives/sub-0010/ses-01/multimodal/sub-0010_ses-01_task-MeRest_acq-mr0009_desc-BandsEnv8Caps_multimodal.pkl
2025-03-19 15:36:17 - eeg_brain_state_prediction.data_pipeline.tools.multimodal - INFO - Successfully saved data
2025-03-19 15:36:17 - eeg_brain_state_prediction.data_pipeline.tools.multimodal - INFO - Loading data for modality: brainstates
2025-03-19 15:36:17 - eeg_brain_state_prediction.data_pipeline.tools.multimodal - INFO - Loading data for modality: eeg
2025-03-19 15:36:23 - eeg_brain_state_prediction.data_pipeline.tools.multimodal - INFO - Saving data to: /data2/Projects/eeg_fmri_natview/chang_data/derivatives/sub-0010/ses-01/multimodal/sub-0010_ses-01_task-MeRest_acq-mr0015_desc-BandsEnv8Caps_multimodal.pkl
2025-03-19 15:36:23 - eeg_brain_state_prediction.data_pipeline.tools.multimodal - INFO - Successfully saved data
2025-03-19 15:36:23 - eeg_brain_state_prediction.data_pipeline.tools.multimodal - INFO - Loading data for modality: brainstates
2025-03-19 15:36:23 - eeg_brain_state_prediction.data_pipeline.tools.multimodal - INFO - Loading data for modality: eeg
2025-03-19 15:36:28 - eeg_brain_state_prediction.data_pipeline.tools.multimodal - INFO - Saving data to: /data2/Projects/eeg_fmri_natview/chang_data/derivatives/sub-0010/ses-01/multimodal/sub-0010_ses-01_task-MeRest_acq-mr0009_desc-BandsEnv8Caps_multimodal.pkl
2025-03-19 15:36:28 - eeg_brain_state_prediction.data_pipeline.tools.multimodal - INFO - Successfully saved data
2025-03-19 15:36:28 - eeg_brain_state_prediction.data_pipeline.tools.multimodal - INFO - Loading data for modality: brainstates
2025-03-19 15:36:28 - eeg_brain_state_prediction.data_pipeline.tools.multimodal - INFO - Loading data for modality: eeg
2025-03-19 15:36:33 - eeg_brain_state_prediction.data_pipeline.tools.multimodal - INFO - Saving data to: /data2/Projects/eeg_fmri_natview/chang_data/derivatives/sub-0010/ses-01/multimodal/sub-0010_ses-01_task-MeRest_acq-mr0015_desc-BandsEnv8Caps_multimodal.pkl
2025-03-19 15:36:33 - eeg_brain_state_prediction.data_pipeline.tools.multimodal - INFO - Successfully saved data
2025-03-19 15:36:33 - eeg_brain_state_prediction.data_pipeline.tools.multimodal - INFO - Loading data for modality: brainstates
2025-03-19 15:36:33 - eeg_brain_state_prediction.data_pipeline.tools.multimodal - INFO - Loading data for modality: eeg
2025-03-19 15:36:39 - eeg_brain_state_prediction.data_pipeline.tools.multimodal - INFO - Saving data to: /data2/Projects/eeg_fmri_natview/chang_data/derivatives/sub-0012/ses-01/multimodal/sub-0012_ses-01_task-MeRest_acq-mr0018_desc-BandsEnv8Caps_multimodal.pkl
2025-03-19 15:36:39 - eeg_brain_state_prediction.data_pipeline.tools.multimodal - INFO - Successfully saved data
2025-03-19 15:36:39 - eeg_brain_state_prediction.data_pipeline.tools.multimodal - INFO - Loading data for modality: brainstates
2025-03-19 15:36:39 - eeg_brain_state_prediction.data_pipeline.tools.multimodal - INFO - Loading data for modality: eeg
2025-03-19 15:36:44 - eeg_brain_state_prediction.data_pipeline.tools.multimodal - INFO - Saving data to: /data2/Projects/eeg_fmri_natview/chang_data/derivatives/sub-0012/ses-01/multimodal/sub-0012_ses-01_task-MeRest_acq-mr0018_desc-BandsEnv8Caps_multimodal.pkl
2025-03-19 15:36:44 - eeg_brain_state_prediction.data_pipeline.tools.multimodal - INFO - Successfully saved data
2025-03-19 15:36:44 - eeg_brain_state_prediction.data_pipeline.tools.multimodal - INFO - Loading data for modality: brainstates
2025-03-19 15:36:44 - eeg_brain_state_prediction.data_pipeline.tools.multimodal - INFO - Loading data for modality: eeg
2025-03-19 15:36:50 - eeg_brain_state_prediction.data_pipeline.tools.multimodal - INFO - Saving data to: /data2/Projects/eeg_fmri_natview/chang_data/derivatives/sub-0012/ses-01/multimodal/sub-0012_ses-01_task-MeRest_acq-mr0012_desc-BandsEnv8Caps_multimodal.pkl
2025-03-19 15:36:50 - eeg_brain_state_prediction.data_pipeline.tools.multimodal - INFO - Successfully saved data
2025-03-19 15:36:50 - eeg_brain_state_prediction.data_pipeline.tools.multimodal - INFO - Loading data for modality: brainstates
2025-03-19 15:36:50 - eeg_brain_state_prediction.data_pipeline.tools.multimodal - INFO - Loading data for modality: eeg
2025-03-19 15:36:55 - eeg_brain_state_prediction.data_pipeline.tools.multimodal - INFO - Saving data to: /data2/Projects/eeg_fmri_natview/chang_data/derivatives/sub-0012/ses-01/multimodal/sub-0012_ses-01_task-MeRest_acq-mr0012_desc-BandsEnv8Caps_multimodal.pkl
2025-03-19 15:36:55 - eeg_brain_state_prediction.data_pipeline.tools.multimodal - INFO - Successfully saved data
2025-03-19 15:36:55 - eeg_brain_state_prediction.data_pipeline.tools.multimodal - INFO - Loading data for modality: brainstates
2025-03-19 15:36:55 - eeg_brain_state_prediction.data_pipeline.tools.multimodal - INFO - Loading data for modality: eeg
2025-03-19 15:37:01 - eeg_brain_state_prediction.data_pipeline.tools.multimodal - INFO - Saving data to: /data2/Projects/eeg_fmri_natview/chang_data/derivatives/sub-0012/ses-01/multimodal/sub-0012_ses-01_task-MeRest_acq-mr0012_desc-BandsEnv8Caps_multimodal.pkl
2025-03-19 15:37:01 - eeg_brain_state_prediction.data_pipeline.tools.multimodal - INFO - Successfully saved data
2025-03-19 15:37:01 - eeg_brain_state_prediction.data_pipeline.tools.multimodal - INFO - Loading data for modality: brainstates
2025-03-19 15:37:01 - eeg_brain_state_prediction.data_pipeline.tools.multimodal - INFO - Loading data for modality: eeg
2025-03-19 15:37:06 - eeg_brain_state_prediction.data_pipeline.tools.multimodal - INFO - Saving data to: /data2/Projects/eeg_fmri_natview/chang_data/derivatives/sub-0012/ses-01/multimodal/sub-0012_ses-01_task-MeRest_acq-mr0018_desc-BandsEnv8Caps_multimodal.pkl
2025-03-19 15:37:06 - eeg_brain_state_prediction.data_pipeline.tools.multimodal - INFO - Successfully saved data
2025-03-19 15:37:06 - eeg_brain_state_prediction.data_pipeline.tools.multimodal - INFO - Loading data for modality: brainstates
2025-03-19 15:37:06 - eeg_brain_state_prediction.data_pipeline.tools.multimodal - INFO - Loading data for modality: eeg
2025-03-19 15:37:11 - eeg_brain_state_prediction.data_pipeline.tools.multimodal - INFO - Saving data to: /data2/Projects/eeg_fmri_natview/chang_data/derivatives/sub-0012/ses-01/multimodal/sub-0012_ses-01_task-MeRest_acq-mr0012_desc-BandsEnv8Caps_multimodal.pkl
2025-03-19 15:37:11 - eeg_brain_state_prediction.data_pipeline.tools.multimodal - INFO - Successfully saved data
2025-03-19 15:37:11 - eeg_brain_state_prediction.data_pipeline.tools.multimodal - INFO - Loading data for modality: brainstates
2025-03-19 15:37:11 - eeg_brain_state_prediction.data_pipeline.tools.multimodal - INFO - Loading data for modality: eeg
2025-03-19 15:37:17 - eeg_brain_state_prediction.data_pipeline.tools.multimodal - INFO - Saving data to: /data2/Projects/eeg_fmri_natview/chang_data/derivatives/sub-0012/ses-01/multimodal/sub-0012_ses-01_task-MeRest_acq-mr0018_desc-BandsEnv8Caps_multimodal.pkl
2025-03-19 15:37:17 - eeg_brain_state_prediction.data_pipeline.tools.multimodal - INFO - Successfully saved data
2025-03-19 15:37:17 - eeg_brain_state_prediction.data_pipeline.tools.multimodal - INFO - Loading data for modality: brainstates
2025-03-19 15:37:17 - eeg_brain_state_prediction.data_pipeline.tools.multimodal - INFO - Loading data for modality: eeg
2025-03-19 15:37:22 - eeg_brain_state_prediction.data_pipeline.tools.multimodal - INFO - Saving data to: /data2/Projects/eeg_fmri_natview/chang_data/derivatives/sub-0012/ses-01/multimodal/sub-0012_ses-01_task-MeRest_acq-mr0018_desc-BandsEnv8Caps_multimodal.pkl
2025-03-19 15:37:22 - eeg_brain_state_prediction.data_pipeline.tools.multimodal - INFO - Successfully saved data
2025-03-19 15:37:22 - eeg_brain_state_prediction.data_pipeline.tools.multimodal - INFO - Loading data for modality: brainstates
2025-03-19 15:37:22 - eeg_brain_state_prediction.data_pipeline.tools.multimodal - INFO - Loading data for modality: eeg
2025-03-19 15:37:27 - eeg_brain_state_prediction.data_pipeline.tools.multimodal - INFO - Saving data to: /data2/Projects/eeg_fmri_natview/chang_data/derivatives/sub-0012/ses-01/multimodal/sub-0012_ses-01_task-MeRest_acq-mr0012_desc-BandsEnv8Caps_multimodal.pkl
2025-03-19 15:37:27 - eeg_brain_state_prediction.data_pipeline.tools.multimodal - INFO - Successfully saved data
2025-03-19 15:37:27 - eeg_brain_state_prediction.data_pipeline.tools.multimodal - INFO - Loading data for modality: brainstates
2025-03-19 15:37:27 - eeg_brain_state_prediction.data_pipeline.tools.multimodal - INFO - Loading data for modality: eeg
2025-03-19 15:37:33 - eeg_brain_state_prediction.data_pipeline.tools.multimodal - INFO - Saving data to: /data2/Projects/eeg_fmri_natview/chang_data/derivatives/sub-0012/ses-01/multimodal/sub-0012_ses-01_task-MeRest_acq-mr0018_desc-BandsEnv8Caps_multimodal.pkl
2025-03-19 15:37:33 - eeg_brain_state_prediction.data_pipeline.tools.multimodal - INFO - Successfully saved data
2025-03-19 15:37:33 - eeg_brain_state_prediction.data_pipeline.tools.multimodal - INFO - Loading data for modality: brainstates
2025-03-19 15:37:33 - eeg_brain_state_prediction.data_pipeline.tools.multimodal - INFO - Loading data for modality: eeg
2025-03-19 15:37:38 - eeg_brain_state_prediction.data_pipeline.tools.multimodal - INFO - Saving data to: /data2/Projects/eeg_fmri_natview/chang_data/derivatives/sub-0012/ses-01/multimodal/sub-0012_ses-01_task-MeRest_acq-mr0012_desc-BandsEnv8Caps_multimodal.pkl
2025-03-19 15:37:38 - eeg_brain_state_prediction.data_pipeline.tools.multimodal - INFO - Successfully saved data
2025-03-19 15:37:38 - eeg_brain_state_prediction.data_pipeline.tools.multimodal - INFO - Loading data for modality: brainstates
2025-03-19 15:37:38 - eeg_brain_state_prediction.data_pipeline.tools.multimodal - INFO - Loading data for modality: eeg
2025-03-19 15:37:43 - eeg_brain_state_prediction.data_pipeline.tools.multimodal - INFO - Saving data to: /data2/Projects/eeg_fmri_natview/chang_data/derivatives/sub-0014/ses-01/multimodal/sub-0014_ses-01_task-MeRest_acq-mr0018_desc-BandsEnv8Caps_multimodal.pkl
2025-03-19 15:37:43 - eeg_brain_state_prediction.data_pipeline.tools.multimodal - INFO - Successfully saved data
2025-03-19 15:37:44 - eeg_brain_state_prediction.data_pipeline.tools.multimodal - INFO - Loading data for modality: brainstates
2025-03-19 15:37:44 - eeg_brain_state_prediction.data_pipeline.tools.multimodal - INFO - Loading data for modality: eeg
2025-03-19 15:37:49 - eeg_brain_state_prediction.data_pipeline.tools.multimodal - INFO - Saving data to: /data2/Projects/eeg_fmri_natview/chang_data/derivatives/sub-0014/ses-01/multimodal/sub-0014_ses-01_task-MeRest_acq-mr0018_desc-BandsEnv8Caps_multimodal.pkl
2025-03-19 15:37:49 - eeg_brain_state_prediction.data_pipeline.tools.multimodal - INFO - Successfully saved data
2025-03-19 15:37:49 - eeg_brain_state_prediction.data_pipeline.tools.multimodal - INFO - Loading data for modality: brainstates
2025-03-19 15:37:49 - eeg_brain_state_prediction.data_pipeline.tools.multimodal - INFO - Loading data for modality: eeg
2025-03-19 15:37:54 - eeg_brain_state_prediction.data_pipeline.tools.multimodal - INFO - Saving data to: /data2/Projects/eeg_fmri_natview/chang_data/derivatives/sub-0014/ses-01/multimodal/sub-0014_ses-01_task-MeRest_acq-mr0012_desc-BandsEnv8Caps_multimodal.pkl
2025-03-19 15:37:55 - eeg_brain_state_prediction.data_pipeline.tools.multimodal - INFO - Successfully saved data
2025-03-19 15:37:55 - eeg_brain_state_prediction.data_pipeline.tools.multimodal - INFO - Loading data for modality: brainstates
2025-03-19 15:37:55 - eeg_brain_state_prediction.data_pipeline.tools.multimodal - INFO - Loading data for modality: eeg
2025-03-19 15:38:00 - eeg_brain_state_prediction.data_pipeline.tools.multimodal - INFO - Saving data to: /data2/Projects/eeg_fmri_natview/chang_data/derivatives/sub-0014/ses-01/multimodal/sub-0014_ses-01_task-MeRest_acq-mr0012_desc-BandsEnv8Caps_multimodal.pkl
2025-03-19 15:38:00 - eeg_brain_state_prediction.data_pipeline.tools.multimodal - INFO - Successfully saved data
2025-03-19 15:38:00 - eeg_brain_state_prediction.data_pipeline.tools.multimodal - INFO - Loading data for modality: brainstates
2025-03-19 15:38:00 - eeg_brain_state_prediction.data_pipeline.tools.multimodal - INFO - Loading data for modality: eeg
2025-03-19 15:38:05 - eeg_brain_state_prediction.data_pipeline.tools.multimodal - INFO - Saving data to: /data2/Projects/eeg_fmri_natview/chang_data/derivatives/sub-0014/ses-01/multimodal/sub-0014_ses-01_task-MeRest_acq-mr0012_desc-BandsEnv8Caps_multimodal.pkl
2025-03-19 15:38:05 - eeg_brain_state_prediction.data_pipeline.tools.multimodal - INFO - Successfully saved data
2025-03-19 15:38:05 - eeg_brain_state_prediction.data_pipeline.tools.multimodal - INFO - Loading data for modality: brainstates
2025-03-19 15:38:05 - eeg_brain_state_prediction.data_pipeline.tools.multimodal - INFO - Loading data for modality: eeg
2025-03-19 15:38:11 - eeg_brain_state_prediction.data_pipeline.tools.multimodal - INFO - Saving data to: /data2/Projects/eeg_fmri_natview/chang_data/derivatives/sub-0014/ses-01/multimodal/sub-0014_ses-01_task-MeRest_acq-mr0018_desc-BandsEnv8Caps_multimodal.pkl
2025-03-19 15:38:11 - eeg_brain_state_prediction.data_pipeline.tools.multimodal - INFO - Successfully saved data
2025-03-19 15:38:11 - eeg_brain_state_prediction.data_pipeline.tools.multimodal - INFO - Loading data for modality: brainstates
2025-03-19 15:38:11 - eeg_brain_state_prediction.data_pipeline.tools.multimodal - INFO - Loading data for modality: eeg
2025-03-19 15:38:16 - eeg_brain_state_prediction.data_pipeline.tools.multimodal - INFO - Saving data to: /data2/Projects/eeg_fmri_natview/chang_data/derivatives/sub-0014/ses-01/multimodal/sub-0014_ses-01_task-MeRest_acq-mr0012_desc-BandsEnv8Caps_multimodal.pkl
2025-03-19 15:38:16 - eeg_brain_state_prediction.data_pipeline.tools.multimodal - INFO - Successfully saved data
2025-03-19 15:38:16 - eeg_brain_state_prediction.data_pipeline.tools.multimodal - INFO - Loading data for modality: brainstates
2025-03-19 15:38:16 - eeg_brain_state_prediction.data_pipeline.tools.multimodal - INFO - Loading data for modality: eeg
2025-03-19 15:38:21 - eeg_brain_state_prediction.data_pipeline.tools.multimodal - INFO - Saving data to: /data2/Projects/eeg_fmri_natview/chang_data/derivatives/sub-0014/ses-01/multimodal/sub-0014_ses-01_task-MeRest_acq-mr0018_desc-BandsEnv8Caps_multimodal.pkl
2025-03-19 15:38:21 - eeg_brain_state_prediction.data_pipeline.tools.multimodal - INFO - Successfully saved data
2025-03-19 15:38:21 - eeg_brain_state_prediction.data_pipeline.tools.multimodal - INFO - Loading data for modality: brainstates
2025-03-19 15:38:21 - eeg_brain_state_prediction.data_pipeline.tools.multimodal - INFO - Loading data for modality: eeg
2025-03-19 15:38:27 - eeg_brain_state_prediction.data_pipeline.tools.multimodal - INFO - Saving data to: /data2/Projects/eeg_fmri_natview/chang_data/derivatives/sub-0014/ses-01/multimodal/sub-0014_ses-01_task-MeRest_acq-mr0018_desc-BandsEnv8Caps_multimodal.pkl
2025-03-19 15:38:27 - eeg_brain_state_prediction.data_pipeline.tools.multimodal - INFO - Successfully saved data
2025-03-19 15:38:27 - eeg_brain_state_prediction.data_pipeline.tools.multimodal - INFO - Loading data for modality: brainstates
2025-03-19 15:38:27 - eeg_brain_state_prediction.data_pipeline.tools.multimodal - INFO - Loading data for modality: eeg
2025-03-19 15:38:32 - eeg_brain_state_prediction.data_pipeline.tools.multimodal - INFO - Saving data to: /data2/Projects/eeg_fmri_natview/chang_data/derivatives/sub-0014/ses-01/multimodal/sub-0014_ses-01_task-MeRest_acq-mr0012_desc-BandsEnv8Caps_multimodal.pkl
2025-03-19 15:38:32 - eeg_brain_state_prediction.data_pipeline.tools.multimodal - INFO - Successfully saved data
2025-03-19 15:38:32 - eeg_brain_state_prediction.data_pipeline.tools.multimodal - INFO - Loading data for modality: brainstates
2025-03-19 15:38:32 - eeg_brain_state_prediction.data_pipeline.tools.multimodal - INFO - Loading data for modality: eeg
2025-03-19 15:38:37 - eeg_brain_state_prediction.data_pipeline.tools.multimodal - INFO - Saving data to: /data2/Projects/eeg_fmri_natview/chang_data/derivatives/sub-0014/ses-01/multimodal/sub-0014_ses-01_task-MeRest_acq-mr0018_desc-BandsEnv8Caps_multimodal.pkl
2025-03-19 15:38:37 - eeg_brain_state_prediction.data_pipeline.tools.multimodal - INFO - Successfully saved data
2025-03-19 15:38:37 - eeg_brain_state_prediction.data_pipeline.tools.multimodal - INFO - Loading data for modality: brainstates
2025-03-19 15:38:37 - eeg_brain_state_prediction.data_pipeline.tools.multimodal - INFO - Loading data for modality: eeg
2025-03-19 15:38:43 - eeg_brain_state_prediction.data_pipeline.tools.multimodal - INFO - Saving data to: /data2/Projects/eeg_fmri_natview/chang_data/derivatives/sub-0014/ses-01/multimodal/sub-0014_ses-01_task-MeRest_acq-mr0012_desc-BandsEnv8Caps_multimodal.pkl
2025-03-19 15:38:43 - eeg_brain_state_prediction.data_pipeline.tools.multimodal - INFO - Successfully saved data
2025-03-19 15:38:43 - eeg_brain_state_prediction.data_pipeline.tools.multimodal - INFO - Loading data for modality: brainstates
2025-03-19 15:38:43 - eeg_brain_state_prediction.data_pipeline.tools.multimodal - INFO - Loading data for modality: eeg
2025-03-19 15:38:48 - eeg_brain_state_prediction.data_pipeline.tools.multimodal - INFO - Saving data to: /data2/Projects/eeg_fmri_natview/chang_data/derivatives/sub-0016/ses-01/multimodal/sub-0016_ses-01_task-MeRest_acq-mr0006_desc-BandsEnv8Caps_multimodal.pkl
2025-03-19 15:38:48 - eeg_brain_state_prediction.data_pipeline.tools.multimodal - INFO - Successfully saved data
2025-03-19 15:38:49 - eeg_brain_state_prediction.data_pipeline.tools.multimodal - INFO - Loading data for modality: brainstates
2025-03-19 15:38:49 - eeg_brain_state_prediction.data_pipeline.tools.multimodal - INFO - Loading data for modality: eeg
2025-03-19 15:38:54 - eeg_brain_state_prediction.data_pipeline.tools.multimodal - INFO - Saving data to: /data2/Projects/eeg_fmri_natview/chang_data/derivatives/sub-0016/ses-01/multimodal/sub-0016_ses-01_task-MeRest_acq-mr0006_desc-BandsEnv8Caps_multimodal.pkl
2025-03-19 15:38:54 - eeg_brain_state_prediction.data_pipeline.tools.multimodal - INFO - Successfully saved data
2025-03-19 15:38:54 - eeg_brain_state_prediction.data_pipeline.tools.multimodal - INFO - Loading data for modality: brainstates
2025-03-19 15:38:54 - eeg_brain_state_prediction.data_pipeline.tools.multimodal - INFO - Loading data for modality: eeg
2025-03-19 15:38:58 - eeg_brain_state_prediction.data_pipeline.tools.multimodal - INFO - Saving data to: /data2/Projects/eeg_fmri_natview/chang_data/derivatives/sub-0016/ses-01/multimodal/sub-0016_ses-01_task-MeRest_acq-mr0015_desc-BandsEnv8Caps_multimodal.pkl
2025-03-19 15:38:58 - eeg_brain_state_prediction.data_pipeline.tools.multimodal - INFO - Successfully saved data
2025-03-19 15:38:58 - eeg_brain_state_prediction.data_pipeline.tools.multimodal - INFO - Loading data for modality: brainstates
2025-03-19 15:38:58 - eeg_brain_state_prediction.data_pipeline.tools.multimodal - INFO - Loading data for modality: eeg
2025-03-19 15:39:02 - eeg_brain_state_prediction.data_pipeline.tools.multimodal - INFO - Saving data to: /data2/Projects/eeg_fmri_natview/chang_data/derivatives/sub-0016/ses-01/multimodal/sub-0016_ses-01_task-MeRest_acq-mr0015_desc-BandsEnv8Caps_multimodal.pkl
2025-03-19 15:39:02 - eeg_brain_state_prediction.data_pipeline.tools.multimodal - INFO - Successfully saved data
2025-03-19 15:39:02 - eeg_brain_state_prediction.data_pipeline.tools.multimodal - INFO - Loading data for modality: brainstates
2025-03-19 15:39:02 - eeg_brain_state_prediction.data_pipeline.tools.multimodal - INFO - Loading data for modality: eeg
2025-03-19 15:39:06 - eeg_brain_state_prediction.data_pipeline.tools.multimodal - INFO - Saving data to: /data2/Projects/eeg_fmri_natview/chang_data/derivatives/sub-0016/ses-01/multimodal/sub-0016_ses-01_task-MeRest_acq-mr0015_desc-BandsEnv8Caps_multimodal.pkl
2025-03-19 15:39:06 - eeg_brain_state_prediction.data_pipeline.tools.multimodal - INFO - Successfully saved data
2025-03-19 15:39:06 - eeg_brain_state_prediction.data_pipeline.tools.multimodal - INFO - Loading data for modality: brainstates
2025-03-19 15:39:06 - eeg_brain_state_prediction.data_pipeline.tools.multimodal - INFO - Loading data for modality: eeg
2025-03-19 15:39:10 - eeg_brain_state_prediction.data_pipeline.tools.multimodal - INFO - Saving data to: /data2/Projects/eeg_fmri_natview/chang_data/derivatives/sub-0016/ses-01/multimodal/sub-0016_ses-01_task-MeRest_acq-mr0006_desc-BandsEnv8Caps_multimodal.pkl
2025-03-19 15:39:10 - eeg_brain_state_prediction.data_pipeline.tools.multimodal - INFO - Successfully saved data
2025-03-19 15:39:10 - eeg_brain_state_prediction.data_pipeline.tools.multimodal - INFO - Loading data for modality: brainstates
2025-03-19 15:39:10 - eeg_brain_state_prediction.data_pipeline.tools.multimodal - INFO - Loading data for modality: eeg
2025-03-19 15:39:14 - eeg_brain_state_prediction.data_pipeline.tools.multimodal - INFO - Saving data to: /data2/Projects/eeg_fmri_natview/chang_data/derivatives/sub-0016/ses-01/multimodal/sub-0016_ses-01_task-MeRest_acq-mr0015_desc-BandsEnv8Caps_multimodal.pkl
2025-03-19 15:39:14 - eeg_brain_state_prediction.data_pipeline.tools.multimodal - INFO - Successfully saved data
2025-03-19 15:39:14 - eeg_brain_state_prediction.data_pipeline.tools.multimodal - INFO - Loading data for modality: brainstates
2025-03-19 15:39:14 - eeg_brain_state_prediction.data_pipeline.tools.multimodal - INFO - Loading data for modality: eeg
2025-03-19 15:39:18 - eeg_brain_state_prediction.data_pipeline.tools.multimodal - INFO - Saving data to: /data2/Projects/eeg_fmri_natview/chang_data/derivatives/sub-0016/ses-01/multimodal/sub-0016_ses-01_task-MeRest_acq-mr0006_desc-BandsEnv8Caps_multimodal.pkl
2025-03-19 15:39:18 - eeg_brain_state_prediction.data_pipeline.tools.multimodal - INFO - Successfully saved data
2025-03-19 15:39:18 - eeg_brain_state_prediction.data_pipeline.tools.multimodal - INFO - Loading data for modality: brainstates
2025-03-19 15:39:18 - eeg_brain_state_prediction.data_pipeline.tools.multimodal - INFO - Loading data for modality: eeg
2025-03-19 15:39:21 - eeg_brain_state_prediction.data_pipeline.tools.multimodal - INFO - Saving data to: /data2/Projects/eeg_fmri_natview/chang_data/derivatives/sub-0016/ses-01/multimodal/sub-0016_ses-01_task-MeRest_acq-mr0006_desc-BandsEnv8Caps_multimodal.pkl
2025-03-19 15:39:21 - eeg_brain_state_prediction.data_pipeline.tools.multimodal - INFO - Successfully saved data
2025-03-19 15:39:22 - eeg_brain_state_prediction.data_pipeline.tools.multimodal - INFO - Loading data for modality: brainstates
2025-03-19 15:39:22 - eeg_brain_state_prediction.data_pipeline.tools.multimodal - INFO - Loading data for modality: eeg
2025-03-19 15:39:25 - eeg_brain_state_prediction.data_pipeline.tools.multimodal - INFO - Saving data to: /data2/Projects/eeg_fmri_natview/chang_data/derivatives/sub-0016/ses-01/multimodal/sub-0016_ses-01_task-MeRest_acq-mr0015_desc-BandsEnv8Caps_multimodal.pkl
2025-03-19 15:39:25 - eeg_brain_state_prediction.data_pipeline.tools.multimodal - INFO - Successfully saved data
2025-03-19 15:39:25 - eeg_brain_state_prediction.data_pipeline.tools.multimodal - INFO - Loading data for modality: brainstates
2025-03-19 15:39:25 - eeg_brain_state_prediction.data_pipeline.tools.multimodal - INFO - Loading data for modality: eeg
2025-03-19 15:39:29 - eeg_brain_state_prediction.data_pipeline.tools.multimodal - INFO - Saving data to: /data2/Projects/eeg_fmri_natview/chang_data/derivatives/sub-0016/ses-01/multimodal/sub-0016_ses-01_task-MeRest_acq-mr0006_desc-BandsEnv8Caps_multimodal.pkl
2025-03-19 15:39:29 - eeg_brain_state_prediction.data_pipeline.tools.multimodal - INFO - Successfully saved data
2025-03-19 15:39:29 - eeg_brain_state_prediction.data_pipeline.tools.multimodal - INFO - Loading data for modality: brainstates
2025-03-19 15:39:29 - eeg_brain_state_prediction.data_pipeline.tools.multimodal - INFO - Loading data for modality: eeg
2025-03-19 15:39:33 - eeg_brain_state_prediction.data_pipeline.tools.multimodal - INFO - Saving data to: /data2/Projects/eeg_fmri_natview/chang_data/derivatives/sub-0016/ses-01/multimodal/sub-0016_ses-01_task-MeRest_acq-mr0015_desc-BandsEnv8Caps_multimodal.pkl
2025-03-19 15:39:33 - eeg_brain_state_prediction.data_pipeline.tools.multimodal - INFO - Successfully saved data
2025-03-19 15:39:33 - eeg_brain_state_prediction.data_pipeline.tools.multimodal - INFO - Loading data for modality: brainstates
2025-03-19 15:39:33 - eeg_brain_state_prediction.data_pipeline.tools.multimodal - INFO - Loading data for modality: eeg
2025-03-19 15:39:37 - eeg_brain_state_prediction.data_pipeline.tools.multimodal - INFO - Saving data to: /data2/Projects/eeg_fmri_natview/chang_data/derivatives/sub-0021/ses-01/multimodal/sub-0021_ses-01_task-MeRest_acq-mr0012_desc-BandsEnv8Caps_multimodal.pkl
2025-03-19 15:39:37 - eeg_brain_state_prediction.data_pipeline.tools.multimodal - INFO - Successfully saved data
2025-03-19 15:39:38 - eeg_brain_state_prediction.data_pipeline.tools.multimodal - INFO - Loading data for modality: brainstates
2025-03-19 15:39:38 - eeg_brain_state_prediction.data_pipeline.tools.multimodal - INFO - Loading data for modality: eeg
2025-03-19 15:39:41 - eeg_brain_state_prediction.data_pipeline.tools.multimodal - INFO - Saving data to: /data2/Projects/eeg_fmri_natview/chang_data/derivatives/sub-0021/ses-01/multimodal/sub-0021_ses-01_task-MeRest_acq-mr0012_desc-BandsEnv8Caps_multimodal.pkl
2025-03-19 15:39:41 - eeg_brain_state_prediction.data_pipeline.tools.multimodal - INFO - Successfully saved data
2025-03-19 15:39:41 - eeg_brain_state_prediction.data_pipeline.tools.multimodal - INFO - Loading data for modality: brainstates
2025-03-19 15:39:41 - eeg_brain_state_prediction.data_pipeline.tools.multimodal - INFO - Loading data for modality: eeg
2025-03-19 15:39:45 - eeg_brain_state_prediction.data_pipeline.tools.multimodal - INFO - Saving data to: /data2/Projects/eeg_fmri_natview/chang_data/derivatives/sub-0021/ses-01/multimodal/sub-0021_ses-01_task-MeRest_acq-mr0012_desc-BandsEnv8Caps_multimodal.pkl
2025-03-19 15:39:45 - eeg_brain_state_prediction.data_pipeline.tools.multimodal - INFO - Successfully saved data
2025-03-19 15:39:45 - eeg_brain_state_prediction.data_pipeline.tools.multimodal - INFO - Loading data for modality: brainstates
2025-03-19 15:39:45 - eeg_brain_state_prediction.data_pipeline.tools.multimodal - INFO - Loading data for modality: eeg
2025-03-19 15:39:49 - eeg_brain_state_prediction.data_pipeline.tools.multimodal - INFO - Saving data to: /data2/Projects/eeg_fmri_natview/chang_data/derivatives/sub-0021/ses-01/multimodal/sub-0021_ses-01_task-MeRest_acq-mr0012_desc-BandsEnv8Caps_multimodal.pkl
2025-03-19 15:39:49 - eeg_brain_state_prediction.data_pipeline.tools.multimodal - INFO - Successfully saved data
2025-03-19 15:39:49 - eeg_brain_state_prediction.data_pipeline.tools.multimodal - INFO - Loading data for modality: brainstates
2025-03-19 15:39:49 - eeg_brain_state_prediction.data_pipeline.tools.multimodal - INFO - Loading data for modality: eeg
2025-03-19 15:39:53 - eeg_brain_state_prediction.data_pipeline.tools.multimodal - INFO - Saving data to: /data2/Projects/eeg_fmri_natview/chang_data/derivatives/sub-0021/ses-01/multimodal/sub-0021_ses-01_task-MeRest_acq-mr0012_desc-BandsEnv8Caps_multimodal.pkl
2025-03-19 15:39:53 - eeg_brain_state_prediction.data_pipeline.tools.multimodal - INFO - Successfully saved data
2025-03-19 15:39:53 - eeg_brain_state_prediction.data_pipeline.tools.multimodal - INFO - Loading data for modality: brainstates
2025-03-19 15:39:53 - eeg_brain_state_prediction.data_pipeline.tools.multimodal - INFO - Loading data for modality: eeg
2025-03-19 15:39:57 - eeg_brain_state_prediction.data_pipeline.tools.multimodal - INFO - Saving data to: /data2/Projects/eeg_fmri_natview/chang_data/derivatives/sub-0021/ses-01/multimodal/sub-0021_ses-01_task-MeRest_acq-mr0012_desc-BandsEnv8Caps_multimodal.pkl
2025-03-19 15:39:57 - eeg_brain_state_prediction.data_pipeline.tools.multimodal - INFO - Successfully saved data
2025-03-19 15:39:57 - eeg_brain_state_prediction.data_pipeline.tools.multimodal - INFO - Loading data for modality: brainstates
2025-03-19 15:39:57 - eeg_brain_state_prediction.data_pipeline.tools.multimodal - INFO - Loading data for modality: eeg
2025-03-19 15:40:01 - eeg_brain_state_prediction.data_pipeline.tools.multimodal - INFO - Saving data to: /data2/Projects/eeg_fmri_natview/chang_data/derivatives/sub-0027/ses-01/multimodal/sub-0027_ses-01_task-MeRest_acq-mr0009_desc-BandsEnv8Caps_multimodal.pkl
2025-03-19 15:40:01 - eeg_brain_state_prediction.data_pipeline.tools.multimodal - INFO - Successfully saved data
2025-03-19 15:40:01 - eeg_brain_state_prediction.data_pipeline.tools.multimodal - INFO - Loading data for modality: brainstates
2025-03-19 15:40:01 - eeg_brain_state_prediction.data_pipeline.tools.multimodal - INFO - Loading data for modality: eeg
2025-03-19 15:40:05 - eeg_brain_state_prediction.data_pipeline.tools.multimodal - INFO - Saving data to: /data2/Projects/eeg_fmri_natview/chang_data/derivatives/sub-0027/ses-01/multimodal/sub-0027_ses-01_task-MeRest_acq-mr0009_desc-BandsEnv8Caps_multimodal.pkl
2025-03-19 15:40:05 - eeg_brain_state_prediction.data_pipeline.tools.multimodal - INFO - Successfully saved data
2025-03-19 15:40:05 - eeg_brain_state_prediction.data_pipeline.tools.multimodal - INFO - Loading data for modality: brainstates
2025-03-19 15:40:05 - eeg_brain_state_prediction.data_pipeline.tools.multimodal - INFO - Loading data for modality: eeg
2025-03-19 15:40:09 - eeg_brain_state_prediction.data_pipeline.tools.multimodal - INFO - Saving data to: /data2/Projects/eeg_fmri_natview/chang_data/derivatives/sub-0027/ses-01/multimodal/sub-0027_ses-01_task-MeRest_acq-mr0009_desc-BandsEnv8Caps_multimodal.pkl
2025-03-19 15:40:09 - eeg_brain_state_prediction.data_pipeline.tools.multimodal - INFO - Successfully saved data
2025-03-19 15:40:09 - eeg_brain_state_prediction.data_pipeline.tools.multimodal - INFO - Loading data for modality: brainstates
2025-03-19 15:40:09 - eeg_brain_state_prediction.data_pipeline.tools.multimodal - INFO - Loading data for modality: eeg
2025-03-19 15:40:13 - eeg_brain_state_prediction.data_pipeline.tools.multimodal - INFO - Saving data to: /data2/Projects/eeg_fmri_natview/chang_data/derivatives/sub-0027/ses-01/multimodal/sub-0027_ses-01_task-MeRest_acq-mr0009_desc-BandsEnv8Caps_multimodal.pkl
2025-03-19 15:40:13 - eeg_brain_state_prediction.data_pipeline.tools.multimodal - INFO - Successfully saved data
2025-03-19 15:40:13 - eeg_brain_state_prediction.data_pipeline.tools.multimodal - INFO - Loading data for modality: brainstates
2025-03-19 15:40:13 - eeg_brain_state_prediction.data_pipeline.tools.multimodal - INFO - Loading data for modality: eeg
2025-03-19 15:40:17 - eeg_brain_state_prediction.data_pipeline.tools.multimodal - INFO - Saving data to: /data2/Projects/eeg_fmri_natview/chang_data/derivatives/sub-0027/ses-01/multimodal/sub-0027_ses-01_task-MeRest_acq-mr0009_desc-BandsEnv8Caps_multimodal.pkl
2025-03-19 15:40:17 - eeg_brain_state_prediction.data_pipeline.tools.multimodal - INFO - Successfully saved data
2025-03-19 15:40:17 - eeg_brain_state_prediction.data_pipeline.tools.multimodal - INFO - Loading data for modality: brainstates
2025-03-19 15:40:17 - eeg_brain_state_prediction.data_pipeline.tools.multimodal - INFO - Loading data for modality: eeg
2025-03-19 15:40:21 - eeg_brain_state_prediction.data_pipeline.tools.multimodal - INFO - Saving data to: /data2/Projects/eeg_fmri_natview/chang_data/derivatives/sub-0027/ses-01/multimodal/sub-0027_ses-01_task-MeRest_acq-mr0009_desc-BandsEnv8Caps_multimodal.pkl
2025-03-19 15:40:21 - eeg_brain_state_prediction.data_pipeline.tools.multimodal - INFO - Successfully saved data
2025-03-19 15:40:21 - eeg_brain_state_prediction.data_pipeline.tools.multimodal - INFO - Loading data for modality: brainstates
2025-03-19 15:40:21 - eeg_brain_state_prediction.data_pipeline.tools.multimodal - INFO - Loading data for modality: eeg
2025-03-19 15:40:25 - eeg_brain_state_prediction.data_pipeline.tools.multimodal - INFO - Saving data to: /data2/Projects/eeg_fmri_natview/chang_data/derivatives/sub-0028/ses-01/multimodal/sub-0028_ses-01_task-MeRest_acq-mr0012_desc-BandsEnv8Caps_multimodal.pkl
2025-03-19 15:40:25 - eeg_brain_state_prediction.data_pipeline.tools.multimodal - INFO - Successfully saved data
2025-03-19 15:40:25 - eeg_brain_state_prediction.data_pipeline.tools.multimodal - INFO - Loading data for modality: brainstates
2025-03-19 15:40:25 - eeg_brain_state_prediction.data_pipeline.tools.multimodal - INFO - Loading data for modality: eeg
2025-03-19 15:40:29 - eeg_brain_state_prediction.data_pipeline.tools.multimodal - INFO - Saving data to: /data2/Projects/eeg_fmri_natview/chang_data/derivatives/sub-0028/ses-01/multimodal/sub-0028_ses-01_task-MeRest_acq-mr0012_desc-BandsEnv8Caps_multimodal.pkl
2025-03-19 15:40:29 - eeg_brain_state_prediction.data_pipeline.tools.multimodal - INFO - Successfully saved data
2025-03-19 15:40:29 - eeg_brain_state_prediction.data_pipeline.tools.multimodal - INFO - Loading data for modality: brainstates
2025-03-19 15:40:29 - eeg_brain_state_prediction.data_pipeline.tools.multimodal - INFO - Loading data for modality: eeg
2025-03-19 15:40:33 - eeg_brain_state_prediction.data_pipeline.tools.multimodal - INFO - Saving data to: /data2/Projects/eeg_fmri_natview/chang_data/derivatives/sub-0028/ses-01/multimodal/sub-0028_ses-01_task-MeRest_acq-mr0012_desc-BandsEnv8Caps_multimodal.pkl
2025-03-19 15:40:33 - eeg_brain_state_prediction.data_pipeline.tools.multimodal - INFO - Successfully saved data
2025-03-19 15:40:33 - eeg_brain_state_prediction.data_pipeline.tools.multimodal - INFO - Loading data for modality: brainstates
2025-03-19 15:40:33 - eeg_brain_state_prediction.data_pipeline.tools.multimodal - INFO - Loading data for modality: eeg
2025-03-19 15:40:37 - eeg_brain_state_prediction.data_pipeline.tools.multimodal - INFO - Saving data to: /data2/Projects/eeg_fmri_natview/chang_data/derivatives/sub-0028/ses-01/multimodal/sub-0028_ses-01_task-MeRest_acq-mr0012_desc-BandsEnv8Caps_multimodal.pkl
2025-03-19 15:40:37 - eeg_brain_state_prediction.data_pipeline.tools.multimodal - INFO - Successfully saved data
2025-03-19 15:40:37 - eeg_brain_state_prediction.data_pipeline.tools.multimodal - INFO - Loading data for modality: brainstates
2025-03-19 15:40:37 - eeg_brain_state_prediction.data_pipeline.tools.multimodal - INFO - Loading data for modality: eeg
2025-03-19 15:40:41 - eeg_brain_state_prediction.data_pipeline.tools.multimodal - INFO - Saving data to: /data2/Projects/eeg_fmri_natview/chang_data/derivatives/sub-0028/ses-01/multimodal/sub-0028_ses-01_task-MeRest_acq-mr0012_desc-BandsEnv8Caps_multimodal.pkl
2025-03-19 15:40:41 - eeg_brain_state_prediction.data_pipeline.tools.multimodal - INFO - Successfully saved data
2025-03-19 15:40:41 - eeg_brain_state_prediction.data_pipeline.tools.multimodal - INFO - Loading data for modality: brainstates
2025-03-19 15:40:41 - eeg_brain_state_prediction.data_pipeline.tools.multimodal - INFO - Loading data for modality: eeg
2025-03-19 15:40:45 - eeg_brain_state_prediction.data_pipeline.tools.multimodal - INFO - Saving data to: /data2/Projects/eeg_fmri_natview/chang_data/derivatives/sub-0028/ses-01/multimodal/sub-0028_ses-01_task-MeRest_acq-mr0012_desc-BandsEnv8Caps_multimodal.pkl
2025-03-19 15:40:46 - eeg_brain_state_prediction.data_pipeline.tools.multimodal - INFO - Successfully saved data
2025-03-19 15:40:46 - eeg_brain_state_prediction.data_pipeline.tools.multimodal - INFO - Loading data for modality: brainstates
2025-03-19 15:40:46 - eeg_brain_state_prediction.data_pipeline.tools.multimodal - INFO - Loading data for modality: eeg
2025-03-19 15:40:50 - eeg_brain_state_prediction.data_pipeline.tools.multimodal - INFO - Saving data to: /data2/Projects/eeg_fmri_natview/chang_data/derivatives/sub-0029/ses-01/multimodal/sub-0029_ses-01_task-MeRest_acq-mr0012_desc-BandsEnv8Caps_multimodal.pkl
2025-03-19 15:40:50 - eeg_brain_state_prediction.data_pipeline.tools.multimodal - INFO - Successfully saved data
2025-03-19 15:40:50 - eeg_brain_state_prediction.data_pipeline.tools.multimodal - INFO - Loading data for modality: brainstates
2025-03-19 15:40:50 - eeg_brain_state_prediction.data_pipeline.tools.multimodal - INFO - Loading data for modality: eeg
2025-03-19 15:40:54 - eeg_brain_state_prediction.data_pipeline.tools.multimodal - INFO - Saving data to: /data2/Projects/eeg_fmri_natview/chang_data/derivatives/sub-0029/ses-01/multimodal/sub-0029_ses-01_task-MeRest_acq-mr0012_desc-BandsEnv8Caps_multimodal.pkl
2025-03-19 15:40:54 - eeg_brain_state_prediction.data_pipeline.tools.multimodal - INFO - Successfully saved data
2025-03-19 15:40:54 - eeg_brain_state_prediction.data_pipeline.tools.multimodal - INFO - Loading data for modality: brainstates
2025-03-19 15:40:54 - eeg_brain_state_prediction.data_pipeline.tools.multimodal - INFO - Loading data for modality: eeg
2025-03-19 15:40:58 - eeg_brain_state_prediction.data_pipeline.tools.multimodal - INFO - Saving data to: /data2/Projects/eeg_fmri_natview/chang_data/derivatives/sub-0029/ses-01/multimodal/sub-0029_ses-01_task-MeRest_acq-mr0012_desc-BandsEnv8Caps_multimodal.pkl
2025-03-19 15:40:58 - eeg_brain_state_prediction.data_pipeline.tools.multimodal - INFO - Successfully saved data
2025-03-19 15:40:58 - eeg_brain_state_prediction.data_pipeline.tools.multimodal - INFO - Loading data for modality: brainstates
2025-03-19 15:40:58 - eeg_brain_state_prediction.data_pipeline.tools.multimodal - INFO - Loading data for modality: eeg
2025-03-19 15:41:02 - eeg_brain_state_prediction.data_pipeline.tools.multimodal - INFO - Saving data to: /data2/Projects/eeg_fmri_natview/chang_data/derivatives/sub-0029/ses-01/multimodal/sub-0029_ses-01_task-MeRest_acq-mr0012_desc-BandsEnv8Caps_multimodal.pkl
2025-03-19 15:41:02 - eeg_brain_state_prediction.data_pipeline.tools.multimodal - INFO - Successfully saved data
2025-03-19 15:41:02 - eeg_brain_state_prediction.data_pipeline.tools.multimodal - INFO - Loading data for modality: brainstates
2025-03-19 15:41:02 - eeg_brain_state_prediction.data_pipeline.tools.multimodal - INFO - Loading data for modality: eeg
2025-03-19 15:41:06 - eeg_brain_state_prediction.data_pipeline.tools.multimodal - INFO - Saving data to: /data2/Projects/eeg_fmri_natview/chang_data/derivatives/sub-0029/ses-01/multimodal/sub-0029_ses-01_task-MeRest_acq-mr0012_desc-BandsEnv8Caps_multimodal.pkl
2025-03-19 15:41:06 - eeg_brain_state_prediction.data_pipeline.tools.multimodal - INFO - Successfully saved data
2025-03-19 15:41:06 - eeg_brain_state_prediction.data_pipeline.tools.multimodal - INFO - Loading data for modality: brainstates
2025-03-19 15:41:06 - eeg_brain_state_prediction.data_pipeline.tools.multimodal - INFO - Loading data for modality: eeg
2025-03-19 15:41:10 - eeg_brain_state_prediction.data_pipeline.tools.multimodal - INFO - Saving data to: /data2/Projects/eeg_fmri_natview/chang_data/derivatives/sub-0029/ses-01/multimodal/sub-0029_ses-01_task-MeRest_acq-mr0012_desc-BandsEnv8Caps_multimodal.pkl
2025-03-19 15:41:11 - eeg_brain_state_prediction.data_pipeline.tools.multimodal - INFO - Successfully saved data
2025-03-19 15:41:11 - eeg_brain_state_prediction.data_pipeline.tools.multimodal - INFO - Loading data for modality: brainstates
2025-03-19 15:41:11 - eeg_brain_state_prediction.data_pipeline.tools.multimodal - INFO - Loading data for modality: eeg
2025-03-19 15:41:15 - eeg_brain_state_prediction.data_pipeline.tools.multimodal - INFO - Saving data to: /data2/Projects/eeg_fmri_natview/chang_data/derivatives/sub-0030/ses-01/multimodal/sub-0030_ses-01_task-MeRest_acq-mr0009_desc-BandsEnv8Caps_multimodal.pkl
2025-03-19 15:41:15 - eeg_brain_state_prediction.data_pipeline.tools.multimodal - INFO - Successfully saved data
2025-03-19 15:41:15 - eeg_brain_state_prediction.data_pipeline.tools.multimodal - INFO - Loading data for modality: brainstates
2025-03-19 15:41:15 - eeg_brain_state_prediction.data_pipeline.tools.multimodal - INFO - Loading data for modality: eeg
2025-03-19 15:41:19 - eeg_brain_state_prediction.data_pipeline.tools.multimodal - INFO - Saving data to: /data2/Projects/eeg_fmri_natview/chang_data/derivatives/sub-0030/ses-01/multimodal/sub-0030_ses-01_task-MeRest_acq-mr0009_desc-BandsEnv8Caps_multimodal.pkl
2025-03-19 15:41:19 - eeg_brain_state_prediction.data_pipeline.tools.multimodal - INFO - Successfully saved data
2025-03-19 15:41:19 - eeg_brain_state_prediction.data_pipeline.tools.multimodal - INFO - Loading data for modality: brainstates
2025-03-19 15:41:19 - eeg_brain_state_prediction.data_pipeline.tools.multimodal - INFO - Loading data for modality: eeg
2025-03-19 15:41:23 - eeg_brain_state_prediction.data_pipeline.tools.multimodal - INFO - Saving data to: /data2/Projects/eeg_fmri_natview/chang_data/derivatives/sub-0030/ses-01/multimodal/sub-0030_ses-01_task-MeRest_acq-mr0009_desc-BandsEnv8Caps_multimodal.pkl
2025-03-19 15:41:23 - eeg_brain_state_prediction.data_pipeline.tools.multimodal - INFO - Successfully saved data
2025-03-19 15:41:23 - eeg_brain_state_prediction.data_pipeline.tools.multimodal - INFO - Loading data for modality: brainstates
2025-03-19 15:41:23 - eeg_brain_state_prediction.data_pipeline.tools.multimodal - INFO - Loading data for modality: eeg
2025-03-19 15:41:27 - eeg_brain_state_prediction.data_pipeline.tools.multimodal - INFO - Saving data to: /data2/Projects/eeg_fmri_natview/chang_data/derivatives/sub-0030/ses-01/multimodal/sub-0030_ses-01_task-MeRest_acq-mr0009_desc-BandsEnv8Caps_multimodal.pkl
2025-03-19 15:41:27 - eeg_brain_state_prediction.data_pipeline.tools.multimodal - INFO - Successfully saved data
2025-03-19 15:41:27 - eeg_brain_state_prediction.data_pipeline.tools.multimodal - INFO - Loading data for modality: brainstates
2025-03-19 15:41:27 - eeg_brain_state_prediction.data_pipeline.tools.multimodal - INFO - Loading data for modality: eeg
2025-03-19 15:41:31 - eeg_brain_state_prediction.data_pipeline.tools.multimodal - INFO - Saving data to: /data2/Projects/eeg_fmri_natview/chang_data/derivatives/sub-0030/ses-01/multimodal/sub-0030_ses-01_task-MeRest_acq-mr0009_desc-BandsEnv8Caps_multimodal.pkl
2025-03-19 15:41:31 - eeg_brain_state_prediction.data_pipeline.tools.multimodal - INFO - Successfully saved data
2025-03-19 15:41:31 - eeg_brain_state_prediction.data_pipeline.tools.multimodal - INFO - Loading data for modality: brainstates
2025-03-19 15:41:31 - eeg_brain_state_prediction.data_pipeline.tools.multimodal - INFO - Loading data for modality: eeg
2025-03-19 15:41:35 - eeg_brain_state_prediction.data_pipeline.tools.multimodal - INFO - Saving data to: /data2/Projects/eeg_fmri_natview/chang_data/derivatives/sub-0030/ses-01/multimodal/sub-0030_ses-01_task-MeRest_acq-mr0009_desc-BandsEnv8Caps_multimodal.pkl
2025-03-19 15:41:35 - eeg_brain_state_prediction.data_pipeline.tools.multimodal - INFO - Successfully saved data
2025-03-19 15:41:35 - eeg_brain_state_prediction.data_pipeline.tools.multimodal - INFO - Loading data for modality: brainstates
2025-03-19 15:41:35 - eeg_brain_state_prediction.data_pipeline.tools.multimodal - INFO - Loading data for modality: eeg
2025-03-19 15:41:40 - eeg_brain_state_prediction.data_pipeline.tools.multimodal - INFO - Saving data to: /data2/Projects/eeg_fmri_natview/chang_data/derivatives/sub-0031/ses-01/multimodal/sub-0031_ses-01_task-MeRest_acq-mr0015_desc-BandsEnv8Caps_multimodal.pkl
2025-03-19 15:41:40 - eeg_brain_state_prediction.data_pipeline.tools.multimodal - INFO - Successfully saved data
2025-03-19 15:41:40 - eeg_brain_state_prediction.data_pipeline.tools.multimodal - INFO - Loading data for modality: brainstates
2025-03-19 15:41:40 - eeg_brain_state_prediction.data_pipeline.tools.multimodal - INFO - Loading data for modality: eeg
2025-03-19 15:41:44 - eeg_brain_state_prediction.data_pipeline.tools.multimodal - INFO - Saving data to: /data2/Projects/eeg_fmri_natview/chang_data/derivatives/sub-0031/ses-01/multimodal/sub-0031_ses-01_task-MeRest_acq-mr0015_desc-BandsEnv8Caps_multimodal.pkl
2025-03-19 15:41:44 - eeg_brain_state_prediction.data_pipeline.tools.multimodal - INFO - Successfully saved data
2025-03-19 15:41:44 - eeg_brain_state_prediction.data_pipeline.tools.multimodal - INFO - Loading data for modality: brainstates
2025-03-19 15:41:44 - eeg_brain_state_prediction.data_pipeline.tools.multimodal - INFO - Loading data for modality: eeg
2025-03-19 15:41:48 - eeg_brain_state_prediction.data_pipeline.tools.multimodal - INFO - Saving data to: /data2/Projects/eeg_fmri_natview/chang_data/derivatives/sub-0031/ses-01/multimodal/sub-0031_ses-01_task-MeRest_acq-mr0015_desc-BandsEnv8Caps_multimodal.pkl
2025-03-19 15:41:48 - eeg_brain_state_prediction.data_pipeline.tools.multimodal - INFO - Successfully saved data
2025-03-19 15:41:48 - eeg_brain_state_prediction.data_pipeline.tools.multimodal - INFO - Loading data for modality: brainstates
2025-03-19 15:41:48 - eeg_brain_state_prediction.data_pipeline.tools.multimodal - INFO - Loading data for modality: eeg
2025-03-19 15:41:52 - eeg_brain_state_prediction.data_pipeline.tools.multimodal - INFO - Saving data to: /data2/Projects/eeg_fmri_natview/chang_data/derivatives/sub-0031/ses-01/multimodal/sub-0031_ses-01_task-MeRest_acq-mr0015_desc-BandsEnv8Caps_multimodal.pkl
2025-03-19 15:41:53 - eeg_brain_state_prediction.data_pipeline.tools.multimodal - INFO - Successfully saved data
2025-03-19 15:41:53 - eeg_brain_state_prediction.data_pipeline.tools.multimodal - INFO - Loading data for modality: brainstates
2025-03-19 15:41:53 - eeg_brain_state_prediction.data_pipeline.tools.multimodal - INFO - Loading data for modality: eeg
2025-03-19 15:41:57 - eeg_brain_state_prediction.data_pipeline.tools.multimodal - INFO - Saving data to: /data2/Projects/eeg_fmri_natview/chang_data/derivatives/sub-0031/ses-01/multimodal/sub-0031_ses-01_task-MeRest_acq-mr0015_desc-BandsEnv8Caps_multimodal.pkl
2025-03-19 15:41:57 - eeg_brain_state_prediction.data_pipeline.tools.multimodal - INFO - Successfully saved data
2025-03-19 15:41:57 - eeg_brain_state_prediction.data_pipeline.tools.multimodal - INFO - Loading data for modality: brainstates
2025-03-19 15:41:57 - eeg_brain_state_prediction.data_pipeline.tools.multimodal - INFO - Loading data for modality: eeg
2025-03-19 15:42:01 - eeg_brain_state_prediction.data_pipeline.tools.multimodal - INFO - Saving data to: /data2/Projects/eeg_fmri_natview/chang_data/derivatives/sub-0031/ses-01/multimodal/sub-0031_ses-01_task-MeRest_acq-mr0015_desc-BandsEnv8Caps_multimodal.pkl
2025-03-19 15:42:01 - eeg_brain_state_prediction.data_pipeline.tools.multimodal - INFO - Successfully saved data
2025-03-19 15:42:01 - eeg_brain_state_prediction.data_pipeline.tools.multimodal - INFO - Loading data for modality: brainstates
2025-03-19 15:42:01 - eeg_brain_state_prediction.data_pipeline.tools.multimodal - INFO - Loading data for modality: eeg
2025-03-19 15:42:06 - eeg_brain_state_prediction.data_pipeline.tools.multimodal - INFO - Saving data to: /data2/Projects/eeg_fmri_natview/chang_data/derivatives/sub-0032/ses-01/multimodal/sub-0032_ses-01_task-MeRest_acq-mr0009_desc-BandsEnv8Caps_multimodal.pkl
2025-03-19 15:42:06 - eeg_brain_state_prediction.data_pipeline.tools.multimodal - INFO - Successfully saved data
2025-03-19 15:42:06 - eeg_brain_state_prediction.data_pipeline.tools.multimodal - INFO - Loading data for modality: brainstates
2025-03-19 15:42:06 - eeg_brain_state_prediction.data_pipeline.tools.multimodal - INFO - Loading data for modality: eeg
2025-03-19 15:42:10 - eeg_brain_state_prediction.data_pipeline.tools.multimodal - INFO - Saving data to: /data2/Projects/eeg_fmri_natview/chang_data/derivatives/sub-0032/ses-01/multimodal/sub-0032_ses-01_task-MeRest_acq-mr0009_desc-BandsEnv8Caps_multimodal.pkl
2025-03-19 15:42:10 - eeg_brain_state_prediction.data_pipeline.tools.multimodal - INFO - Successfully saved data
2025-03-19 15:42:10 - eeg_brain_state_prediction.data_pipeline.tools.multimodal - INFO - Loading data for modality: brainstates
2025-03-19 15:42:10 - eeg_brain_state_prediction.data_pipeline.tools.multimodal - INFO - Loading data for modality: eeg
2025-03-19 15:42:14 - eeg_brain_state_prediction.data_pipeline.tools.multimodal - INFO - Saving data to: /data2/Projects/eeg_fmri_natview/chang_data/derivatives/sub-0032/ses-01/multimodal/sub-0032_ses-01_task-MeRest_acq-mr0009_desc-BandsEnv8Caps_multimodal.pkl
2025-03-19 15:42:14 - eeg_brain_state_prediction.data_pipeline.tools.multimodal - INFO - Successfully saved data
2025-03-19 15:42:14 - eeg_brain_state_prediction.data_pipeline.tools.multimodal - INFO - Loading data for modality: brainstates
2025-03-19 15:42:14 - eeg_brain_state_prediction.data_pipeline.tools.multimodal - INFO - Loading data for modality: eeg
2025-03-19 15:42:18 - eeg_brain_state_prediction.data_pipeline.tools.multimodal - INFO - Saving data to: /data2/Projects/eeg_fmri_natview/chang_data/derivatives/sub-0032/ses-01/multimodal/sub-0032_ses-01_task-MeRest_acq-mr0009_desc-BandsEnv8Caps_multimodal.pkl
2025-03-19 15:42:18 - eeg_brain_state_prediction.data_pipeline.tools.multimodal - INFO - Successfully saved data
2025-03-19 15:42:18 - eeg_brain_state_prediction.data_pipeline.tools.multimodal - INFO - Loading data for modality: brainstates
2025-03-19 15:42:18 - eeg_brain_state_prediction.data_pipeline.tools.multimodal - INFO - Loading data for modality: eeg
2025-03-19 15:42:22 - eeg_brain_state_prediction.data_pipeline.tools.multimodal - INFO - Saving data to: /data2/Projects/eeg_fmri_natview/chang_data/derivatives/sub-0032/ses-01/multimodal/sub-0032_ses-01_task-MeRest_acq-mr0009_desc-BandsEnv8Caps_multimodal.pkl
2025-03-19 15:42:22 - eeg_brain_state_prediction.data_pipeline.tools.multimodal - INFO - Successfully saved data
2025-03-19 15:42:22 - eeg_brain_state_prediction.data_pipeline.tools.multimodal - INFO - Loading data for modality: brainstates
2025-03-19 15:42:22 - eeg_brain_state_prediction.data_pipeline.tools.multimodal - INFO - Loading data for modality: eeg
2025-03-19 15:42:26 - eeg_brain_state_prediction.data_pipeline.tools.multimodal - INFO - Saving data to: /data2/Projects/eeg_fmri_natview/chang_data/derivatives/sub-0032/ses-01/multimodal/sub-0032_ses-01_task-MeRest_acq-mr0009_desc-BandsEnv8Caps_multimodal.pkl
2025-03-19 15:42:26 - eeg_brain_state_prediction.data_pipeline.tools.multimodal - INFO - Successfully saved data
2025-03-19 16:01:17 - eeg_brain_state_prediction.data_pipeline.tools.multimodal - INFO - Loading data for modality: brainstates
2025-03-19 16:01:17 - eeg_brain_state_prediction.data_pipeline.tools.multimodal - INFO - Loading data for modality: eeg
2025-03-19 16:01:23 - eeg_brain_state_prediction.data_pipeline.tools.multimodal - INFO - Saving data to: /data2/Projects/eeg_fmri_natview/chang_data/derivatives/sub-0010/ses-01/multimodal/sub-0010_ses-01_task-MeRest_acq-mr0009_desc-BandsEnv8Caps_multimodal.pkl
2025-03-19 16:01:23 - eeg_brain_state_prediction.data_pipeline.tools.multimodal - INFO - Successfully saved data
2025-03-19 16:01:23 - eeg_brain_state_prediction.data_pipeline.tools.multimodal - INFO - Loading data for modality: brainstates
2025-03-19 16:01:23 - eeg_brain_state_prediction.data_pipeline.tools.multimodal - INFO - Loading data for modality: eeg
2025-03-19 16:01:28 - eeg_brain_state_prediction.data_pipeline.tools.multimodal - INFO - Saving data to: /data2/Projects/eeg_fmri_natview/chang_data/derivatives/sub-0010/ses-01/multimodal/sub-0010_ses-01_task-MeRest_acq-mr0009_desc-BandsEnv8Caps_multimodal.pkl
2025-03-19 16:01:28 - eeg_brain_state_prediction.data_pipeline.tools.multimodal - INFO - Successfully saved data
2025-03-19 16:01:28 - eeg_brain_state_prediction.data_pipeline.tools.multimodal - INFO - Loading data for modality: brainstates
2025-03-19 16:01:28 - eeg_brain_state_prediction.data_pipeline.tools.multimodal - INFO - Loading data for modality: eeg
2025-03-19 16:01:33 - eeg_brain_state_prediction.data_pipeline.tools.multimodal - INFO - Saving data to: /data2/Projects/eeg_fmri_natview/chang_data/derivatives/sub-0010/ses-01/multimodal/sub-0010_ses-01_task-MeRest_acq-mr0015_desc-BandsEnv8Caps_multimodal.pkl
2025-03-19 16:01:33 - eeg_brain_state_prediction.data_pipeline.tools.multimodal - INFO - Successfully saved data
2025-03-19 16:01:33 - eeg_brain_state_prediction.data_pipeline.tools.multimodal - INFO - Loading data for modality: brainstates
2025-03-19 16:01:33 - eeg_brain_state_prediction.data_pipeline.tools.multimodal - INFO - Loading data for modality: eeg
2025-03-19 16:01:38 - eeg_brain_state_prediction.data_pipeline.tools.multimodal - INFO - Saving data to: /data2/Projects/eeg_fmri_natview/chang_data/derivatives/sub-0010/ses-01/multimodal/sub-0010_ses-01_task-MeRest_acq-mr0015_desc-BandsEnv8Caps_multimodal.pkl
2025-03-19 16:01:38 - eeg_brain_state_prediction.data_pipeline.tools.multimodal - INFO - Successfully saved data
2025-03-19 16:01:38 - eeg_brain_state_prediction.data_pipeline.tools.multimodal - INFO - Loading data for modality: brainstates
2025-03-19 16:01:38 - eeg_brain_state_prediction.data_pipeline.tools.multimodal - INFO - Loading data for modality: eeg
2025-03-19 16:01:43 - eeg_brain_state_prediction.data_pipeline.tools.multimodal - INFO - Saving data to: /data2/Projects/eeg_fmri_natview/chang_data/derivatives/sub-0010/ses-01/multimodal/sub-0010_ses-01_task-MeRest_acq-mr0009_desc-BandsEnv8Caps_multimodal.pkl
2025-03-19 16:01:43 - eeg_brain_state_prediction.data_pipeline.tools.multimodal - INFO - Successfully saved data
2025-03-19 16:01:43 - eeg_brain_state_prediction.data_pipeline.tools.multimodal - INFO - Loading data for modality: brainstates
2025-03-19 16:01:43 - eeg_brain_state_prediction.data_pipeline.tools.multimodal - INFO - Loading data for modality: eeg
2025-03-19 16:01:48 - eeg_brain_state_prediction.data_pipeline.tools.multimodal - INFO - Saving data to: /data2/Projects/eeg_fmri_natview/chang_data/derivatives/sub-0010/ses-01/multimodal/sub-0010_ses-01_task-MeRest_acq-mr0009_desc-BandsEnv8Caps_multimodal.pkl
2025-03-19 16:01:48 - eeg_brain_state_prediction.data_pipeline.tools.multimodal - INFO - Successfully saved data
2025-03-19 16:01:48 - eeg_brain_state_prediction.data_pipeline.tools.multimodal - INFO - Loading data for modality: brainstates
2025-03-19 16:01:48 - eeg_brain_state_prediction.data_pipeline.tools.multimodal - INFO - Loading data for modality: eeg
2025-03-19 16:01:53 - eeg_brain_state_prediction.data_pipeline.tools.multimodal - INFO - Saving data to: /data2/Projects/eeg_fmri_natview/chang_data/derivatives/sub-0010/ses-01/multimodal/sub-0010_ses-01_task-MeRest_acq-mr0015_desc-BandsEnv8Caps_multimodal.pkl
2025-03-19 16:01:53 - eeg_brain_state_prediction.data_pipeline.tools.multimodal - INFO - Successfully saved data
2025-03-19 16:01:53 - eeg_brain_state_prediction.data_pipeline.tools.multimodal - INFO - Loading data for modality: brainstates
2025-03-19 16:01:53 - eeg_brain_state_prediction.data_pipeline.tools.multimodal - INFO - Loading data for modality: eeg
2025-03-19 16:01:58 - eeg_brain_state_prediction.data_pipeline.tools.multimodal - INFO - Saving data to: /data2/Projects/eeg_fmri_natview/chang_data/derivatives/sub-0010/ses-01/multimodal/sub-0010_ses-01_task-MeRest_acq-mr0015_desc-BandsEnv8Caps_multimodal.pkl
2025-03-19 16:01:58 - eeg_brain_state_prediction.data_pipeline.tools.multimodal - INFO - Successfully saved data
2025-03-19 16:01:58 - eeg_brain_state_prediction.data_pipeline.tools.multimodal - INFO - Loading data for modality: brainstates
2025-03-19 16:01:58 - eeg_brain_state_prediction.data_pipeline.tools.multimodal - INFO - Loading data for modality: eeg
2025-03-19 16:02:03 - eeg_brain_state_prediction.data_pipeline.tools.multimodal - INFO - Saving data to: /data2/Projects/eeg_fmri_natview/chang_data/derivatives/sub-0010/ses-01/multimodal/sub-0010_ses-01_task-MeRest_acq-mr0009_desc-BandsEnv8Caps_multimodal.pkl
2025-03-19 16:02:03 - eeg_brain_state_prediction.data_pipeline.tools.multimodal - INFO - Successfully saved data
2025-03-19 16:02:03 - eeg_brain_state_prediction.data_pipeline.tools.multimodal - INFO - Loading data for modality: brainstates
2025-03-19 16:02:03 - eeg_brain_state_prediction.data_pipeline.tools.multimodal - INFO - Loading data for modality: eeg
2025-03-19 16:02:08 - eeg_brain_state_prediction.data_pipeline.tools.multimodal - INFO - Saving data to: /data2/Projects/eeg_fmri_natview/chang_data/derivatives/sub-0010/ses-01/multimodal/sub-0010_ses-01_task-MeRest_acq-mr0015_desc-BandsEnv8Caps_multimodal.pkl
2025-03-19 16:02:08 - eeg_brain_state_prediction.data_pipeline.tools.multimodal - INFO - Successfully saved data
2025-03-19 16:02:08 - eeg_brain_state_prediction.data_pipeline.tools.multimodal - INFO - Loading data for modality: brainstates
2025-03-19 16:02:08 - eeg_brain_state_prediction.data_pipeline.tools.multimodal - INFO - Loading data for modality: eeg
2025-03-19 16:02:13 - eeg_brain_state_prediction.data_pipeline.tools.multimodal - INFO - Saving data to: /data2/Projects/eeg_fmri_natview/chang_data/derivatives/sub-0010/ses-01/multimodal/sub-0010_ses-01_task-MeRest_acq-mr0009_desc-BandsEnv8Caps_multimodal.pkl
2025-03-19 16:02:13 - eeg_brain_state_prediction.data_pipeline.tools.multimodal - INFO - Successfully saved data
2025-03-19 16:02:13 - eeg_brain_state_prediction.data_pipeline.tools.multimodal - INFO - Loading data for modality: brainstates
2025-03-19 16:02:13 - eeg_brain_state_prediction.data_pipeline.tools.multimodal - INFO - Loading data for modality: eeg
2025-03-19 16:02:18 - eeg_brain_state_prediction.data_pipeline.tools.multimodal - INFO - Saving data to: /data2/Projects/eeg_fmri_natview/chang_data/derivatives/sub-0010/ses-01/multimodal/sub-0010_ses-01_task-MeRest_acq-mr0015_desc-BandsEnv8Caps_multimodal.pkl
2025-03-19 16:02:18 - eeg_brain_state_prediction.data_pipeline.tools.multimodal - INFO - Successfully saved data
2025-03-19 16:02:18 - eeg_brain_state_prediction.data_pipeline.tools.multimodal - INFO - Loading data for modality: brainstates
2025-03-19 16:02:18 - eeg_brain_state_prediction.data_pipeline.tools.multimodal - INFO - Loading data for modality: eeg
2025-03-19 16:02:24 - eeg_brain_state_prediction.data_pipeline.tools.multimodal - INFO - Saving data to: /data2/Projects/eeg_fmri_natview/chang_data/derivatives/sub-0012/ses-01/multimodal/sub-0012_ses-01_task-MeRest_acq-mr0018_desc-BandsEnv8Caps_multimodal.pkl
2025-03-19 16:02:24 - eeg_brain_state_prediction.data_pipeline.tools.multimodal - INFO - Successfully saved data
2025-03-19 16:02:24 - eeg_brain_state_prediction.data_pipeline.tools.multimodal - INFO - Loading data for modality: brainstates
2025-03-19 16:02:24 - eeg_brain_state_prediction.data_pipeline.tools.multimodal - INFO - Loading data for modality: eeg
2025-03-19 16:02:29 - eeg_brain_state_prediction.data_pipeline.tools.multimodal - INFO - Saving data to: /data2/Projects/eeg_fmri_natview/chang_data/derivatives/sub-0012/ses-01/multimodal/sub-0012_ses-01_task-MeRest_acq-mr0018_desc-BandsEnv8Caps_multimodal.pkl
2025-03-19 16:02:29 - eeg_brain_state_prediction.data_pipeline.tools.multimodal - INFO - Successfully saved data
2025-03-19 16:02:29 - eeg_brain_state_prediction.data_pipeline.tools.multimodal - INFO - Loading data for modality: brainstates
2025-03-19 16:02:29 - eeg_brain_state_prediction.data_pipeline.tools.multimodal - INFO - Loading data for modality: eeg
2025-03-19 16:02:34 - eeg_brain_state_prediction.data_pipeline.tools.multimodal - INFO - Saving data to: /data2/Projects/eeg_fmri_natview/chang_data/derivatives/sub-0012/ses-01/multimodal/sub-0012_ses-01_task-MeRest_acq-mr0012_desc-BandsEnv8Caps_multimodal.pkl
2025-03-19 16:02:34 - eeg_brain_state_prediction.data_pipeline.tools.multimodal - INFO - Successfully saved data
2025-03-19 16:02:34 - eeg_brain_state_prediction.data_pipeline.tools.multimodal - INFO - Loading data for modality: brainstates
2025-03-19 16:02:34 - eeg_brain_state_prediction.data_pipeline.tools.multimodal - INFO - Loading data for modality: eeg
2025-03-19 16:02:39 - eeg_brain_state_prediction.data_pipeline.tools.multimodal - INFO - Saving data to: /data2/Projects/eeg_fmri_natview/chang_data/derivatives/sub-0012/ses-01/multimodal/sub-0012_ses-01_task-MeRest_acq-mr0012_desc-BandsEnv8Caps_multimodal.pkl
2025-03-19 16:02:39 - eeg_brain_state_prediction.data_pipeline.tools.multimodal - INFO - Successfully saved data
2025-03-19 16:02:39 - eeg_brain_state_prediction.data_pipeline.tools.multimodal - INFO - Loading data for modality: brainstates
2025-03-19 16:02:39 - eeg_brain_state_prediction.data_pipeline.tools.multimodal - INFO - Loading data for modality: eeg
2025-03-19 16:02:44 - eeg_brain_state_prediction.data_pipeline.tools.multimodal - INFO - Saving data to: /data2/Projects/eeg_fmri_natview/chang_data/derivatives/sub-0012/ses-01/multimodal/sub-0012_ses-01_task-MeRest_acq-mr0012_desc-BandsEnv8Caps_multimodal.pkl
2025-03-19 16:02:44 - eeg_brain_state_prediction.data_pipeline.tools.multimodal - INFO - Successfully saved data
2025-03-19 16:02:44 - eeg_brain_state_prediction.data_pipeline.tools.multimodal - INFO - Loading data for modality: brainstates
2025-03-19 16:02:44 - eeg_brain_state_prediction.data_pipeline.tools.multimodal - INFO - Loading data for modality: eeg
2025-03-19 16:02:49 - eeg_brain_state_prediction.data_pipeline.tools.multimodal - INFO - Saving data to: /data2/Projects/eeg_fmri_natview/chang_data/derivatives/sub-0012/ses-01/multimodal/sub-0012_ses-01_task-MeRest_acq-mr0018_desc-BandsEnv8Caps_multimodal.pkl
2025-03-19 16:02:49 - eeg_brain_state_prediction.data_pipeline.tools.multimodal - INFO - Successfully saved data
2025-03-19 16:02:49 - eeg_brain_state_prediction.data_pipeline.tools.multimodal - INFO - Loading data for modality: brainstates
2025-03-19 16:02:49 - eeg_brain_state_prediction.data_pipeline.tools.multimodal - INFO - Loading data for modality: eeg
2025-03-19 16:02:54 - eeg_brain_state_prediction.data_pipeline.tools.multimodal - INFO - Saving data to: /data2/Projects/eeg_fmri_natview/chang_data/derivatives/sub-0012/ses-01/multimodal/sub-0012_ses-01_task-MeRest_acq-mr0012_desc-BandsEnv8Caps_multimodal.pkl
2025-03-19 16:02:54 - eeg_brain_state_prediction.data_pipeline.tools.multimodal - INFO - Successfully saved data
2025-03-19 16:02:54 - eeg_brain_state_prediction.data_pipeline.tools.multimodal - INFO - Loading data for modality: brainstates
2025-03-19 16:02:54 - eeg_brain_state_prediction.data_pipeline.tools.multimodal - INFO - Loading data for modality: eeg
2025-03-19 16:02:59 - eeg_brain_state_prediction.data_pipeline.tools.multimodal - INFO - Saving data to: /data2/Projects/eeg_fmri_natview/chang_data/derivatives/sub-0012/ses-01/multimodal/sub-0012_ses-01_task-MeRest_acq-mr0018_desc-BandsEnv8Caps_multimodal.pkl
2025-03-19 16:02:59 - eeg_brain_state_prediction.data_pipeline.tools.multimodal - INFO - Successfully saved data
2025-03-19 16:02:59 - eeg_brain_state_prediction.data_pipeline.tools.multimodal - INFO - Loading data for modality: brainstates
2025-03-19 16:02:59 - eeg_brain_state_prediction.data_pipeline.tools.multimodal - INFO - Loading data for modality: eeg
2025-03-19 16:03:04 - eeg_brain_state_prediction.data_pipeline.tools.multimodal - INFO - Saving data to: /data2/Projects/eeg_fmri_natview/chang_data/derivatives/sub-0012/ses-01/multimodal/sub-0012_ses-01_task-MeRest_acq-mr0018_desc-BandsEnv8Caps_multimodal.pkl
2025-03-19 16:03:04 - eeg_brain_state_prediction.data_pipeline.tools.multimodal - INFO - Successfully saved data
2025-03-19 16:03:04 - eeg_brain_state_prediction.data_pipeline.tools.multimodal - INFO - Loading data for modality: brainstates
2025-03-19 16:03:04 - eeg_brain_state_prediction.data_pipeline.tools.multimodal - INFO - Loading data for modality: eeg
2025-03-19 16:03:08 - eeg_brain_state_prediction.data_pipeline.tools.multimodal - INFO - Saving data to: /data2/Projects/eeg_fmri_natview/chang_data/derivatives/sub-0012/ses-01/multimodal/sub-0012_ses-01_task-MeRest_acq-mr0012_desc-BandsEnv8Caps_multimodal.pkl
2025-03-19 16:03:08 - eeg_brain_state_prediction.data_pipeline.tools.multimodal - INFO - Successfully saved data
2025-03-19 16:03:08 - eeg_brain_state_prediction.data_pipeline.tools.multimodal - INFO - Loading data for modality: brainstates
2025-03-19 16:03:08 - eeg_brain_state_prediction.data_pipeline.tools.multimodal - INFO - Loading data for modality: eeg
2025-03-19 16:03:11 - eeg_brain_state_prediction.data_pipeline.tools.multimodal - INFO - Saving data to: /data2/Projects/eeg_fmri_natview/chang_data/derivatives/sub-0012/ses-01/multimodal/sub-0012_ses-01_task-MeRest_acq-mr0018_desc-BandsEnv8Caps_multimodal.pkl
2025-03-19 16:03:11 - eeg_brain_state_prediction.data_pipeline.tools.multimodal - INFO - Successfully saved data
2025-03-19 16:03:11 - eeg_brain_state_prediction.data_pipeline.tools.multimodal - INFO - Loading data for modality: brainstates
2025-03-19 16:03:11 - eeg_brain_state_prediction.data_pipeline.tools.multimodal - INFO - Loading data for modality: eeg
2025-03-19 16:03:15 - eeg_brain_state_prediction.data_pipeline.tools.multimodal - INFO - Saving data to: /data2/Projects/eeg_fmri_natview/chang_data/derivatives/sub-0012/ses-01/multimodal/sub-0012_ses-01_task-MeRest_acq-mr0012_desc-BandsEnv8Caps_multimodal.pkl
2025-03-19 16:03:15 - eeg_brain_state_prediction.data_pipeline.tools.multimodal - INFO - Successfully saved data
2025-03-19 16:03:15 - eeg_brain_state_prediction.data_pipeline.tools.multimodal - INFO - Loading data for modality: brainstates
2025-03-19 16:03:15 - eeg_brain_state_prediction.data_pipeline.tools.multimodal - INFO - Loading data for modality: eeg
2025-03-19 16:03:19 - eeg_brain_state_prediction.data_pipeline.tools.multimodal - INFO - Saving data to: /data2/Projects/eeg_fmri_natview/chang_data/derivatives/sub-0014/ses-01/multimodal/sub-0014_ses-01_task-MeRest_acq-mr0018_desc-BandsEnv8Caps_multimodal.pkl
2025-03-19 16:03:19 - eeg_brain_state_prediction.data_pipeline.tools.multimodal - INFO - Successfully saved data
2025-03-19 16:03:19 - eeg_brain_state_prediction.data_pipeline.tools.multimodal - INFO - Loading data for modality: brainstates
2025-03-19 16:03:19 - eeg_brain_state_prediction.data_pipeline.tools.multimodal - INFO - Loading data for modality: eeg
2025-03-19 16:03:22 - eeg_brain_state_prediction.data_pipeline.tools.multimodal - INFO - Saving data to: /data2/Projects/eeg_fmri_natview/chang_data/derivatives/sub-0014/ses-01/multimodal/sub-0014_ses-01_task-MeRest_acq-mr0018_desc-BandsEnv8Caps_multimodal.pkl
2025-03-19 16:03:22 - eeg_brain_state_prediction.data_pipeline.tools.multimodal - INFO - Successfully saved data
2025-03-19 16:03:23 - eeg_brain_state_prediction.data_pipeline.tools.multimodal - INFO - Loading data for modality: brainstates
2025-03-19 16:03:23 - eeg_brain_state_prediction.data_pipeline.tools.multimodal - INFO - Loading data for modality: eeg
2025-03-19 16:03:26 - eeg_brain_state_prediction.data_pipeline.tools.multimodal - INFO - Saving data to: /data2/Projects/eeg_fmri_natview/chang_data/derivatives/sub-0014/ses-01/multimodal/sub-0014_ses-01_task-MeRest_acq-mr0012_desc-BandsEnv8Caps_multimodal.pkl
2025-03-19 16:03:26 - eeg_brain_state_prediction.data_pipeline.tools.multimodal - INFO - Successfully saved data
2025-03-19 16:03:26 - eeg_brain_state_prediction.data_pipeline.tools.multimodal - INFO - Loading data for modality: brainstates
2025-03-19 16:03:26 - eeg_brain_state_prediction.data_pipeline.tools.multimodal - INFO - Loading data for modality: eeg
2025-03-19 16:03:30 - eeg_brain_state_prediction.data_pipeline.tools.multimodal - INFO - Saving data to: /data2/Projects/eeg_fmri_natview/chang_data/derivatives/sub-0014/ses-01/multimodal/sub-0014_ses-01_task-MeRest_acq-mr0012_desc-BandsEnv8Caps_multimodal.pkl
2025-03-19 16:03:30 - eeg_brain_state_prediction.data_pipeline.tools.multimodal - INFO - Successfully saved data
2025-03-19 16:03:30 - eeg_brain_state_prediction.data_pipeline.tools.multimodal - INFO - Loading data for modality: brainstates
2025-03-19 16:03:30 - eeg_brain_state_prediction.data_pipeline.tools.multimodal - INFO - Loading data for modality: eeg
2025-03-19 16:03:34 - eeg_brain_state_prediction.data_pipeline.tools.multimodal - INFO - Saving data to: /data2/Projects/eeg_fmri_natview/chang_data/derivatives/sub-0014/ses-01/multimodal/sub-0014_ses-01_task-MeRest_acq-mr0012_desc-BandsEnv8Caps_multimodal.pkl
2025-03-19 16:03:34 - eeg_brain_state_prediction.data_pipeline.tools.multimodal - INFO - Successfully saved data
2025-03-19 16:03:34 - eeg_brain_state_prediction.data_pipeline.tools.multimodal - INFO - Loading data for modality: brainstates
2025-03-19 16:03:34 - eeg_brain_state_prediction.data_pipeline.tools.multimodal - INFO - Loading data for modality: eeg
2025-03-19 16:03:37 - eeg_brain_state_prediction.data_pipeline.tools.multimodal - INFO - Saving data to: /data2/Projects/eeg_fmri_natview/chang_data/derivatives/sub-0014/ses-01/multimodal/sub-0014_ses-01_task-MeRest_acq-mr0018_desc-BandsEnv8Caps_multimodal.pkl
2025-03-19 16:03:37 - eeg_brain_state_prediction.data_pipeline.tools.multimodal - INFO - Successfully saved data
2025-03-19 16:03:37 - eeg_brain_state_prediction.data_pipeline.tools.multimodal - INFO - Loading data for modality: brainstates
2025-03-19 16:03:37 - eeg_brain_state_prediction.data_pipeline.tools.multimodal - INFO - Loading data for modality: eeg
2025-03-19 16:03:41 - eeg_brain_state_prediction.data_pipeline.tools.multimodal - INFO - Saving data to: /data2/Projects/eeg_fmri_natview/chang_data/derivatives/sub-0014/ses-01/multimodal/sub-0014_ses-01_task-MeRest_acq-mr0012_desc-BandsEnv8Caps_multimodal.pkl
2025-03-19 16:03:41 - eeg_brain_state_prediction.data_pipeline.tools.multimodal - INFO - Successfully saved data
2025-03-19 16:03:41 - eeg_brain_state_prediction.data_pipeline.tools.multimodal - INFO - Loading data for modality: brainstates
2025-03-19 16:03:41 - eeg_brain_state_prediction.data_pipeline.tools.multimodal - INFO - Loading data for modality: eeg
2025-03-19 16:03:45 - eeg_brain_state_prediction.data_pipeline.tools.multimodal - INFO - Saving data to: /data2/Projects/eeg_fmri_natview/chang_data/derivatives/sub-0014/ses-01/multimodal/sub-0014_ses-01_task-MeRest_acq-mr0018_desc-BandsEnv8Caps_multimodal.pkl
2025-03-19 16:03:45 - eeg_brain_state_prediction.data_pipeline.tools.multimodal - INFO - Successfully saved data
2025-03-19 16:03:45 - eeg_brain_state_prediction.data_pipeline.tools.multimodal - INFO - Loading data for modality: brainstates
2025-03-19 16:03:45 - eeg_brain_state_prediction.data_pipeline.tools.multimodal - INFO - Loading data for modality: eeg
2025-03-19 16:03:48 - eeg_brain_state_prediction.data_pipeline.tools.multimodal - INFO - Saving data to: /data2/Projects/eeg_fmri_natview/chang_data/derivatives/sub-0014/ses-01/multimodal/sub-0014_ses-01_task-MeRest_acq-mr0018_desc-BandsEnv8Caps_multimodal.pkl
2025-03-19 16:03:48 - eeg_brain_state_prediction.data_pipeline.tools.multimodal - INFO - Successfully saved data
2025-03-19 16:03:48 - eeg_brain_state_prediction.data_pipeline.tools.multimodal - INFO - Loading data for modality: brainstates
2025-03-19 16:03:48 - eeg_brain_state_prediction.data_pipeline.tools.multimodal - INFO - Loading data for modality: eeg
2025-03-19 16:03:52 - eeg_brain_state_prediction.data_pipeline.tools.multimodal - INFO - Saving data to: /data2/Projects/eeg_fmri_natview/chang_data/derivatives/sub-0014/ses-01/multimodal/sub-0014_ses-01_task-MeRest_acq-mr0012_desc-BandsEnv8Caps_multimodal.pkl
2025-03-19 16:03:52 - eeg_brain_state_prediction.data_pipeline.tools.multimodal - INFO - Successfully saved data
2025-03-19 16:03:52 - eeg_brain_state_prediction.data_pipeline.tools.multimodal - INFO - Loading data for modality: brainstates
2025-03-19 16:03:52 - eeg_brain_state_prediction.data_pipeline.tools.multimodal - INFO - Loading data for modality: eeg
2025-03-19 16:03:55 - eeg_brain_state_prediction.data_pipeline.tools.multimodal - INFO - Saving data to: /data2/Projects/eeg_fmri_natview/chang_data/derivatives/sub-0014/ses-01/multimodal/sub-0014_ses-01_task-MeRest_acq-mr0018_desc-BandsEnv8Caps_multimodal.pkl
2025-03-19 16:03:55 - eeg_brain_state_prediction.data_pipeline.tools.multimodal - INFO - Successfully saved data
2025-03-19 16:03:55 - eeg_brain_state_prediction.data_pipeline.tools.multimodal - INFO - Loading data for modality: brainstates
2025-03-19 16:03:55 - eeg_brain_state_prediction.data_pipeline.tools.multimodal - INFO - Loading data for modality: eeg
2025-03-19 16:03:59 - eeg_brain_state_prediction.data_pipeline.tools.multimodal - INFO - Saving data to: /data2/Projects/eeg_fmri_natview/chang_data/derivatives/sub-0014/ses-01/multimodal/sub-0014_ses-01_task-MeRest_acq-mr0012_desc-BandsEnv8Caps_multimodal.pkl
2025-03-19 16:03:59 - eeg_brain_state_prediction.data_pipeline.tools.multimodal - INFO - Successfully saved data
2025-03-19 16:03:59 - eeg_brain_state_prediction.data_pipeline.tools.multimodal - INFO - Loading data for modality: brainstates
2025-03-19 16:03:59 - eeg_brain_state_prediction.data_pipeline.tools.multimodal - INFO - Loading data for modality: eeg
2025-03-19 16:04:03 - eeg_brain_state_prediction.data_pipeline.tools.multimodal - INFO - Saving data to: /data2/Projects/eeg_fmri_natview/chang_data/derivatives/sub-0016/ses-01/multimodal/sub-0016_ses-01_task-MeRest_acq-mr0006_desc-BandsEnv8Caps_multimodal.pkl
2025-03-19 16:04:03 - eeg_brain_state_prediction.data_pipeline.tools.multimodal - INFO - Successfully saved data
2025-03-19 16:04:03 - eeg_brain_state_prediction.data_pipeline.tools.multimodal - INFO - Loading data for modality: brainstates
2025-03-19 16:04:03 - eeg_brain_state_prediction.data_pipeline.tools.multimodal - INFO - Loading data for modality: eeg
2025-03-19 16:04:07 - eeg_brain_state_prediction.data_pipeline.tools.multimodal - INFO - Saving data to: /data2/Projects/eeg_fmri_natview/chang_data/derivatives/sub-0016/ses-01/multimodal/sub-0016_ses-01_task-MeRest_acq-mr0006_desc-BandsEnv8Caps_multimodal.pkl
2025-03-19 16:04:07 - eeg_brain_state_prediction.data_pipeline.tools.multimodal - INFO - Successfully saved data
2025-03-19 16:04:07 - eeg_brain_state_prediction.data_pipeline.tools.multimodal - INFO - Loading data for modality: brainstates
2025-03-19 16:04:07 - eeg_brain_state_prediction.data_pipeline.tools.multimodal - INFO - Loading data for modality: eeg
2025-03-19 16:04:11 - eeg_brain_state_prediction.data_pipeline.tools.multimodal - INFO - Saving data to: /data2/Projects/eeg_fmri_natview/chang_data/derivatives/sub-0016/ses-01/multimodal/sub-0016_ses-01_task-MeRest_acq-mr0015_desc-BandsEnv8Caps_multimodal.pkl
2025-03-19 16:04:11 - eeg_brain_state_prediction.data_pipeline.tools.multimodal - INFO - Successfully saved data
2025-03-19 16:04:11 - eeg_brain_state_prediction.data_pipeline.tools.multimodal - INFO - Loading data for modality: brainstates
2025-03-19 16:04:11 - eeg_brain_state_prediction.data_pipeline.tools.multimodal - INFO - Loading data for modality: eeg
2025-03-19 16:04:14 - eeg_brain_state_prediction.data_pipeline.tools.multimodal - INFO - Saving data to: /data2/Projects/eeg_fmri_natview/chang_data/derivatives/sub-0016/ses-01/multimodal/sub-0016_ses-01_task-MeRest_acq-mr0015_desc-BandsEnv8Caps_multimodal.pkl
2025-03-19 16:04:14 - eeg_brain_state_prediction.data_pipeline.tools.multimodal - INFO - Successfully saved data
2025-03-19 16:04:14 - eeg_brain_state_prediction.data_pipeline.tools.multimodal - INFO - Loading data for modality: brainstates
2025-03-19 16:04:14 - eeg_brain_state_prediction.data_pipeline.tools.multimodal - INFO - Loading data for modality: eeg
2025-03-19 16:04:18 - eeg_brain_state_prediction.data_pipeline.tools.multimodal - INFO - Saving data to: /data2/Projects/eeg_fmri_natview/chang_data/derivatives/sub-0016/ses-01/multimodal/sub-0016_ses-01_task-MeRest_acq-mr0015_desc-BandsEnv8Caps_multimodal.pkl
2025-03-19 16:04:18 - eeg_brain_state_prediction.data_pipeline.tools.multimodal - INFO - Successfully saved data
2025-03-19 16:04:18 - eeg_brain_state_prediction.data_pipeline.tools.multimodal - INFO - Loading data for modality: brainstates
2025-03-19 16:04:18 - eeg_brain_state_prediction.data_pipeline.tools.multimodal - INFO - Loading data for modality: eeg
2025-03-19 16:04:22 - eeg_brain_state_prediction.data_pipeline.tools.multimodal - INFO - Saving data to: /data2/Projects/eeg_fmri_natview/chang_data/derivatives/sub-0016/ses-01/multimodal/sub-0016_ses-01_task-MeRest_acq-mr0006_desc-BandsEnv8Caps_multimodal.pkl
2025-03-19 16:04:22 - eeg_brain_state_prediction.data_pipeline.tools.multimodal - INFO - Successfully saved data
2025-03-19 16:04:22 - eeg_brain_state_prediction.data_pipeline.tools.multimodal - INFO - Loading data for modality: brainstates
2025-03-19 16:04:22 - eeg_brain_state_prediction.data_pipeline.tools.multimodal - INFO - Loading data for modality: eeg
2025-03-19 16:04:25 - eeg_brain_state_prediction.data_pipeline.tools.multimodal - INFO - Saving data to: /data2/Projects/eeg_fmri_natview/chang_data/derivatives/sub-0016/ses-01/multimodal/sub-0016_ses-01_task-MeRest_acq-mr0015_desc-BandsEnv8Caps_multimodal.pkl
2025-03-19 16:04:25 - eeg_brain_state_prediction.data_pipeline.tools.multimodal - INFO - Successfully saved data
2025-03-19 16:04:25 - eeg_brain_state_prediction.data_pipeline.tools.multimodal - INFO - Loading data for modality: brainstates
2025-03-19 16:04:25 - eeg_brain_state_prediction.data_pipeline.tools.multimodal - INFO - Loading data for modality: eeg
2025-03-19 16:04:29 - eeg_brain_state_prediction.data_pipeline.tools.multimodal - INFO - Saving data to: /data2/Projects/eeg_fmri_natview/chang_data/derivatives/sub-0016/ses-01/multimodal/sub-0016_ses-01_task-MeRest_acq-mr0006_desc-BandsEnv8Caps_multimodal.pkl
2025-03-19 16:04:29 - eeg_brain_state_prediction.data_pipeline.tools.multimodal - INFO - Successfully saved data
2025-03-19 16:04:29 - eeg_brain_state_prediction.data_pipeline.tools.multimodal - INFO - Loading data for modality: brainstates
2025-03-19 16:04:29 - eeg_brain_state_prediction.data_pipeline.tools.multimodal - INFO - Loading data for modality: eeg
2025-03-19 16:04:33 - eeg_brain_state_prediction.data_pipeline.tools.multimodal - INFO - Saving data to: /data2/Projects/eeg_fmri_natview/chang_data/derivatives/sub-0016/ses-01/multimodal/sub-0016_ses-01_task-MeRest_acq-mr0006_desc-BandsEnv8Caps_multimodal.pkl
2025-03-19 16:04:33 - eeg_brain_state_prediction.data_pipeline.tools.multimodal - INFO - Successfully saved data
2025-03-19 16:04:33 - eeg_brain_state_prediction.data_pipeline.tools.multimodal - INFO - Loading data for modality: brainstates
2025-03-19 16:04:33 - eeg_brain_state_prediction.data_pipeline.tools.multimodal - INFO - Loading data for modality: eeg
2025-03-19 16:04:36 - eeg_brain_state_prediction.data_pipeline.tools.multimodal - INFO - Saving data to: /data2/Projects/eeg_fmri_natview/chang_data/derivatives/sub-0016/ses-01/multimodal/sub-0016_ses-01_task-MeRest_acq-mr0015_desc-BandsEnv8Caps_multimodal.pkl
2025-03-19 16:04:36 - eeg_brain_state_prediction.data_pipeline.tools.multimodal - INFO - Successfully saved data
2025-03-19 16:04:36 - eeg_brain_state_prediction.data_pipeline.tools.multimodal - INFO - Loading data for modality: brainstates
2025-03-19 16:04:36 - eeg_brain_state_prediction.data_pipeline.tools.multimodal - INFO - Loading data for modality: eeg
2025-03-19 16:04:40 - eeg_brain_state_prediction.data_pipeline.tools.multimodal - INFO - Saving data to: /data2/Projects/eeg_fmri_natview/chang_data/derivatives/sub-0016/ses-01/multimodal/sub-0016_ses-01_task-MeRest_acq-mr0006_desc-BandsEnv8Caps_multimodal.pkl
2025-03-19 16:04:40 - eeg_brain_state_prediction.data_pipeline.tools.multimodal - INFO - Successfully saved data
2025-03-19 16:04:40 - eeg_brain_state_prediction.data_pipeline.tools.multimodal - INFO - Loading data for modality: brainstates
2025-03-19 16:04:40 - eeg_brain_state_prediction.data_pipeline.tools.multimodal - INFO - Loading data for modality: eeg
2025-03-19 16:04:43 - eeg_brain_state_prediction.data_pipeline.tools.multimodal - INFO - Saving data to: /data2/Projects/eeg_fmri_natview/chang_data/derivatives/sub-0016/ses-01/multimodal/sub-0016_ses-01_task-MeRest_acq-mr0015_desc-BandsEnv8Caps_multimodal.pkl
2025-03-19 16:04:43 - eeg_brain_state_prediction.data_pipeline.tools.multimodal - INFO - Successfully saved data
2025-03-19 16:04:44 - eeg_brain_state_prediction.data_pipeline.tools.multimodal - INFO - Loading data for modality: brainstates
2025-03-19 16:04:44 - eeg_brain_state_prediction.data_pipeline.tools.multimodal - INFO - Loading data for modality: eeg
2025-03-19 16:04:47 - eeg_brain_state_prediction.data_pipeline.tools.multimodal - INFO - Saving data to: /data2/Projects/eeg_fmri_natview/chang_data/derivatives/sub-0021/ses-01/multimodal/sub-0021_ses-01_task-MeRest_acq-mr0012_desc-BandsEnv8Caps_multimodal.pkl
2025-03-19 16:04:47 - eeg_brain_state_prediction.data_pipeline.tools.multimodal - INFO - Successfully saved data
2025-03-19 16:04:47 - eeg_brain_state_prediction.data_pipeline.tools.multimodal - INFO - Loading data for modality: brainstates
2025-03-19 16:04:47 - eeg_brain_state_prediction.data_pipeline.tools.multimodal - INFO - Loading data for modality: eeg
2025-03-19 16:04:51 - eeg_brain_state_prediction.data_pipeline.tools.multimodal - INFO - Saving data to: /data2/Projects/eeg_fmri_natview/chang_data/derivatives/sub-0021/ses-01/multimodal/sub-0021_ses-01_task-MeRest_acq-mr0012_desc-BandsEnv8Caps_multimodal.pkl
2025-03-19 16:04:51 - eeg_brain_state_prediction.data_pipeline.tools.multimodal - INFO - Successfully saved data
2025-03-19 16:04:51 - eeg_brain_state_prediction.data_pipeline.tools.multimodal - INFO - Loading data for modality: brainstates
2025-03-19 16:04:51 - eeg_brain_state_prediction.data_pipeline.tools.multimodal - INFO - Loading data for modality: eeg
2025-03-19 16:04:55 - eeg_brain_state_prediction.data_pipeline.tools.multimodal - INFO - Saving data to: /data2/Projects/eeg_fmri_natview/chang_data/derivatives/sub-0021/ses-01/multimodal/sub-0021_ses-01_task-MeRest_acq-mr0012_desc-BandsEnv8Caps_multimodal.pkl
2025-03-19 16:04:55 - eeg_brain_state_prediction.data_pipeline.tools.multimodal - INFO - Successfully saved data
2025-03-19 16:04:55 - eeg_brain_state_prediction.data_pipeline.tools.multimodal - INFO - Loading data for modality: brainstates
2025-03-19 16:04:55 - eeg_brain_state_prediction.data_pipeline.tools.multimodal - INFO - Loading data for modality: eeg
2025-03-19 16:04:58 - eeg_brain_state_prediction.data_pipeline.tools.multimodal - INFO - Saving data to: /data2/Projects/eeg_fmri_natview/chang_data/derivatives/sub-0021/ses-01/multimodal/sub-0021_ses-01_task-MeRest_acq-mr0012_desc-BandsEnv8Caps_multimodal.pkl
2025-03-19 16:04:58 - eeg_brain_state_prediction.data_pipeline.tools.multimodal - INFO - Successfully saved data
2025-03-19 16:04:58 - eeg_brain_state_prediction.data_pipeline.tools.multimodal - INFO - Loading data for modality: brainstates
2025-03-19 16:04:58 - eeg_brain_state_prediction.data_pipeline.tools.multimodal - INFO - Loading data for modality: eeg
2025-03-19 16:05:02 - eeg_brain_state_prediction.data_pipeline.tools.multimodal - INFO - Saving data to: /data2/Projects/eeg_fmri_natview/chang_data/derivatives/sub-0021/ses-01/multimodal/sub-0021_ses-01_task-MeRest_acq-mr0012_desc-BandsEnv8Caps_multimodal.pkl
2025-03-19 16:05:02 - eeg_brain_state_prediction.data_pipeline.tools.multimodal - INFO - Successfully saved data
2025-03-19 16:05:02 - eeg_brain_state_prediction.data_pipeline.tools.multimodal - INFO - Loading data for modality: brainstates
2025-03-19 16:05:02 - eeg_brain_state_prediction.data_pipeline.tools.multimodal - INFO - Loading data for modality: eeg
2025-03-19 16:05:05 - eeg_brain_state_prediction.data_pipeline.tools.multimodal - INFO - Saving data to: /data2/Projects/eeg_fmri_natview/chang_data/derivatives/sub-0021/ses-01/multimodal/sub-0021_ses-01_task-MeRest_acq-mr0012_desc-BandsEnv8Caps_multimodal.pkl
2025-03-19 16:05:06 - eeg_brain_state_prediction.data_pipeline.tools.multimodal - INFO - Successfully saved data
2025-03-19 16:05:06 - eeg_brain_state_prediction.data_pipeline.tools.multimodal - INFO - Loading data for modality: brainstates
2025-03-19 16:05:06 - eeg_brain_state_prediction.data_pipeline.tools.multimodal - INFO - Loading data for modality: eeg
2025-03-19 16:05:09 - eeg_brain_state_prediction.data_pipeline.tools.multimodal - INFO - Saving data to: /data2/Projects/eeg_fmri_natview/chang_data/derivatives/sub-0027/ses-01/multimodal/sub-0027_ses-01_task-MeRest_acq-mr0009_desc-BandsEnv8Caps_multimodal.pkl
2025-03-19 16:05:09 - eeg_brain_state_prediction.data_pipeline.tools.multimodal - INFO - Successfully saved data
2025-03-19 16:05:10 - eeg_brain_state_prediction.data_pipeline.tools.multimodal - INFO - Loading data for modality: brainstates
2025-03-19 16:05:10 - eeg_brain_state_prediction.data_pipeline.tools.multimodal - INFO - Loading data for modality: eeg
2025-03-19 16:05:13 - eeg_brain_state_prediction.data_pipeline.tools.multimodal - INFO - Saving data to: /data2/Projects/eeg_fmri_natview/chang_data/derivatives/sub-0027/ses-01/multimodal/sub-0027_ses-01_task-MeRest_acq-mr0009_desc-BandsEnv8Caps_multimodal.pkl
2025-03-19 16:05:13 - eeg_brain_state_prediction.data_pipeline.tools.multimodal - INFO - Successfully saved data
2025-03-19 16:05:13 - eeg_brain_state_prediction.data_pipeline.tools.multimodal - INFO - Loading data for modality: brainstates
2025-03-19 16:05:13 - eeg_brain_state_prediction.data_pipeline.tools.multimodal - INFO - Loading data for modality: eeg
2025-03-19 16:05:17 - eeg_brain_state_prediction.data_pipeline.tools.multimodal - INFO - Saving data to: /data2/Projects/eeg_fmri_natview/chang_data/derivatives/sub-0027/ses-01/multimodal/sub-0027_ses-01_task-MeRest_acq-mr0009_desc-BandsEnv8Caps_multimodal.pkl
2025-03-19 16:05:17 - eeg_brain_state_prediction.data_pipeline.tools.multimodal - INFO - Successfully saved data
2025-03-19 16:05:17 - eeg_brain_state_prediction.data_pipeline.tools.multimodal - INFO - Loading data for modality: brainstates
2025-03-19 16:05:17 - eeg_brain_state_prediction.data_pipeline.tools.multimodal - INFO - Loading data for modality: eeg
2025-03-19 16:05:21 - eeg_brain_state_prediction.data_pipeline.tools.multimodal - INFO - Saving data to: /data2/Projects/eeg_fmri_natview/chang_data/derivatives/sub-0027/ses-01/multimodal/sub-0027_ses-01_task-MeRest_acq-mr0009_desc-BandsEnv8Caps_multimodal.pkl
2025-03-19 16:05:21 - eeg_brain_state_prediction.data_pipeline.tools.multimodal - INFO - Successfully saved data
2025-03-19 16:05:21 - eeg_brain_state_prediction.data_pipeline.tools.multimodal - INFO - Loading data for modality: brainstates
2025-03-19 16:05:21 - eeg_brain_state_prediction.data_pipeline.tools.multimodal - INFO - Loading data for modality: eeg
2025-03-19 16:05:24 - eeg_brain_state_prediction.data_pipeline.tools.multimodal - INFO - Saving data to: /data2/Projects/eeg_fmri_natview/chang_data/derivatives/sub-0027/ses-01/multimodal/sub-0027_ses-01_task-MeRest_acq-mr0009_desc-BandsEnv8Caps_multimodal.pkl
2025-03-19 16:05:24 - eeg_brain_state_prediction.data_pipeline.tools.multimodal - INFO - Successfully saved data
2025-03-19 16:05:24 - eeg_brain_state_prediction.data_pipeline.tools.multimodal - INFO - Loading data for modality: brainstates
2025-03-19 16:05:24 - eeg_brain_state_prediction.data_pipeline.tools.multimodal - INFO - Loading data for modality: eeg
2025-03-19 16:05:28 - eeg_brain_state_prediction.data_pipeline.tools.multimodal - INFO - Saving data to: /data2/Projects/eeg_fmri_natview/chang_data/derivatives/sub-0027/ses-01/multimodal/sub-0027_ses-01_task-MeRest_acq-mr0009_desc-BandsEnv8Caps_multimodal.pkl
2025-03-19 16:05:28 - eeg_brain_state_prediction.data_pipeline.tools.multimodal - INFO - Successfully saved data
2025-03-19 16:05:28 - eeg_brain_state_prediction.data_pipeline.tools.multimodal - INFO - Loading data for modality: brainstates
2025-03-19 16:05:28 - eeg_brain_state_prediction.data_pipeline.tools.multimodal - INFO - Loading data for modality: eeg
2025-03-19 16:05:32 - eeg_brain_state_prediction.data_pipeline.tools.multimodal - INFO - Saving data to: /data2/Projects/eeg_fmri_natview/chang_data/derivatives/sub-0028/ses-01/multimodal/sub-0028_ses-01_task-MeRest_acq-mr0012_desc-BandsEnv8Caps_multimodal.pkl
2025-03-19 16:05:32 - eeg_brain_state_prediction.data_pipeline.tools.multimodal - INFO - Successfully saved data
2025-03-19 16:05:32 - eeg_brain_state_prediction.data_pipeline.tools.multimodal - INFO - Loading data for modality: brainstates
2025-03-19 16:05:32 - eeg_brain_state_prediction.data_pipeline.tools.multimodal - INFO - Loading data for modality: eeg
2025-03-19 16:05:35 - eeg_brain_state_prediction.data_pipeline.tools.multimodal - INFO - Saving data to: /data2/Projects/eeg_fmri_natview/chang_data/derivatives/sub-0028/ses-01/multimodal/sub-0028_ses-01_task-MeRest_acq-mr0012_desc-BandsEnv8Caps_multimodal.pkl
2025-03-19 16:05:35 - eeg_brain_state_prediction.data_pipeline.tools.multimodal - INFO - Successfully saved data
2025-03-19 16:05:36 - eeg_brain_state_prediction.data_pipeline.tools.multimodal - INFO - Loading data for modality: brainstates
2025-03-19 16:05:36 - eeg_brain_state_prediction.data_pipeline.tools.multimodal - INFO - Loading data for modality: eeg
2025-03-19 16:05:39 - eeg_brain_state_prediction.data_pipeline.tools.multimodal - INFO - Saving data to: /data2/Projects/eeg_fmri_natview/chang_data/derivatives/sub-0028/ses-01/multimodal/sub-0028_ses-01_task-MeRest_acq-mr0012_desc-BandsEnv8Caps_multimodal.pkl
2025-03-19 16:05:39 - eeg_brain_state_prediction.data_pipeline.tools.multimodal - INFO - Successfully saved data
2025-03-19 16:05:39 - eeg_brain_state_prediction.data_pipeline.tools.multimodal - INFO - Loading data for modality: brainstates
2025-03-19 16:05:39 - eeg_brain_state_prediction.data_pipeline.tools.multimodal - INFO - Loading data for modality: eeg
2025-03-19 16:05:43 - eeg_brain_state_prediction.data_pipeline.tools.multimodal - INFO - Saving data to: /data2/Projects/eeg_fmri_natview/chang_data/derivatives/sub-0028/ses-01/multimodal/sub-0028_ses-01_task-MeRest_acq-mr0012_desc-BandsEnv8Caps_multimodal.pkl
2025-03-19 16:05:43 - eeg_brain_state_prediction.data_pipeline.tools.multimodal - INFO - Successfully saved data
2025-03-19 16:05:43 - eeg_brain_state_prediction.data_pipeline.tools.multimodal - INFO - Loading data for modality: brainstates
2025-03-19 16:05:43 - eeg_brain_state_prediction.data_pipeline.tools.multimodal - INFO - Loading data for modality: eeg
2025-03-19 16:05:46 - eeg_brain_state_prediction.data_pipeline.tools.multimodal - INFO - Saving data to: /data2/Projects/eeg_fmri_natview/chang_data/derivatives/sub-0028/ses-01/multimodal/sub-0028_ses-01_task-MeRest_acq-mr0012_desc-BandsEnv8Caps_multimodal.pkl
2025-03-19 16:05:47 - eeg_brain_state_prediction.data_pipeline.tools.multimodal - INFO - Successfully saved data
2025-03-19 16:05:47 - eeg_brain_state_prediction.data_pipeline.tools.multimodal - INFO - Loading data for modality: brainstates
2025-03-19 16:05:47 - eeg_brain_state_prediction.data_pipeline.tools.multimodal - INFO - Loading data for modality: eeg
2025-03-19 16:05:50 - eeg_brain_state_prediction.data_pipeline.tools.multimodal - INFO - Saving data to: /data2/Projects/eeg_fmri_natview/chang_data/derivatives/sub-0028/ses-01/multimodal/sub-0028_ses-01_task-MeRest_acq-mr0012_desc-BandsEnv8Caps_multimodal.pkl
2025-03-19 16:05:50 - eeg_brain_state_prediction.data_pipeline.tools.multimodal - INFO - Successfully saved data
2025-03-19 16:05:50 - eeg_brain_state_prediction.data_pipeline.tools.multimodal - INFO - Loading data for modality: brainstates
2025-03-19 16:05:50 - eeg_brain_state_prediction.data_pipeline.tools.multimodal - INFO - Loading data for modality: eeg
2025-03-19 16:05:54 - eeg_brain_state_prediction.data_pipeline.tools.multimodal - INFO - Saving data to: /data2/Projects/eeg_fmri_natview/chang_data/derivatives/sub-0029/ses-01/multimodal/sub-0029_ses-01_task-MeRest_acq-mr0012_desc-BandsEnv8Caps_multimodal.pkl
2025-03-19 16:05:54 - eeg_brain_state_prediction.data_pipeline.tools.multimodal - INFO - Successfully saved data
2025-03-19 16:05:54 - eeg_brain_state_prediction.data_pipeline.tools.multimodal - INFO - Loading data for modality: brainstates
2025-03-19 16:05:54 - eeg_brain_state_prediction.data_pipeline.tools.multimodal - INFO - Loading data for modality: eeg
2025-03-19 16:05:58 - eeg_brain_state_prediction.data_pipeline.tools.multimodal - INFO - Saving data to: /data2/Projects/eeg_fmri_natview/chang_data/derivatives/sub-0029/ses-01/multimodal/sub-0029_ses-01_task-MeRest_acq-mr0012_desc-BandsEnv8Caps_multimodal.pkl
2025-03-19 16:05:58 - eeg_brain_state_prediction.data_pipeline.tools.multimodal - INFO - Successfully saved data
2025-03-19 16:05:58 - eeg_brain_state_prediction.data_pipeline.tools.multimodal - INFO - Loading data for modality: brainstates
2025-03-19 16:05:58 - eeg_brain_state_prediction.data_pipeline.tools.multimodal - INFO - Loading data for modality: eeg
2025-03-19 16:06:01 - eeg_brain_state_prediction.data_pipeline.tools.multimodal - INFO - Saving data to: /data2/Projects/eeg_fmri_natview/chang_data/derivatives/sub-0029/ses-01/multimodal/sub-0029_ses-01_task-MeRest_acq-mr0012_desc-BandsEnv8Caps_multimodal.pkl
2025-03-19 16:06:02 - eeg_brain_state_prediction.data_pipeline.tools.multimodal - INFO - Successfully saved data
2025-03-19 16:06:02 - eeg_brain_state_prediction.data_pipeline.tools.multimodal - INFO - Loading data for modality: brainstates
2025-03-19 16:06:02 - eeg_brain_state_prediction.data_pipeline.tools.multimodal - INFO - Loading data for modality: eeg
2025-03-19 16:06:05 - eeg_brain_state_prediction.data_pipeline.tools.multimodal - INFO - Saving data to: /data2/Projects/eeg_fmri_natview/chang_data/derivatives/sub-0029/ses-01/multimodal/sub-0029_ses-01_task-MeRest_acq-mr0012_desc-BandsEnv8Caps_multimodal.pkl
2025-03-19 16:06:05 - eeg_brain_state_prediction.data_pipeline.tools.multimodal - INFO - Successfully saved data
2025-03-19 16:06:05 - eeg_brain_state_prediction.data_pipeline.tools.multimodal - INFO - Loading data for modality: brainstates
2025-03-19 16:06:05 - eeg_brain_state_prediction.data_pipeline.tools.multimodal - INFO - Loading data for modality: eeg
2025-03-19 16:06:09 - eeg_brain_state_prediction.data_pipeline.tools.multimodal - INFO - Saving data to: /data2/Projects/eeg_fmri_natview/chang_data/derivatives/sub-0029/ses-01/multimodal/sub-0029_ses-01_task-MeRest_acq-mr0012_desc-BandsEnv8Caps_multimodal.pkl
2025-03-19 16:06:09 - eeg_brain_state_prediction.data_pipeline.tools.multimodal - INFO - Successfully saved data
2025-03-19 16:06:09 - eeg_brain_state_prediction.data_pipeline.tools.multimodal - INFO - Loading data for modality: brainstates
2025-03-19 16:06:09 - eeg_brain_state_prediction.data_pipeline.tools.multimodal - INFO - Loading data for modality: eeg
2025-03-19 16:06:12 - eeg_brain_state_prediction.data_pipeline.tools.multimodal - INFO - Saving data to: /data2/Projects/eeg_fmri_natview/chang_data/derivatives/sub-0029/ses-01/multimodal/sub-0029_ses-01_task-MeRest_acq-mr0012_desc-BandsEnv8Caps_multimodal.pkl
2025-03-19 16:06:12 - eeg_brain_state_prediction.data_pipeline.tools.multimodal - INFO - Successfully saved data
2025-03-19 16:06:13 - eeg_brain_state_prediction.data_pipeline.tools.multimodal - INFO - Loading data for modality: brainstates
2025-03-19 16:06:13 - eeg_brain_state_prediction.data_pipeline.tools.multimodal - INFO - Loading data for modality: eeg
2025-03-19 16:06:16 - eeg_brain_state_prediction.data_pipeline.tools.multimodal - INFO - Saving data to: /data2/Projects/eeg_fmri_natview/chang_data/derivatives/sub-0030/ses-01/multimodal/sub-0030_ses-01_task-MeRest_acq-mr0009_desc-BandsEnv8Caps_multimodal.pkl
2025-03-19 16:06:16 - eeg_brain_state_prediction.data_pipeline.tools.multimodal - INFO - Successfully saved data
2025-03-19 16:06:16 - eeg_brain_state_prediction.data_pipeline.tools.multimodal - INFO - Loading data for modality: brainstates
2025-03-19 16:06:16 - eeg_brain_state_prediction.data_pipeline.tools.multimodal - INFO - Loading data for modality: eeg
2025-03-19 16:06:20 - eeg_brain_state_prediction.data_pipeline.tools.multimodal - INFO - Saving data to: /data2/Projects/eeg_fmri_natview/chang_data/derivatives/sub-0030/ses-01/multimodal/sub-0030_ses-01_task-MeRest_acq-mr0009_desc-BandsEnv8Caps_multimodal.pkl
2025-03-19 16:06:20 - eeg_brain_state_prediction.data_pipeline.tools.multimodal - INFO - Successfully saved data
2025-03-19 16:06:20 - eeg_brain_state_prediction.data_pipeline.tools.multimodal - INFO - Loading data for modality: brainstates
2025-03-19 16:06:20 - eeg_brain_state_prediction.data_pipeline.tools.multimodal - INFO - Loading data for modality: eeg
2025-03-19 16:06:24 - eeg_brain_state_prediction.data_pipeline.tools.multimodal - INFO - Saving data to: /data2/Projects/eeg_fmri_natview/chang_data/derivatives/sub-0030/ses-01/multimodal/sub-0030_ses-01_task-MeRest_acq-mr0009_desc-BandsEnv8Caps_multimodal.pkl
2025-03-19 16:06:24 - eeg_brain_state_prediction.data_pipeline.tools.multimodal - INFO - Successfully saved data
2025-03-19 16:06:24 - eeg_brain_state_prediction.data_pipeline.tools.multimodal - INFO - Loading data for modality: brainstates
2025-03-19 16:06:24 - eeg_brain_state_prediction.data_pipeline.tools.multimodal - INFO - Loading data for modality: eeg
2025-03-19 16:06:27 - eeg_brain_state_prediction.data_pipeline.tools.multimodal - INFO - Saving data to: /data2/Projects/eeg_fmri_natview/chang_data/derivatives/sub-0030/ses-01/multimodal/sub-0030_ses-01_task-MeRest_acq-mr0009_desc-BandsEnv8Caps_multimodal.pkl
2025-03-19 16:06:27 - eeg_brain_state_prediction.data_pipeline.tools.multimodal - INFO - Successfully saved data
2025-03-19 16:06:27 - eeg_brain_state_prediction.data_pipeline.tools.multimodal - INFO - Loading data for modality: brainstates
2025-03-19 16:06:27 - eeg_brain_state_prediction.data_pipeline.tools.multimodal - INFO - Loading data for modality: eeg
2025-03-19 16:06:31 - eeg_brain_state_prediction.data_pipeline.tools.multimodal - INFO - Saving data to: /data2/Projects/eeg_fmri_natview/chang_data/derivatives/sub-0030/ses-01/multimodal/sub-0030_ses-01_task-MeRest_acq-mr0009_desc-BandsEnv8Caps_multimodal.pkl
2025-03-19 16:06:31 - eeg_brain_state_prediction.data_pipeline.tools.multimodal - INFO - Successfully saved data
2025-03-19 16:06:31 - eeg_brain_state_prediction.data_pipeline.tools.multimodal - INFO - Loading data for modality: brainstates
2025-03-19 16:06:31 - eeg_brain_state_prediction.data_pipeline.tools.multimodal - INFO - Loading data for modality: eeg
2025-03-19 16:06:35 - eeg_brain_state_prediction.data_pipeline.tools.multimodal - INFO - Saving data to: /data2/Projects/eeg_fmri_natview/chang_data/derivatives/sub-0030/ses-01/multimodal/sub-0030_ses-01_task-MeRest_acq-mr0009_desc-BandsEnv8Caps_multimodal.pkl
2025-03-19 16:06:35 - eeg_brain_state_prediction.data_pipeline.tools.multimodal - INFO - Successfully saved data
2025-03-19 16:06:35 - eeg_brain_state_prediction.data_pipeline.tools.multimodal - INFO - Loading data for modality: brainstates
2025-03-19 16:06:35 - eeg_brain_state_prediction.data_pipeline.tools.multimodal - INFO - Loading data for modality: eeg
2025-03-19 16:06:38 - eeg_brain_state_prediction.data_pipeline.tools.multimodal - INFO - Saving data to: /data2/Projects/eeg_fmri_natview/chang_data/derivatives/sub-0031/ses-01/multimodal/sub-0031_ses-01_task-MeRest_acq-mr0015_desc-BandsEnv8Caps_multimodal.pkl
2025-03-19 16:06:38 - eeg_brain_state_prediction.data_pipeline.tools.multimodal - INFO - Successfully saved data
2025-03-19 16:06:38 - eeg_brain_state_prediction.data_pipeline.tools.multimodal - INFO - Loading data for modality: brainstates
2025-03-19 16:06:38 - eeg_brain_state_prediction.data_pipeline.tools.multimodal - INFO - Loading data for modality: eeg
2025-03-19 16:06:42 - eeg_brain_state_prediction.data_pipeline.tools.multimodal - INFO - Saving data to: /data2/Projects/eeg_fmri_natview/chang_data/derivatives/sub-0031/ses-01/multimodal/sub-0031_ses-01_task-MeRest_acq-mr0015_desc-BandsEnv8Caps_multimodal.pkl
2025-03-19 16:06:42 - eeg_brain_state_prediction.data_pipeline.tools.multimodal - INFO - Successfully saved data
2025-03-19 16:06:42 - eeg_brain_state_prediction.data_pipeline.tools.multimodal - INFO - Loading data for modality: brainstates
2025-03-19 16:06:42 - eeg_brain_state_prediction.data_pipeline.tools.multimodal - INFO - Loading data for modality: eeg
2025-03-19 16:06:46 - eeg_brain_state_prediction.data_pipeline.tools.multimodal - INFO - Saving data to: /data2/Projects/eeg_fmri_natview/chang_data/derivatives/sub-0031/ses-01/multimodal/sub-0031_ses-01_task-MeRest_acq-mr0015_desc-BandsEnv8Caps_multimodal.pkl
2025-03-19 16:06:46 - eeg_brain_state_prediction.data_pipeline.tools.multimodal - INFO - Successfully saved data
2025-03-19 16:06:46 - eeg_brain_state_prediction.data_pipeline.tools.multimodal - INFO - Loading data for modality: brainstates
2025-03-19 16:06:46 - eeg_brain_state_prediction.data_pipeline.tools.multimodal - INFO - Loading data for modality: eeg
2025-03-19 16:06:49 - eeg_brain_state_prediction.data_pipeline.tools.multimodal - INFO - Saving data to: /data2/Projects/eeg_fmri_natview/chang_data/derivatives/sub-0031/ses-01/multimodal/sub-0031_ses-01_task-MeRest_acq-mr0015_desc-BandsEnv8Caps_multimodal.pkl
2025-03-19 16:06:49 - eeg_brain_state_prediction.data_pipeline.tools.multimodal - INFO - Successfully saved data
2025-03-19 16:06:49 - eeg_brain_state_prediction.data_pipeline.tools.multimodal - INFO - Loading data for modality: brainstates
2025-03-19 16:06:49 - eeg_brain_state_prediction.data_pipeline.tools.multimodal - INFO - Loading data for modality: eeg
2025-03-19 16:06:53 - eeg_brain_state_prediction.data_pipeline.tools.multimodal - INFO - Saving data to: /data2/Projects/eeg_fmri_natview/chang_data/derivatives/sub-0031/ses-01/multimodal/sub-0031_ses-01_task-MeRest_acq-mr0015_desc-BandsEnv8Caps_multimodal.pkl
2025-03-19 16:06:53 - eeg_brain_state_prediction.data_pipeline.tools.multimodal - INFO - Successfully saved data
2025-03-19 16:06:53 - eeg_brain_state_prediction.data_pipeline.tools.multimodal - INFO - Loading data for modality: brainstates
2025-03-19 16:06:53 - eeg_brain_state_prediction.data_pipeline.tools.multimodal - INFO - Loading data for modality: eeg
2025-03-19 16:06:57 - eeg_brain_state_prediction.data_pipeline.tools.multimodal - INFO - Saving data to: /data2/Projects/eeg_fmri_natview/chang_data/derivatives/sub-0031/ses-01/multimodal/sub-0031_ses-01_task-MeRest_acq-mr0015_desc-BandsEnv8Caps_multimodal.pkl
2025-03-19 16:06:57 - eeg_brain_state_prediction.data_pipeline.tools.multimodal - INFO - Successfully saved data
2025-03-19 16:06:57 - eeg_brain_state_prediction.data_pipeline.tools.multimodal - INFO - Loading data for modality: brainstates
2025-03-19 16:06:57 - eeg_brain_state_prediction.data_pipeline.tools.multimodal - INFO - Loading data for modality: eeg
2025-03-19 16:07:01 - eeg_brain_state_prediction.data_pipeline.tools.multimodal - INFO - Saving data to: /data2/Projects/eeg_fmri_natview/chang_data/derivatives/sub-0032/ses-01/multimodal/sub-0032_ses-01_task-MeRest_acq-mr0009_desc-BandsEnv8Caps_multimodal.pkl
2025-03-19 16:07:01 - eeg_brain_state_prediction.data_pipeline.tools.multimodal - INFO - Successfully saved data
2025-03-19 16:07:01 - eeg_brain_state_prediction.data_pipeline.tools.multimodal - INFO - Loading data for modality: brainstates
2025-03-19 16:07:01 - eeg_brain_state_prediction.data_pipeline.tools.multimodal - INFO - Loading data for modality: eeg
2025-03-19 16:07:04 - eeg_brain_state_prediction.data_pipeline.tools.multimodal - INFO - Saving data to: /data2/Projects/eeg_fmri_natview/chang_data/derivatives/sub-0032/ses-01/multimodal/sub-0032_ses-01_task-MeRest_acq-mr0009_desc-BandsEnv8Caps_multimodal.pkl
2025-03-19 16:07:04 - eeg_brain_state_prediction.data_pipeline.tools.multimodal - INFO - Successfully saved data
2025-03-19 16:07:04 - eeg_brain_state_prediction.data_pipeline.tools.multimodal - INFO - Loading data for modality: brainstates
2025-03-19 16:07:04 - eeg_brain_state_prediction.data_pipeline.tools.multimodal - INFO - Loading data for modality: eeg
2025-03-19 16:07:08 - eeg_brain_state_prediction.data_pipeline.tools.multimodal - INFO - Saving data to: /data2/Projects/eeg_fmri_natview/chang_data/derivatives/sub-0032/ses-01/multimodal/sub-0032_ses-01_task-MeRest_acq-mr0009_desc-BandsEnv8Caps_multimodal.pkl
2025-03-19 16:07:08 - eeg_brain_state_prediction.data_pipeline.tools.multimodal - INFO - Successfully saved data
2025-03-19 16:07:08 - eeg_brain_state_prediction.data_pipeline.tools.multimodal - INFO - Loading data for modality: brainstates
2025-03-19 16:07:08 - eeg_brain_state_prediction.data_pipeline.tools.multimodal - INFO - Loading data for modality: eeg
2025-03-19 16:07:11 - eeg_brain_state_prediction.data_pipeline.tools.multimodal - INFO - Saving data to: /data2/Projects/eeg_fmri_natview/chang_data/derivatives/sub-0032/ses-01/multimodal/sub-0032_ses-01_task-MeRest_acq-mr0009_desc-BandsEnv8Caps_multimodal.pkl
2025-03-19 16:07:11 - eeg_brain_state_prediction.data_pipeline.tools.multimodal - INFO - Successfully saved data
2025-03-19 16:07:12 - eeg_brain_state_prediction.data_pipeline.tools.multimodal - INFO - Loading data for modality: brainstates
2025-03-19 16:07:12 - eeg_brain_state_prediction.data_pipeline.tools.multimodal - INFO - Loading data for modality: eeg
2025-03-19 16:07:15 - eeg_brain_state_prediction.data_pipeline.tools.multimodal - INFO - Saving data to: /data2/Projects/eeg_fmri_natview/chang_data/derivatives/sub-0032/ses-01/multimodal/sub-0032_ses-01_task-MeRest_acq-mr0009_desc-BandsEnv8Caps_multimodal.pkl
2025-03-19 16:07:15 - eeg_brain_state_prediction.data_pipeline.tools.multimodal - INFO - Successfully saved data
2025-03-19 16:07:15 - eeg_brain_state_prediction.data_pipeline.tools.multimodal - INFO - Loading data for modality: brainstates
2025-03-19 16:07:15 - eeg_brain_state_prediction.data_pipeline.tools.multimodal - INFO - Loading data for modality: eeg
2025-03-19 16:07:19 - eeg_brain_state_prediction.data_pipeline.tools.multimodal - INFO - Saving data to: /data2/Projects/eeg_fmri_natview/chang_data/derivatives/sub-0032/ses-01/multimodal/sub-0032_ses-01_task-MeRest_acq-mr0009_desc-BandsEnv8Caps_multimodal.pkl
2025-03-19 16:07:19 - eeg_brain_state_prediction.data_pipeline.tools.multimodal - INFO - Successfully saved data
2025-03-21 10:50:26 - eeg_brain_state_prediction.data_pipeline.tools.multimodal - INFO - Loading data for modality: brainstates
2025-03-21 10:50:26 - eeg_brain_state_prediction.data_pipeline.tools.multimodal - INFO - Loading data for modality: eeg
2025-03-21 10:50:33 - eeg_brain_state_prediction.data_pipeline.tools.multimodal - INFO - Saving data to: /data2/Projects/eeg_fmri_natview/chang_data/derivatives/sub-0010/ses-01/multimodal/sub-0010_ses-01_task-MeRest_acq-mr0009_desc-BandsEnv8Caps_multimodal.pkl
2025-03-21 10:50:33 - eeg_brain_state_prediction.data_pipeline.tools.multimodal - INFO - Successfully saved data
2025-03-21 10:50:33 - eeg_brain_state_prediction.data_pipeline.tools.multimodal - INFO - Loading data for modality: brainstates
2025-03-21 10:50:33 - eeg_brain_state_prediction.data_pipeline.tools.multimodal - INFO - Loading data for modality: eeg
2025-03-21 10:50:35 - eeg_brain_state_prediction.data_pipeline.tools.multimodal - INFO - Saving data to: /data2/Projects/eeg_fmri_natview/chang_data/derivatives/sub-0010/ses-01/multimodal/sub-0010_ses-01_task-MeRest_acq-mr0009_desc-BandsEnv8Caps_multimodal.pkl
2025-03-21 10:50:36 - eeg_brain_state_prediction.data_pipeline.tools.multimodal - INFO - Successfully saved data
2025-03-21 10:50:36 - eeg_brain_state_prediction.data_pipeline.tools.multimodal - INFO - Loading data for modality: brainstates
2025-03-21 10:50:36 - eeg_brain_state_prediction.data_pipeline.tools.multimodal - INFO - Loading data for modality: eeg
2025-03-21 10:50:42 - eeg_brain_state_prediction.data_pipeline.tools.multimodal - INFO - Saving data to: /data2/Projects/eeg_fmri_natview/chang_data/derivatives/sub-0010/ses-01/multimodal/sub-0010_ses-01_task-MeRest_acq-mr0015_desc-BandsEnv8Caps_multimodal.pkl
2025-03-21 10:50:42 - eeg_brain_state_prediction.data_pipeline.tools.multimodal - INFO - Successfully saved data
2025-03-21 10:50:42 - eeg_brain_state_prediction.data_pipeline.tools.multimodal - INFO - Loading data for modality: brainstates
2025-03-21 10:50:42 - eeg_brain_state_prediction.data_pipeline.tools.multimodal - INFO - Loading data for modality: eeg
2025-03-21 10:50:45 - eeg_brain_state_prediction.data_pipeline.tools.multimodal - INFO - Saving data to: /data2/Projects/eeg_fmri_natview/chang_data/derivatives/sub-0010/ses-01/multimodal/sub-0010_ses-01_task-MeRest_acq-mr0015_desc-BandsEnv8Caps_multimodal.pkl
2025-03-21 10:50:45 - eeg_brain_state_prediction.data_pipeline.tools.multimodal - INFO - Successfully saved data
2025-03-21 10:50:45 - eeg_brain_state_prediction.data_pipeline.tools.multimodal - INFO - Loading data for modality: brainstates
2025-03-21 10:50:45 - eeg_brain_state_prediction.data_pipeline.tools.multimodal - INFO - Loading data for modality: eeg
2025-03-21 10:50:48 - eeg_brain_state_prediction.data_pipeline.tools.multimodal - INFO - Saving data to: /data2/Projects/eeg_fmri_natview/chang_data/derivatives/sub-0010/ses-01/multimodal/sub-0010_ses-01_task-MeRest_acq-mr0009_desc-BandsEnv8Caps_multimodal.pkl
2025-03-21 10:50:48 - eeg_brain_state_prediction.data_pipeline.tools.multimodal - INFO - Successfully saved data
2025-03-21 10:50:48 - eeg_brain_state_prediction.data_pipeline.tools.multimodal - INFO - Loading data for modality: brainstates
2025-03-21 10:50:48 - eeg_brain_state_prediction.data_pipeline.tools.multimodal - INFO - Loading data for modality: eeg
2025-03-21 10:50:51 - eeg_brain_state_prediction.data_pipeline.tools.multimodal - INFO - Saving data to: /data2/Projects/eeg_fmri_natview/chang_data/derivatives/sub-0010/ses-01/multimodal/sub-0010_ses-01_task-MeRest_acq-mr0009_desc-BandsEnv8Caps_multimodal.pkl
2025-03-21 10:50:51 - eeg_brain_state_prediction.data_pipeline.tools.multimodal - INFO - Successfully saved data
2025-03-21 10:50:51 - eeg_brain_state_prediction.data_pipeline.tools.multimodal - INFO - Loading data for modality: brainstates
2025-03-21 10:50:51 - eeg_brain_state_prediction.data_pipeline.tools.multimodal - INFO - Loading data for modality: eeg
2025-03-21 10:50:54 - eeg_brain_state_prediction.data_pipeline.tools.multimodal - INFO - Saving data to: /data2/Projects/eeg_fmri_natview/chang_data/derivatives/sub-0010/ses-01/multimodal/sub-0010_ses-01_task-MeRest_acq-mr0015_desc-BandsEnv8Caps_multimodal.pkl
2025-03-21 10:50:54 - eeg_brain_state_prediction.data_pipeline.tools.multimodal - INFO - Successfully saved data
2025-03-21 10:50:54 - eeg_brain_state_prediction.data_pipeline.tools.multimodal - INFO - Loading data for modality: brainstates
2025-03-21 10:50:54 - eeg_brain_state_prediction.data_pipeline.tools.multimodal - INFO - Loading data for modality: eeg
2025-03-21 10:50:57 - eeg_brain_state_prediction.data_pipeline.tools.multimodal - INFO - Saving data to: /data2/Projects/eeg_fmri_natview/chang_data/derivatives/sub-0010/ses-01/multimodal/sub-0010_ses-01_task-MeRest_acq-mr0015_desc-BandsEnv8Caps_multimodal.pkl
2025-03-21 10:50:57 - eeg_brain_state_prediction.data_pipeline.tools.multimodal - INFO - Successfully saved data
2025-03-21 10:50:57 - eeg_brain_state_prediction.data_pipeline.tools.multimodal - INFO - Loading data for modality: brainstates
2025-03-21 10:50:57 - eeg_brain_state_prediction.data_pipeline.tools.multimodal - INFO - Loading data for modality: eeg
2025-03-21 10:51:00 - eeg_brain_state_prediction.data_pipeline.tools.multimodal - INFO - Saving data to: /data2/Projects/eeg_fmri_natview/chang_data/derivatives/sub-0010/ses-01/multimodal/sub-0010_ses-01_task-MeRest_acq-mr0009_desc-BandsEnv8Caps_multimodal.pkl
2025-03-21 10:51:00 - eeg_brain_state_prediction.data_pipeline.tools.multimodal - INFO - Successfully saved data
2025-03-21 10:51:00 - eeg_brain_state_prediction.data_pipeline.tools.multimodal - INFO - Loading data for modality: brainstates
2025-03-21 10:51:00 - eeg_brain_state_prediction.data_pipeline.tools.multimodal - INFO - Loading data for modality: eeg
2025-03-21 10:51:03 - eeg_brain_state_prediction.data_pipeline.tools.multimodal - INFO - Saving data to: /data2/Projects/eeg_fmri_natview/chang_data/derivatives/sub-0010/ses-01/multimodal/sub-0010_ses-01_task-MeRest_acq-mr0015_desc-BandsEnv8Caps_multimodal.pkl
2025-03-21 10:51:03 - eeg_brain_state_prediction.data_pipeline.tools.multimodal - INFO - Successfully saved data
2025-03-21 10:51:03 - eeg_brain_state_prediction.data_pipeline.tools.multimodal - INFO - Loading data for modality: brainstates
2025-03-21 10:51:03 - eeg_brain_state_prediction.data_pipeline.tools.multimodal - INFO - Loading data for modality: eeg
2025-03-21 10:51:06 - eeg_brain_state_prediction.data_pipeline.tools.multimodal - INFO - Saving data to: /data2/Projects/eeg_fmri_natview/chang_data/derivatives/sub-0010/ses-01/multimodal/sub-0010_ses-01_task-MeRest_acq-mr0009_desc-BandsEnv8Caps_multimodal.pkl
2025-03-21 10:51:06 - eeg_brain_state_prediction.data_pipeline.tools.multimodal - INFO - Successfully saved data
2025-03-21 10:51:06 - eeg_brain_state_prediction.data_pipeline.tools.multimodal - INFO - Loading data for modality: brainstates
2025-03-21 10:51:06 - eeg_brain_state_prediction.data_pipeline.tools.multimodal - INFO - Loading data for modality: eeg
2025-03-21 10:51:09 - eeg_brain_state_prediction.data_pipeline.tools.multimodal - INFO - Saving data to: /data2/Projects/eeg_fmri_natview/chang_data/derivatives/sub-0010/ses-01/multimodal/sub-0010_ses-01_task-MeRest_acq-mr0015_desc-BandsEnv8Caps_multimodal.pkl
2025-03-21 10:51:09 - eeg_brain_state_prediction.data_pipeline.tools.multimodal - INFO - Successfully saved data
2025-03-21 10:51:09 - eeg_brain_state_prediction.data_pipeline.tools.multimodal - INFO - Loading data for modality: brainstates
2025-03-21 10:51:09 - eeg_brain_state_prediction.data_pipeline.tools.multimodal - INFO - Loading data for modality: eeg
2025-03-21 10:51:15 - eeg_brain_state_prediction.data_pipeline.tools.multimodal - INFO - Saving data to: /data2/Projects/eeg_fmri_natview/chang_data/derivatives/sub-0012/ses-01/multimodal/sub-0012_ses-01_task-MeRest_acq-mr0018_desc-BandsEnv8Caps_multimodal.pkl
2025-03-21 10:51:15 - eeg_brain_state_prediction.data_pipeline.tools.multimodal - INFO - Successfully saved data
2025-03-21 10:51:16 - eeg_brain_state_prediction.data_pipeline.tools.multimodal - INFO - Loading data for modality: brainstates
2025-03-21 10:51:16 - eeg_brain_state_prediction.data_pipeline.tools.multimodal - INFO - Loading data for modality: eeg
2025-03-21 10:51:18 - eeg_brain_state_prediction.data_pipeline.tools.multimodal - INFO - Saving data to: /data2/Projects/eeg_fmri_natview/chang_data/derivatives/sub-0012/ses-01/multimodal/sub-0012_ses-01_task-MeRest_acq-mr0018_desc-BandsEnv8Caps_multimodal.pkl
2025-03-21 10:51:18 - eeg_brain_state_prediction.data_pipeline.tools.multimodal - INFO - Successfully saved data
2025-03-21 10:51:18 - eeg_brain_state_prediction.data_pipeline.tools.multimodal - INFO - Loading data for modality: brainstates
2025-03-21 10:51:19 - eeg_brain_state_prediction.data_pipeline.tools.multimodal - INFO - Loading data for modality: eeg
2025-03-21 10:51:25 - eeg_brain_state_prediction.data_pipeline.tools.multimodal - INFO - Saving data to: /data2/Projects/eeg_fmri_natview/chang_data/derivatives/sub-0012/ses-01/multimodal/sub-0012_ses-01_task-MeRest_acq-mr0012_desc-BandsEnv8Caps_multimodal.pkl
2025-03-21 10:51:25 - eeg_brain_state_prediction.data_pipeline.tools.multimodal - INFO - Successfully saved data
2025-03-21 10:51:25 - eeg_brain_state_prediction.data_pipeline.tools.multimodal - INFO - Loading data for modality: brainstates
2025-03-21 10:51:25 - eeg_brain_state_prediction.data_pipeline.tools.multimodal - INFO - Loading data for modality: eeg
2025-03-21 10:51:28 - eeg_brain_state_prediction.data_pipeline.tools.multimodal - INFO - Saving data to: /data2/Projects/eeg_fmri_natview/chang_data/derivatives/sub-0012/ses-01/multimodal/sub-0012_ses-01_task-MeRest_acq-mr0012_desc-BandsEnv8Caps_multimodal.pkl
2025-03-21 10:51:28 - eeg_brain_state_prediction.data_pipeline.tools.multimodal - INFO - Successfully saved data
2025-03-21 10:51:28 - eeg_brain_state_prediction.data_pipeline.tools.multimodal - INFO - Loading data for modality: brainstates
2025-03-21 10:51:28 - eeg_brain_state_prediction.data_pipeline.tools.multimodal - INFO - Loading data for modality: eeg
2025-03-21 10:51:31 - eeg_brain_state_prediction.data_pipeline.tools.multimodal - INFO - Saving data to: /data2/Projects/eeg_fmri_natview/chang_data/derivatives/sub-0012/ses-01/multimodal/sub-0012_ses-01_task-MeRest_acq-mr0012_desc-BandsEnv8Caps_multimodal.pkl
2025-03-21 10:51:31 - eeg_brain_state_prediction.data_pipeline.tools.multimodal - INFO - Successfully saved data
2025-03-21 10:51:31 - eeg_brain_state_prediction.data_pipeline.tools.multimodal - INFO - Loading data for modality: brainstates
2025-03-21 10:51:31 - eeg_brain_state_prediction.data_pipeline.tools.multimodal - INFO - Loading data for modality: eeg
2025-03-21 10:51:34 - eeg_brain_state_prediction.data_pipeline.tools.multimodal - INFO - Saving data to: /data2/Projects/eeg_fmri_natview/chang_data/derivatives/sub-0012/ses-01/multimodal/sub-0012_ses-01_task-MeRest_acq-mr0018_desc-BandsEnv8Caps_multimodal.pkl
2025-03-21 10:51:34 - eeg_brain_state_prediction.data_pipeline.tools.multimodal - INFO - Successfully saved data
2025-03-21 10:51:34 - eeg_brain_state_prediction.data_pipeline.tools.multimodal - INFO - Loading data for modality: brainstates
2025-03-21 10:51:34 - eeg_brain_state_prediction.data_pipeline.tools.multimodal - INFO - Loading data for modality: eeg
2025-03-21 10:51:37 - eeg_brain_state_prediction.data_pipeline.tools.multimodal - INFO - Saving data to: /data2/Projects/eeg_fmri_natview/chang_data/derivatives/sub-0012/ses-01/multimodal/sub-0012_ses-01_task-MeRest_acq-mr0012_desc-BandsEnv8Caps_multimodal.pkl
2025-03-21 10:51:37 - eeg_brain_state_prediction.data_pipeline.tools.multimodal - INFO - Successfully saved data
2025-03-21 10:51:37 - eeg_brain_state_prediction.data_pipeline.tools.multimodal - INFO - Loading data for modality: brainstates
2025-03-21 10:51:37 - eeg_brain_state_prediction.data_pipeline.tools.multimodal - INFO - Loading data for modality: eeg
2025-03-21 10:51:40 - eeg_brain_state_prediction.data_pipeline.tools.multimodal - INFO - Saving data to: /data2/Projects/eeg_fmri_natview/chang_data/derivatives/sub-0012/ses-01/multimodal/sub-0012_ses-01_task-MeRest_acq-mr0018_desc-BandsEnv8Caps_multimodal.pkl
2025-03-21 10:51:40 - eeg_brain_state_prediction.data_pipeline.tools.multimodal - INFO - Successfully saved data
2025-03-21 10:51:40 - eeg_brain_state_prediction.data_pipeline.tools.multimodal - INFO - Loading data for modality: brainstates
2025-03-21 10:51:40 - eeg_brain_state_prediction.data_pipeline.tools.multimodal - INFO - Loading data for modality: eeg
2025-03-21 10:51:43 - eeg_brain_state_prediction.data_pipeline.tools.multimodal - INFO - Saving data to: /data2/Projects/eeg_fmri_natview/chang_data/derivatives/sub-0012/ses-01/multimodal/sub-0012_ses-01_task-MeRest_acq-mr0018_desc-BandsEnv8Caps_multimodal.pkl
2025-03-21 10:51:43 - eeg_brain_state_prediction.data_pipeline.tools.multimodal - INFO - Successfully saved data
2025-03-21 10:51:43 - eeg_brain_state_prediction.data_pipeline.tools.multimodal - INFO - Loading data for modality: brainstates
2025-03-21 10:51:43 - eeg_brain_state_prediction.data_pipeline.tools.multimodal - INFO - Loading data for modality: eeg
2025-03-21 10:51:45 - eeg_brain_state_prediction.data_pipeline.tools.multimodal - INFO - Saving data to: /data2/Projects/eeg_fmri_natview/chang_data/derivatives/sub-0012/ses-01/multimodal/sub-0012_ses-01_task-MeRest_acq-mr0012_desc-BandsEnv8Caps_multimodal.pkl
2025-03-21 10:51:46 - eeg_brain_state_prediction.data_pipeline.tools.multimodal - INFO - Successfully saved data
2025-03-21 10:51:46 - eeg_brain_state_prediction.data_pipeline.tools.multimodal - INFO - Loading data for modality: brainstates
2025-03-21 10:51:46 - eeg_brain_state_prediction.data_pipeline.tools.multimodal - INFO - Loading data for modality: eeg
2025-03-21 10:51:48 - eeg_brain_state_prediction.data_pipeline.tools.multimodal - INFO - Saving data to: /data2/Projects/eeg_fmri_natview/chang_data/derivatives/sub-0012/ses-01/multimodal/sub-0012_ses-01_task-MeRest_acq-mr0018_desc-BandsEnv8Caps_multimodal.pkl
2025-03-21 10:51:48 - eeg_brain_state_prediction.data_pipeline.tools.multimodal - INFO - Successfully saved data
2025-03-21 10:51:49 - eeg_brain_state_prediction.data_pipeline.tools.multimodal - INFO - Loading data for modality: brainstates
2025-03-21 10:51:49 - eeg_brain_state_prediction.data_pipeline.tools.multimodal - INFO - Loading data for modality: eeg
2025-03-21 10:51:51 - eeg_brain_state_prediction.data_pipeline.tools.multimodal - INFO - Saving data to: /data2/Projects/eeg_fmri_natview/chang_data/derivatives/sub-0012/ses-01/multimodal/sub-0012_ses-01_task-MeRest_acq-mr0012_desc-BandsEnv8Caps_multimodal.pkl
2025-03-21 10:51:51 - eeg_brain_state_prediction.data_pipeline.tools.multimodal - INFO - Successfully saved data
2025-03-21 10:51:51 - eeg_brain_state_prediction.data_pipeline.tools.multimodal - INFO - Loading data for modality: brainstates
2025-03-21 10:51:52 - eeg_brain_state_prediction.data_pipeline.tools.multimodal - INFO - Loading data for modality: eeg
2025-03-21 10:51:58 - eeg_brain_state_prediction.data_pipeline.tools.multimodal - INFO - Saving data to: /data2/Projects/eeg_fmri_natview/chang_data/derivatives/sub-0014/ses-01/multimodal/sub-0014_ses-01_task-MeRest_acq-mr0018_desc-BandsEnv8Caps_multimodal.pkl
2025-03-21 10:51:58 - eeg_brain_state_prediction.data_pipeline.tools.multimodal - INFO - Successfully saved data
2025-03-21 10:51:58 - eeg_brain_state_prediction.data_pipeline.tools.multimodal - INFO - Loading data for modality: brainstates
2025-03-21 10:51:58 - eeg_brain_state_prediction.data_pipeline.tools.multimodal - INFO - Loading data for modality: eeg
2025-03-21 10:52:01 - eeg_brain_state_prediction.data_pipeline.tools.multimodal - INFO - Saving data to: /data2/Projects/eeg_fmri_natview/chang_data/derivatives/sub-0014/ses-01/multimodal/sub-0014_ses-01_task-MeRest_acq-mr0018_desc-BandsEnv8Caps_multimodal.pkl
2025-03-21 10:52:01 - eeg_brain_state_prediction.data_pipeline.tools.multimodal - INFO - Successfully saved data
2025-03-21 10:52:01 - eeg_brain_state_prediction.data_pipeline.tools.multimodal - INFO - Loading data for modality: brainstates
2025-03-21 10:52:01 - eeg_brain_state_prediction.data_pipeline.tools.multimodal - INFO - Loading data for modality: eeg
2025-03-21 10:52:07 - eeg_brain_state_prediction.data_pipeline.tools.multimodal - INFO - Saving data to: /data2/Projects/eeg_fmri_natview/chang_data/derivatives/sub-0014/ses-01/multimodal/sub-0014_ses-01_task-MeRest_acq-mr0012_desc-BandsEnv8Caps_multimodal.pkl
2025-03-21 10:52:08 - eeg_brain_state_prediction.data_pipeline.tools.multimodal - INFO - Successfully saved data
2025-03-21 10:52:08 - eeg_brain_state_prediction.data_pipeline.tools.multimodal - INFO - Loading data for modality: brainstates
2025-03-21 10:52:08 - eeg_brain_state_prediction.data_pipeline.tools.multimodal - INFO - Loading data for modality: eeg
2025-03-21 10:52:10 - eeg_brain_state_prediction.data_pipeline.tools.multimodal - INFO - Saving data to: /data2/Projects/eeg_fmri_natview/chang_data/derivatives/sub-0014/ses-01/multimodal/sub-0014_ses-01_task-MeRest_acq-mr0012_desc-BandsEnv8Caps_multimodal.pkl
2025-03-21 10:52:11 - eeg_brain_state_prediction.data_pipeline.tools.multimodal - INFO - Successfully saved data
2025-03-21 10:52:11 - eeg_brain_state_prediction.data_pipeline.tools.multimodal - INFO - Loading data for modality: brainstates
2025-03-21 10:52:11 - eeg_brain_state_prediction.data_pipeline.tools.multimodal - INFO - Loading data for modality: eeg
2025-03-21 10:52:13 - eeg_brain_state_prediction.data_pipeline.tools.multimodal - INFO - Saving data to: /data2/Projects/eeg_fmri_natview/chang_data/derivatives/sub-0014/ses-01/multimodal/sub-0014_ses-01_task-MeRest_acq-mr0012_desc-BandsEnv8Caps_multimodal.pkl
2025-03-21 10:52:13 - eeg_brain_state_prediction.data_pipeline.tools.multimodal - INFO - Successfully saved data
2025-03-21 10:52:14 - eeg_brain_state_prediction.data_pipeline.tools.multimodal - INFO - Loading data for modality: brainstates
2025-03-21 10:52:14 - eeg_brain_state_prediction.data_pipeline.tools.multimodal - INFO - Loading data for modality: eeg
2025-03-21 10:52:16 - eeg_brain_state_prediction.data_pipeline.tools.multimodal - INFO - Saving data to: /data2/Projects/eeg_fmri_natview/chang_data/derivatives/sub-0014/ses-01/multimodal/sub-0014_ses-01_task-MeRest_acq-mr0018_desc-BandsEnv8Caps_multimodal.pkl
2025-03-21 10:52:16 - eeg_brain_state_prediction.data_pipeline.tools.multimodal - INFO - Successfully saved data
2025-03-21 10:52:16 - eeg_brain_state_prediction.data_pipeline.tools.multimodal - INFO - Loading data for modality: brainstates
2025-03-21 10:52:16 - eeg_brain_state_prediction.data_pipeline.tools.multimodal - INFO - Loading data for modality: eeg
2025-03-21 10:52:19 - eeg_brain_state_prediction.data_pipeline.tools.multimodal - INFO - Saving data to: /data2/Projects/eeg_fmri_natview/chang_data/derivatives/sub-0014/ses-01/multimodal/sub-0014_ses-01_task-MeRest_acq-mr0012_desc-BandsEnv8Caps_multimodal.pkl
2025-03-21 10:52:19 - eeg_brain_state_prediction.data_pipeline.tools.multimodal - INFO - Successfully saved data
2025-03-21 10:52:19 - eeg_brain_state_prediction.data_pipeline.tools.multimodal - INFO - Loading data for modality: brainstates
2025-03-21 10:52:19 - eeg_brain_state_prediction.data_pipeline.tools.multimodal - INFO - Loading data for modality: eeg
2025-03-21 10:52:22 - eeg_brain_state_prediction.data_pipeline.tools.multimodal - INFO - Saving data to: /data2/Projects/eeg_fmri_natview/chang_data/derivatives/sub-0014/ses-01/multimodal/sub-0014_ses-01_task-MeRest_acq-mr0018_desc-BandsEnv8Caps_multimodal.pkl
2025-03-21 10:52:22 - eeg_brain_state_prediction.data_pipeline.tools.multimodal - INFO - Successfully saved data
2025-03-21 10:52:22 - eeg_brain_state_prediction.data_pipeline.tools.multimodal - INFO - Loading data for modality: brainstates
2025-03-21 10:52:22 - eeg_brain_state_prediction.data_pipeline.tools.multimodal - INFO - Loading data for modality: eeg
2025-03-21 10:52:25 - eeg_brain_state_prediction.data_pipeline.tools.multimodal - INFO - Saving data to: /data2/Projects/eeg_fmri_natview/chang_data/derivatives/sub-0014/ses-01/multimodal/sub-0014_ses-01_task-MeRest_acq-mr0018_desc-BandsEnv8Caps_multimodal.pkl
2025-03-21 10:52:25 - eeg_brain_state_prediction.data_pipeline.tools.multimodal - INFO - Successfully saved data
2025-03-21 10:52:25 - eeg_brain_state_prediction.data_pipeline.tools.multimodal - INFO - Loading data for modality: brainstates
2025-03-21 10:52:25 - eeg_brain_state_prediction.data_pipeline.tools.multimodal - INFO - Loading data for modality: eeg
2025-03-21 10:52:28 - eeg_brain_state_prediction.data_pipeline.tools.multimodal - INFO - Saving data to: /data2/Projects/eeg_fmri_natview/chang_data/derivatives/sub-0014/ses-01/multimodal/sub-0014_ses-01_task-MeRest_acq-mr0012_desc-BandsEnv8Caps_multimodal.pkl
2025-03-21 10:52:28 - eeg_brain_state_prediction.data_pipeline.tools.multimodal - INFO - Successfully saved data
2025-03-21 10:52:28 - eeg_brain_state_prediction.data_pipeline.tools.multimodal - INFO - Loading data for modality: brainstates
2025-03-21 10:52:28 - eeg_brain_state_prediction.data_pipeline.tools.multimodal - INFO - Loading data for modality: eeg
2025-03-21 10:52:31 - eeg_brain_state_prediction.data_pipeline.tools.multimodal - INFO - Saving data to: /data2/Projects/eeg_fmri_natview/chang_data/derivatives/sub-0014/ses-01/multimodal/sub-0014_ses-01_task-MeRest_acq-mr0018_desc-BandsEnv8Caps_multimodal.pkl
2025-03-21 10:52:31 - eeg_brain_state_prediction.data_pipeline.tools.multimodal - INFO - Successfully saved data
2025-03-21 10:52:31 - eeg_brain_state_prediction.data_pipeline.tools.multimodal - INFO - Loading data for modality: brainstates
2025-03-21 10:52:31 - eeg_brain_state_prediction.data_pipeline.tools.multimodal - INFO - Loading data for modality: eeg
2025-03-21 10:52:34 - eeg_brain_state_prediction.data_pipeline.tools.multimodal - INFO - Saving data to: /data2/Projects/eeg_fmri_natview/chang_data/derivatives/sub-0014/ses-01/multimodal/sub-0014_ses-01_task-MeRest_acq-mr0012_desc-BandsEnv8Caps_multimodal.pkl
2025-03-21 10:52:34 - eeg_brain_state_prediction.data_pipeline.tools.multimodal - INFO - Successfully saved data
2025-03-21 10:52:34 - eeg_brain_state_prediction.data_pipeline.tools.multimodal - INFO - Loading data for modality: brainstates
2025-03-21 10:52:34 - eeg_brain_state_prediction.data_pipeline.tools.multimodal - INFO - Loading data for modality: eeg
2025-03-21 10:52:41 - eeg_brain_state_prediction.data_pipeline.tools.multimodal - INFO - Saving data to: /data2/Projects/eeg_fmri_natview/chang_data/derivatives/sub-0016/ses-01/multimodal/sub-0016_ses-01_task-MeRest_acq-mr0006_desc-BandsEnv8Caps_multimodal.pkl
2025-03-21 10:52:41 - eeg_brain_state_prediction.data_pipeline.tools.multimodal - INFO - Successfully saved data
2025-03-21 10:52:41 - eeg_brain_state_prediction.data_pipeline.tools.multimodal - INFO - Loading data for modality: brainstates
2025-03-21 10:52:41 - eeg_brain_state_prediction.data_pipeline.tools.multimodal - INFO - Loading data for modality: eeg
2025-03-21 10:52:44 - eeg_brain_state_prediction.data_pipeline.tools.multimodal - INFO - Saving data to: /data2/Projects/eeg_fmri_natview/chang_data/derivatives/sub-0016/ses-01/multimodal/sub-0016_ses-01_task-MeRest_acq-mr0006_desc-BandsEnv8Caps_multimodal.pkl
2025-03-21 10:52:44 - eeg_brain_state_prediction.data_pipeline.tools.multimodal - INFO - Successfully saved data
2025-03-21 10:52:44 - eeg_brain_state_prediction.data_pipeline.tools.multimodal - INFO - Loading data for modality: brainstates
2025-03-21 10:52:44 - eeg_brain_state_prediction.data_pipeline.tools.multimodal - INFO - Loading data for modality: eeg
2025-03-21 10:52:50 - eeg_brain_state_prediction.data_pipeline.tools.multimodal - INFO - Saving data to: /data2/Projects/eeg_fmri_natview/chang_data/derivatives/sub-0016/ses-01/multimodal/sub-0016_ses-01_task-MeRest_acq-mr0015_desc-BandsEnv8Caps_multimodal.pkl
2025-03-21 10:52:50 - eeg_brain_state_prediction.data_pipeline.tools.multimodal - INFO - Successfully saved data
2025-03-21 10:52:50 - eeg_brain_state_prediction.data_pipeline.tools.multimodal - INFO - Loading data for modality: brainstates
2025-03-21 10:52:50 - eeg_brain_state_prediction.data_pipeline.tools.multimodal - INFO - Loading data for modality: eeg
2025-03-21 10:52:53 - eeg_brain_state_prediction.data_pipeline.tools.multimodal - INFO - Saving data to: /data2/Projects/eeg_fmri_natview/chang_data/derivatives/sub-0016/ses-01/multimodal/sub-0016_ses-01_task-MeRest_acq-mr0015_desc-BandsEnv8Caps_multimodal.pkl
2025-03-21 10:52:53 - eeg_brain_state_prediction.data_pipeline.tools.multimodal - INFO - Successfully saved data
2025-03-21 10:52:53 - eeg_brain_state_prediction.data_pipeline.tools.multimodal - INFO - Loading data for modality: brainstates
2025-03-21 10:52:53 - eeg_brain_state_prediction.data_pipeline.tools.multimodal - INFO - Loading data for modality: eeg
2025-03-21 10:52:56 - eeg_brain_state_prediction.data_pipeline.tools.multimodal - INFO - Saving data to: /data2/Projects/eeg_fmri_natview/chang_data/derivatives/sub-0016/ses-01/multimodal/sub-0016_ses-01_task-MeRest_acq-mr0015_desc-BandsEnv8Caps_multimodal.pkl
2025-03-21 10:52:56 - eeg_brain_state_prediction.data_pipeline.tools.multimodal - INFO - Successfully saved data
2025-03-21 10:52:56 - eeg_brain_state_prediction.data_pipeline.tools.multimodal - INFO - Loading data for modality: brainstates
2025-03-21 10:52:56 - eeg_brain_state_prediction.data_pipeline.tools.multimodal - INFO - Loading data for modality: eeg
2025-03-21 10:52:59 - eeg_brain_state_prediction.data_pipeline.tools.multimodal - INFO - Saving data to: /data2/Projects/eeg_fmri_natview/chang_data/derivatives/sub-0016/ses-01/multimodal/sub-0016_ses-01_task-MeRest_acq-mr0006_desc-BandsEnv8Caps_multimodal.pkl
2025-03-21 10:52:59 - eeg_brain_state_prediction.data_pipeline.tools.multimodal - INFO - Successfully saved data
2025-03-21 10:52:59 - eeg_brain_state_prediction.data_pipeline.tools.multimodal - INFO - Loading data for modality: brainstates
2025-03-21 10:52:59 - eeg_brain_state_prediction.data_pipeline.tools.multimodal - INFO - Loading data for modality: eeg
2025-03-21 10:53:02 - eeg_brain_state_prediction.data_pipeline.tools.multimodal - INFO - Saving data to: /data2/Projects/eeg_fmri_natview/chang_data/derivatives/sub-0016/ses-01/multimodal/sub-0016_ses-01_task-MeRest_acq-mr0015_desc-BandsEnv8Caps_multimodal.pkl
2025-03-21 10:53:02 - eeg_brain_state_prediction.data_pipeline.tools.multimodal - INFO - Successfully saved data
2025-03-21 10:53:02 - eeg_brain_state_prediction.data_pipeline.tools.multimodal - INFO - Loading data for modality: brainstates
2025-03-21 10:53:02 - eeg_brain_state_prediction.data_pipeline.tools.multimodal - INFO - Loading data for modality: eeg
2025-03-21 10:53:05 - eeg_brain_state_prediction.data_pipeline.tools.multimodal - INFO - Saving data to: /data2/Projects/eeg_fmri_natview/chang_data/derivatives/sub-0016/ses-01/multimodal/sub-0016_ses-01_task-MeRest_acq-mr0006_desc-BandsEnv8Caps_multimodal.pkl
2025-03-21 10:53:05 - eeg_brain_state_prediction.data_pipeline.tools.multimodal - INFO - Successfully saved data
2025-03-21 10:53:05 - eeg_brain_state_prediction.data_pipeline.tools.multimodal - INFO - Loading data for modality: brainstates
2025-03-21 10:53:05 - eeg_brain_state_prediction.data_pipeline.tools.multimodal - INFO - Loading data for modality: eeg
2025-03-21 10:53:08 - eeg_brain_state_prediction.data_pipeline.tools.multimodal - INFO - Saving data to: /data2/Projects/eeg_fmri_natview/chang_data/derivatives/sub-0016/ses-01/multimodal/sub-0016_ses-01_task-MeRest_acq-mr0006_desc-BandsEnv8Caps_multimodal.pkl
2025-03-21 10:53:08 - eeg_brain_state_prediction.data_pipeline.tools.multimodal - INFO - Successfully saved data
2025-03-21 10:53:08 - eeg_brain_state_prediction.data_pipeline.tools.multimodal - INFO - Loading data for modality: brainstates
2025-03-21 10:53:08 - eeg_brain_state_prediction.data_pipeline.tools.multimodal - INFO - Loading data for modality: eeg
2025-03-21 10:53:11 - eeg_brain_state_prediction.data_pipeline.tools.multimodal - INFO - Saving data to: /data2/Projects/eeg_fmri_natview/chang_data/derivatives/sub-0016/ses-01/multimodal/sub-0016_ses-01_task-MeRest_acq-mr0015_desc-BandsEnv8Caps_multimodal.pkl
2025-03-21 10:53:11 - eeg_brain_state_prediction.data_pipeline.tools.multimodal - INFO - Successfully saved data
2025-03-21 10:53:11 - eeg_brain_state_prediction.data_pipeline.tools.multimodal - INFO - Loading data for modality: brainstates
2025-03-21 10:53:11 - eeg_brain_state_prediction.data_pipeline.tools.multimodal - INFO - Loading data for modality: eeg
2025-03-21 10:53:14 - eeg_brain_state_prediction.data_pipeline.tools.multimodal - INFO - Saving data to: /data2/Projects/eeg_fmri_natview/chang_data/derivatives/sub-0016/ses-01/multimodal/sub-0016_ses-01_task-MeRest_acq-mr0006_desc-BandsEnv8Caps_multimodal.pkl
2025-03-21 10:53:14 - eeg_brain_state_prediction.data_pipeline.tools.multimodal - INFO - Successfully saved data
2025-03-21 10:53:14 - eeg_brain_state_prediction.data_pipeline.tools.multimodal - INFO - Loading data for modality: brainstates
2025-03-21 10:53:14 - eeg_brain_state_prediction.data_pipeline.tools.multimodal - INFO - Loading data for modality: eeg
2025-03-21 10:53:17 - eeg_brain_state_prediction.data_pipeline.tools.multimodal - INFO - Saving data to: /data2/Projects/eeg_fmri_natview/chang_data/derivatives/sub-0016/ses-01/multimodal/sub-0016_ses-01_task-MeRest_acq-mr0015_desc-BandsEnv8Caps_multimodal.pkl
2025-03-21 10:53:17 - eeg_brain_state_prediction.data_pipeline.tools.multimodal - INFO - Successfully saved data
2025-03-21 10:53:17 - eeg_brain_state_prediction.data_pipeline.tools.multimodal - INFO - Loading data for modality: brainstates
2025-03-21 10:53:17 - eeg_brain_state_prediction.data_pipeline.tools.multimodal - INFO - Loading data for modality: eeg
2025-03-21 10:53:24 - eeg_brain_state_prediction.data_pipeline.tools.multimodal - INFO - Saving data to: /data2/Projects/eeg_fmri_natview/chang_data/derivatives/sub-0021/ses-01/multimodal/sub-0021_ses-01_task-MeRest_acq-mr0012_desc-BandsEnv8Caps_multimodal.pkl
2025-03-21 10:53:24 - eeg_brain_state_prediction.data_pipeline.tools.multimodal - INFO - Successfully saved data
2025-03-21 10:53:24 - eeg_brain_state_prediction.data_pipeline.tools.multimodal - INFO - Loading data for modality: brainstates
2025-03-21 10:53:24 - eeg_brain_state_prediction.data_pipeline.tools.multimodal - INFO - Loading data for modality: eeg
2025-03-21 10:53:27 - eeg_brain_state_prediction.data_pipeline.tools.multimodal - INFO - Saving data to: /data2/Projects/eeg_fmri_natview/chang_data/derivatives/sub-0021/ses-01/multimodal/sub-0021_ses-01_task-MeRest_acq-mr0012_desc-BandsEnv8Caps_multimodal.pkl
2025-03-21 10:53:27 - eeg_brain_state_prediction.data_pipeline.tools.multimodal - INFO - Successfully saved data
2025-03-21 10:53:27 - eeg_brain_state_prediction.data_pipeline.tools.multimodal - INFO - Loading data for modality: brainstates
2025-03-21 10:53:27 - eeg_brain_state_prediction.data_pipeline.tools.multimodal - INFO - Loading data for modality: eeg
2025-03-21 10:53:30 - eeg_brain_state_prediction.data_pipeline.tools.multimodal - INFO - Saving data to: /data2/Projects/eeg_fmri_natview/chang_data/derivatives/sub-0021/ses-01/multimodal/sub-0021_ses-01_task-MeRest_acq-mr0012_desc-BandsEnv8Caps_multimodal.pkl
2025-03-21 10:53:30 - eeg_brain_state_prediction.data_pipeline.tools.multimodal - INFO - Successfully saved data
2025-03-21 10:53:30 - eeg_brain_state_prediction.data_pipeline.tools.multimodal - INFO - Loading data for modality: brainstates
2025-03-21 10:53:30 - eeg_brain_state_prediction.data_pipeline.tools.multimodal - INFO - Loading data for modality: eeg
2025-03-21 10:53:32 - eeg_brain_state_prediction.data_pipeline.tools.multimodal - INFO - Saving data to: /data2/Projects/eeg_fmri_natview/chang_data/derivatives/sub-0021/ses-01/multimodal/sub-0021_ses-01_task-MeRest_acq-mr0012_desc-BandsEnv8Caps_multimodal.pkl
2025-03-21 10:53:33 - eeg_brain_state_prediction.data_pipeline.tools.multimodal - INFO - Successfully saved data
2025-03-21 10:53:33 - eeg_brain_state_prediction.data_pipeline.tools.multimodal - INFO - Loading data for modality: brainstates
2025-03-21 10:53:33 - eeg_brain_state_prediction.data_pipeline.tools.multimodal - INFO - Loading data for modality: eeg
2025-03-21 10:53:35 - eeg_brain_state_prediction.data_pipeline.tools.multimodal - INFO - Saving data to: /data2/Projects/eeg_fmri_natview/chang_data/derivatives/sub-0021/ses-01/multimodal/sub-0021_ses-01_task-MeRest_acq-mr0012_desc-BandsEnv8Caps_multimodal.pkl
2025-03-21 10:53:35 - eeg_brain_state_prediction.data_pipeline.tools.multimodal - INFO - Successfully saved data
2025-03-21 10:53:35 - eeg_brain_state_prediction.data_pipeline.tools.multimodal - INFO - Loading data for modality: brainstates
2025-03-21 10:53:35 - eeg_brain_state_prediction.data_pipeline.tools.multimodal - INFO - Loading data for modality: eeg
2025-03-21 10:53:38 - eeg_brain_state_prediction.data_pipeline.tools.multimodal - INFO - Saving data to: /data2/Projects/eeg_fmri_natview/chang_data/derivatives/sub-0021/ses-01/multimodal/sub-0021_ses-01_task-MeRest_acq-mr0012_desc-BandsEnv8Caps_multimodal.pkl
2025-03-21 10:53:38 - eeg_brain_state_prediction.data_pipeline.tools.multimodal - INFO - Successfully saved data
2025-03-21 10:53:38 - eeg_brain_state_prediction.data_pipeline.tools.multimodal - INFO - Loading data for modality: brainstates
2025-03-21 10:53:39 - eeg_brain_state_prediction.data_pipeline.tools.multimodal - INFO - Loading data for modality: eeg
2025-03-21 10:53:45 - eeg_brain_state_prediction.data_pipeline.tools.multimodal - INFO - Saving data to: /data2/Projects/eeg_fmri_natview/chang_data/derivatives/sub-0027/ses-01/multimodal/sub-0027_ses-01_task-MeRest_acq-mr0009_desc-BandsEnv8Caps_multimodal.pkl
2025-03-21 10:53:45 - eeg_brain_state_prediction.data_pipeline.tools.multimodal - INFO - Successfully saved data
2025-03-21 10:53:45 - eeg_brain_state_prediction.data_pipeline.tools.multimodal - INFO - Loading data for modality: brainstates
2025-03-21 10:53:45 - eeg_brain_state_prediction.data_pipeline.tools.multimodal - INFO - Loading data for modality: eeg
2025-03-21 10:53:48 - eeg_brain_state_prediction.data_pipeline.tools.multimodal - INFO - Saving data to: /data2/Projects/eeg_fmri_natview/chang_data/derivatives/sub-0027/ses-01/multimodal/sub-0027_ses-01_task-MeRest_acq-mr0009_desc-BandsEnv8Caps_multimodal.pkl
2025-03-21 10:53:48 - eeg_brain_state_prediction.data_pipeline.tools.multimodal - INFO - Successfully saved data
2025-03-21 10:53:48 - eeg_brain_state_prediction.data_pipeline.tools.multimodal - INFO - Loading data for modality: brainstates
2025-03-21 10:53:48 - eeg_brain_state_prediction.data_pipeline.tools.multimodal - INFO - Loading data for modality: eeg
2025-03-21 10:53:51 - eeg_brain_state_prediction.data_pipeline.tools.multimodal - INFO - Saving data to: /data2/Projects/eeg_fmri_natview/chang_data/derivatives/sub-0027/ses-01/multimodal/sub-0027_ses-01_task-MeRest_acq-mr0009_desc-BandsEnv8Caps_multimodal.pkl
2025-03-21 10:53:51 - eeg_brain_state_prediction.data_pipeline.tools.multimodal - INFO - Successfully saved data
2025-03-21 10:53:51 - eeg_brain_state_prediction.data_pipeline.tools.multimodal - INFO - Loading data for modality: brainstates
2025-03-21 10:53:51 - eeg_brain_state_prediction.data_pipeline.tools.multimodal - INFO - Loading data for modality: eeg
2025-03-21 10:53:54 - eeg_brain_state_prediction.data_pipeline.tools.multimodal - INFO - Saving data to: /data2/Projects/eeg_fmri_natview/chang_data/derivatives/sub-0027/ses-01/multimodal/sub-0027_ses-01_task-MeRest_acq-mr0009_desc-BandsEnv8Caps_multimodal.pkl
2025-03-21 10:53:54 - eeg_brain_state_prediction.data_pipeline.tools.multimodal - INFO - Successfully saved data
2025-03-21 10:53:54 - eeg_brain_state_prediction.data_pipeline.tools.multimodal - INFO - Loading data for modality: brainstates
2025-03-21 10:53:54 - eeg_brain_state_prediction.data_pipeline.tools.multimodal - INFO - Loading data for modality: eeg
2025-03-21 10:53:57 - eeg_brain_state_prediction.data_pipeline.tools.multimodal - INFO - Saving data to: /data2/Projects/eeg_fmri_natview/chang_data/derivatives/sub-0027/ses-01/multimodal/sub-0027_ses-01_task-MeRest_acq-mr0009_desc-BandsEnv8Caps_multimodal.pkl
2025-03-21 10:53:57 - eeg_brain_state_prediction.data_pipeline.tools.multimodal - INFO - Successfully saved data
2025-03-21 10:53:57 - eeg_brain_state_prediction.data_pipeline.tools.multimodal - INFO - Loading data for modality: brainstates
2025-03-21 10:53:57 - eeg_brain_state_prediction.data_pipeline.tools.multimodal - INFO - Loading data for modality: eeg
2025-03-21 10:54:00 - eeg_brain_state_prediction.data_pipeline.tools.multimodal - INFO - Saving data to: /data2/Projects/eeg_fmri_natview/chang_data/derivatives/sub-0027/ses-01/multimodal/sub-0027_ses-01_task-MeRest_acq-mr0009_desc-BandsEnv8Caps_multimodal.pkl
2025-03-21 10:54:00 - eeg_brain_state_prediction.data_pipeline.tools.multimodal - INFO - Successfully saved data
2025-03-21 10:54:00 - eeg_brain_state_prediction.data_pipeline.tools.multimodal - INFO - Loading data for modality: brainstates
2025-03-21 10:54:00 - eeg_brain_state_prediction.data_pipeline.tools.multimodal - INFO - Loading data for modality: eeg
2025-03-21 10:54:06 - eeg_brain_state_prediction.data_pipeline.tools.multimodal - INFO - Saving data to: /data2/Projects/eeg_fmri_natview/chang_data/derivatives/sub-0028/ses-01/multimodal/sub-0028_ses-01_task-MeRest_acq-mr0012_desc-BandsEnv8Caps_multimodal.pkl
2025-03-21 10:54:07 - eeg_brain_state_prediction.data_pipeline.tools.multimodal - INFO - Successfully saved data
2025-03-21 10:54:07 - eeg_brain_state_prediction.data_pipeline.tools.multimodal - INFO - Loading data for modality: brainstates
2025-03-21 10:54:07 - eeg_brain_state_prediction.data_pipeline.tools.multimodal - INFO - Loading data for modality: eeg
2025-03-21 10:54:09 - eeg_brain_state_prediction.data_pipeline.tools.multimodal - INFO - Saving data to: /data2/Projects/eeg_fmri_natview/chang_data/derivatives/sub-0028/ses-01/multimodal/sub-0028_ses-01_task-MeRest_acq-mr0012_desc-BandsEnv8Caps_multimodal.pkl
2025-03-21 10:54:09 - eeg_brain_state_prediction.data_pipeline.tools.multimodal - INFO - Successfully saved data
2025-03-21 10:54:09 - eeg_brain_state_prediction.data_pipeline.tools.multimodal - INFO - Loading data for modality: brainstates
2025-03-21 10:54:09 - eeg_brain_state_prediction.data_pipeline.tools.multimodal - INFO - Loading data for modality: eeg
2025-03-21 10:54:12 - eeg_brain_state_prediction.data_pipeline.tools.multimodal - INFO - Saving data to: /data2/Projects/eeg_fmri_natview/chang_data/derivatives/sub-0028/ses-01/multimodal/sub-0028_ses-01_task-MeRest_acq-mr0012_desc-BandsEnv8Caps_multimodal.pkl
2025-03-21 10:54:12 - eeg_brain_state_prediction.data_pipeline.tools.multimodal - INFO - Successfully saved data
2025-03-21 10:54:12 - eeg_brain_state_prediction.data_pipeline.tools.multimodal - INFO - Loading data for modality: brainstates
2025-03-21 10:54:12 - eeg_brain_state_prediction.data_pipeline.tools.multimodal - INFO - Loading data for modality: eeg
2025-03-21 10:54:15 - eeg_brain_state_prediction.data_pipeline.tools.multimodal - INFO - Saving data to: /data2/Projects/eeg_fmri_natview/chang_data/derivatives/sub-0028/ses-01/multimodal/sub-0028_ses-01_task-MeRest_acq-mr0012_desc-BandsEnv8Caps_multimodal.pkl
2025-03-21 10:54:15 - eeg_brain_state_prediction.data_pipeline.tools.multimodal - INFO - Successfully saved data
2025-03-21 10:54:15 - eeg_brain_state_prediction.data_pipeline.tools.multimodal - INFO - Loading data for modality: brainstates
2025-03-21 10:54:15 - eeg_brain_state_prediction.data_pipeline.tools.multimodal - INFO - Loading data for modality: eeg
2025-03-21 10:54:18 - eeg_brain_state_prediction.data_pipeline.tools.multimodal - INFO - Saving data to: /data2/Projects/eeg_fmri_natview/chang_data/derivatives/sub-0028/ses-01/multimodal/sub-0028_ses-01_task-MeRest_acq-mr0012_desc-BandsEnv8Caps_multimodal.pkl
2025-03-21 10:54:18 - eeg_brain_state_prediction.data_pipeline.tools.multimodal - INFO - Successfully saved data
2025-03-21 10:54:18 - eeg_brain_state_prediction.data_pipeline.tools.multimodal - INFO - Loading data for modality: brainstates
2025-03-21 10:54:18 - eeg_brain_state_prediction.data_pipeline.tools.multimodal - INFO - Loading data for modality: eeg
2025-03-21 10:54:21 - eeg_brain_state_prediction.data_pipeline.tools.multimodal - INFO - Saving data to: /data2/Projects/eeg_fmri_natview/chang_data/derivatives/sub-0028/ses-01/multimodal/sub-0028_ses-01_task-MeRest_acq-mr0012_desc-BandsEnv8Caps_multimodal.pkl
2025-03-21 10:54:21 - eeg_brain_state_prediction.data_pipeline.tools.multimodal - INFO - Successfully saved data
2025-03-21 10:54:21 - eeg_brain_state_prediction.data_pipeline.tools.multimodal - INFO - Loading data for modality: brainstates
2025-03-21 10:54:21 - eeg_brain_state_prediction.data_pipeline.tools.multimodal - INFO - Loading data for modality: eeg
2025-03-21 10:54:28 - eeg_brain_state_prediction.data_pipeline.tools.multimodal - INFO - Saving data to: /data2/Projects/eeg_fmri_natview/chang_data/derivatives/sub-0029/ses-01/multimodal/sub-0029_ses-01_task-MeRest_acq-mr0012_desc-BandsEnv8Caps_multimodal.pkl
2025-03-21 10:54:28 - eeg_brain_state_prediction.data_pipeline.tools.multimodal - INFO - Successfully saved data
2025-03-21 10:54:28 - eeg_brain_state_prediction.data_pipeline.tools.multimodal - INFO - Loading data for modality: brainstates
2025-03-21 10:54:28 - eeg_brain_state_prediction.data_pipeline.tools.multimodal - INFO - Loading data for modality: eeg
2025-03-21 10:54:31 - eeg_brain_state_prediction.data_pipeline.tools.multimodal - INFO - Saving data to: /data2/Projects/eeg_fmri_natview/chang_data/derivatives/sub-0029/ses-01/multimodal/sub-0029_ses-01_task-MeRest_acq-mr0012_desc-BandsEnv8Caps_multimodal.pkl
2025-03-21 10:54:31 - eeg_brain_state_prediction.data_pipeline.tools.multimodal - INFO - Successfully saved data
2025-03-21 10:54:31 - eeg_brain_state_prediction.data_pipeline.tools.multimodal - INFO - Loading data for modality: brainstates
2025-03-21 10:54:31 - eeg_brain_state_prediction.data_pipeline.tools.multimodal - INFO - Loading data for modality: eeg
2025-03-21 10:54:34 - eeg_brain_state_prediction.data_pipeline.tools.multimodal - INFO - Saving data to: /data2/Projects/eeg_fmri_natview/chang_data/derivatives/sub-0029/ses-01/multimodal/sub-0029_ses-01_task-MeRest_acq-mr0012_desc-BandsEnv8Caps_multimodal.pkl
2025-03-21 10:54:34 - eeg_brain_state_prediction.data_pipeline.tools.multimodal - INFO - Successfully saved data
2025-03-21 10:54:34 - eeg_brain_state_prediction.data_pipeline.tools.multimodal - INFO - Loading data for modality: brainstates
2025-03-21 10:54:34 - eeg_brain_state_prediction.data_pipeline.tools.multimodal - INFO - Loading data for modality: eeg
2025-03-21 10:54:37 - eeg_brain_state_prediction.data_pipeline.tools.multimodal - INFO - Saving data to: /data2/Projects/eeg_fmri_natview/chang_data/derivatives/sub-0029/ses-01/multimodal/sub-0029_ses-01_task-MeRest_acq-mr0012_desc-BandsEnv8Caps_multimodal.pkl
2025-03-21 10:54:37 - eeg_brain_state_prediction.data_pipeline.tools.multimodal - INFO - Successfully saved data
2025-03-21 10:54:37 - eeg_brain_state_prediction.data_pipeline.tools.multimodal - INFO - Loading data for modality: brainstates
2025-03-21 10:54:37 - eeg_brain_state_prediction.data_pipeline.tools.multimodal - INFO - Loading data for modality: eeg
2025-03-21 10:54:40 - eeg_brain_state_prediction.data_pipeline.tools.multimodal - INFO - Saving data to: /data2/Projects/eeg_fmri_natview/chang_data/derivatives/sub-0029/ses-01/multimodal/sub-0029_ses-01_task-MeRest_acq-mr0012_desc-BandsEnv8Caps_multimodal.pkl
2025-03-21 10:54:40 - eeg_brain_state_prediction.data_pipeline.tools.multimodal - INFO - Successfully saved data
2025-03-21 10:54:40 - eeg_brain_state_prediction.data_pipeline.tools.multimodal - INFO - Loading data for modality: brainstates
2025-03-21 10:54:40 - eeg_brain_state_prediction.data_pipeline.tools.multimodal - INFO - Loading data for modality: eeg
2025-03-21 10:54:43 - eeg_brain_state_prediction.data_pipeline.tools.multimodal - INFO - Saving data to: /data2/Projects/eeg_fmri_natview/chang_data/derivatives/sub-0029/ses-01/multimodal/sub-0029_ses-01_task-MeRest_acq-mr0012_desc-BandsEnv8Caps_multimodal.pkl
2025-03-21 10:54:43 - eeg_brain_state_prediction.data_pipeline.tools.multimodal - INFO - Successfully saved data
2025-03-21 10:54:43 - eeg_brain_state_prediction.data_pipeline.tools.multimodal - INFO - Loading data for modality: brainstates
2025-03-21 10:54:43 - eeg_brain_state_prediction.data_pipeline.tools.multimodal - INFO - Loading data for modality: eeg
2025-03-21 10:54:50 - eeg_brain_state_prediction.data_pipeline.tools.multimodal - INFO - Saving data to: /data2/Projects/eeg_fmri_natview/chang_data/derivatives/sub-0030/ses-01/multimodal/sub-0030_ses-01_task-MeRest_acq-mr0009_desc-BandsEnv8Caps_multimodal.pkl
2025-03-21 10:54:50 - eeg_brain_state_prediction.data_pipeline.tools.multimodal - INFO - Successfully saved data
2025-03-21 10:54:50 - eeg_brain_state_prediction.data_pipeline.tools.multimodal - INFO - Loading data for modality: brainstates
2025-03-21 10:54:50 - eeg_brain_state_prediction.data_pipeline.tools.multimodal - INFO - Loading data for modality: eeg
2025-03-21 10:54:52 - eeg_brain_state_prediction.data_pipeline.tools.multimodal - INFO - Saving data to: /data2/Projects/eeg_fmri_natview/chang_data/derivatives/sub-0030/ses-01/multimodal/sub-0030_ses-01_task-MeRest_acq-mr0009_desc-BandsEnv8Caps_multimodal.pkl
2025-03-21 10:54:53 - eeg_brain_state_prediction.data_pipeline.tools.multimodal - INFO - Successfully saved data
2025-03-21 10:54:53 - eeg_brain_state_prediction.data_pipeline.tools.multimodal - INFO - Loading data for modality: brainstates
2025-03-21 10:54:53 - eeg_brain_state_prediction.data_pipeline.tools.multimodal - INFO - Loading data for modality: eeg
2025-03-21 10:54:55 - eeg_brain_state_prediction.data_pipeline.tools.multimodal - INFO - Saving data to: /data2/Projects/eeg_fmri_natview/chang_data/derivatives/sub-0030/ses-01/multimodal/sub-0030_ses-01_task-MeRest_acq-mr0009_desc-BandsEnv8Caps_multimodal.pkl
2025-03-21 10:54:55 - eeg_brain_state_prediction.data_pipeline.tools.multimodal - INFO - Successfully saved data
2025-03-21 10:54:55 - eeg_brain_state_prediction.data_pipeline.tools.multimodal - INFO - Loading data for modality: brainstates
2025-03-21 10:54:55 - eeg_brain_state_prediction.data_pipeline.tools.multimodal - INFO - Loading data for modality: eeg
2025-03-21 10:54:58 - eeg_brain_state_prediction.data_pipeline.tools.multimodal - INFO - Saving data to: /data2/Projects/eeg_fmri_natview/chang_data/derivatives/sub-0030/ses-01/multimodal/sub-0030_ses-01_task-MeRest_acq-mr0009_desc-BandsEnv8Caps_multimodal.pkl
2025-03-21 10:54:58 - eeg_brain_state_prediction.data_pipeline.tools.multimodal - INFO - Successfully saved data
2025-03-21 10:54:58 - eeg_brain_state_prediction.data_pipeline.tools.multimodal - INFO - Loading data for modality: brainstates
2025-03-21 10:54:58 - eeg_brain_state_prediction.data_pipeline.tools.multimodal - INFO - Loading data for modality: eeg
2025-03-21 10:55:01 - eeg_brain_state_prediction.data_pipeline.tools.multimodal - INFO - Saving data to: /data2/Projects/eeg_fmri_natview/chang_data/derivatives/sub-0030/ses-01/multimodal/sub-0030_ses-01_task-MeRest_acq-mr0009_desc-BandsEnv8Caps_multimodal.pkl
2025-03-21 10:55:01 - eeg_brain_state_prediction.data_pipeline.tools.multimodal - INFO - Successfully saved data
2025-03-21 10:55:01 - eeg_brain_state_prediction.data_pipeline.tools.multimodal - INFO - Loading data for modality: brainstates
2025-03-21 10:55:01 - eeg_brain_state_prediction.data_pipeline.tools.multimodal - INFO - Loading data for modality: eeg
2025-03-21 10:55:04 - eeg_brain_state_prediction.data_pipeline.tools.multimodal - INFO - Saving data to: /data2/Projects/eeg_fmri_natview/chang_data/derivatives/sub-0030/ses-01/multimodal/sub-0030_ses-01_task-MeRest_acq-mr0009_desc-BandsEnv8Caps_multimodal.pkl
2025-03-21 10:55:04 - eeg_brain_state_prediction.data_pipeline.tools.multimodal - INFO - Successfully saved data
2025-03-21 10:55:04 - eeg_brain_state_prediction.data_pipeline.tools.multimodal - INFO - Loading data for modality: brainstates
2025-03-21 10:55:04 - eeg_brain_state_prediction.data_pipeline.tools.multimodal - INFO - Loading data for modality: eeg
2025-03-21 10:55:11 - eeg_brain_state_prediction.data_pipeline.tools.multimodal - INFO - Saving data to: /data2/Projects/eeg_fmri_natview/chang_data/derivatives/sub-0031/ses-01/multimodal/sub-0031_ses-01_task-MeRest_acq-mr0015_desc-BandsEnv8Caps_multimodal.pkl
2025-03-21 10:55:11 - eeg_brain_state_prediction.data_pipeline.tools.multimodal - INFO - Successfully saved data
2025-03-21 10:55:11 - eeg_brain_state_prediction.data_pipeline.tools.multimodal - INFO - Loading data for modality: brainstates
2025-03-21 10:55:11 - eeg_brain_state_prediction.data_pipeline.tools.multimodal - INFO - Loading data for modality: eeg
2025-03-21 10:55:14 - eeg_brain_state_prediction.data_pipeline.tools.multimodal - INFO - Saving data to: /data2/Projects/eeg_fmri_natview/chang_data/derivatives/sub-0031/ses-01/multimodal/sub-0031_ses-01_task-MeRest_acq-mr0015_desc-BandsEnv8Caps_multimodal.pkl
2025-03-21 10:55:14 - eeg_brain_state_prediction.data_pipeline.tools.multimodal - INFO - Successfully saved data
2025-03-21 10:55:14 - eeg_brain_state_prediction.data_pipeline.tools.multimodal - INFO - Loading data for modality: brainstates
2025-03-21 10:55:14 - eeg_brain_state_prediction.data_pipeline.tools.multimodal - INFO - Loading data for modality: eeg
2025-03-21 10:55:17 - eeg_brain_state_prediction.data_pipeline.tools.multimodal - INFO - Saving data to: /data2/Projects/eeg_fmri_natview/chang_data/derivatives/sub-0031/ses-01/multimodal/sub-0031_ses-01_task-MeRest_acq-mr0015_desc-BandsEnv8Caps_multimodal.pkl
2025-03-21 10:55:17 - eeg_brain_state_prediction.data_pipeline.tools.multimodal - INFO - Successfully saved data
2025-03-21 10:55:17 - eeg_brain_state_prediction.data_pipeline.tools.multimodal - INFO - Loading data for modality: brainstates
2025-03-21 10:55:17 - eeg_brain_state_prediction.data_pipeline.tools.multimodal - INFO - Loading data for modality: eeg
2025-03-21 10:55:20 - eeg_brain_state_prediction.data_pipeline.tools.multimodal - INFO - Saving data to: /data2/Projects/eeg_fmri_natview/chang_data/derivatives/sub-0031/ses-01/multimodal/sub-0031_ses-01_task-MeRest_acq-mr0015_desc-BandsEnv8Caps_multimodal.pkl
2025-03-21 10:55:20 - eeg_brain_state_prediction.data_pipeline.tools.multimodal - INFO - Successfully saved data
2025-03-21 10:55:20 - eeg_brain_state_prediction.data_pipeline.tools.multimodal - INFO - Loading data for modality: brainstates
2025-03-21 10:55:20 - eeg_brain_state_prediction.data_pipeline.tools.multimodal - INFO - Loading data for modality: eeg
2025-03-21 10:55:23 - eeg_brain_state_prediction.data_pipeline.tools.multimodal - INFO - Saving data to: /data2/Projects/eeg_fmri_natview/chang_data/derivatives/sub-0031/ses-01/multimodal/sub-0031_ses-01_task-MeRest_acq-mr0015_desc-BandsEnv8Caps_multimodal.pkl
2025-03-21 10:55:23 - eeg_brain_state_prediction.data_pipeline.tools.multimodal - INFO - Successfully saved data
2025-03-21 10:55:23 - eeg_brain_state_prediction.data_pipeline.tools.multimodal - INFO - Loading data for modality: brainstates
2025-03-21 10:55:23 - eeg_brain_state_prediction.data_pipeline.tools.multimodal - INFO - Loading data for modality: eeg
2025-03-21 10:55:26 - eeg_brain_state_prediction.data_pipeline.tools.multimodal - INFO - Saving data to: /data2/Projects/eeg_fmri_natview/chang_data/derivatives/sub-0031/ses-01/multimodal/sub-0031_ses-01_task-MeRest_acq-mr0015_desc-BandsEnv8Caps_multimodal.pkl
2025-03-21 10:55:26 - eeg_brain_state_prediction.data_pipeline.tools.multimodal - INFO - Successfully saved data
2025-03-21 10:55:26 - eeg_brain_state_prediction.data_pipeline.tools.multimodal - INFO - Loading data for modality: brainstates
2025-03-21 10:55:26 - eeg_brain_state_prediction.data_pipeline.tools.multimodal - INFO - Loading data for modality: eeg
2025-03-21 10:55:32 - eeg_brain_state_prediction.data_pipeline.tools.multimodal - INFO - Saving data to: /data2/Projects/eeg_fmri_natview/chang_data/derivatives/sub-0032/ses-01/multimodal/sub-0032_ses-01_task-MeRest_acq-mr0009_desc-BandsEnv8Caps_multimodal.pkl
2025-03-21 10:55:32 - eeg_brain_state_prediction.data_pipeline.tools.multimodal - INFO - Successfully saved data
2025-03-21 10:55:32 - eeg_brain_state_prediction.data_pipeline.tools.multimodal - INFO - Loading data for modality: brainstates
2025-03-21 10:55:32 - eeg_brain_state_prediction.data_pipeline.tools.multimodal - INFO - Loading data for modality: eeg
2025-03-21 10:55:35 - eeg_brain_state_prediction.data_pipeline.tools.multimodal - INFO - Saving data to: /data2/Projects/eeg_fmri_natview/chang_data/derivatives/sub-0032/ses-01/multimodal/sub-0032_ses-01_task-MeRest_acq-mr0009_desc-BandsEnv8Caps_multimodal.pkl
2025-03-21 10:55:35 - eeg_brain_state_prediction.data_pipeline.tools.multimodal - INFO - Successfully saved data
2025-03-21 10:55:35 - eeg_brain_state_prediction.data_pipeline.tools.multimodal - INFO - Loading data for modality: brainstates
2025-03-21 10:55:35 - eeg_brain_state_prediction.data_pipeline.tools.multimodal - INFO - Loading data for modality: eeg
2025-03-21 10:55:38 - eeg_brain_state_prediction.data_pipeline.tools.multimodal - INFO - Saving data to: /data2/Projects/eeg_fmri_natview/chang_data/derivatives/sub-0032/ses-01/multimodal/sub-0032_ses-01_task-MeRest_acq-mr0009_desc-BandsEnv8Caps_multimodal.pkl
2025-03-21 10:55:38 - eeg_brain_state_prediction.data_pipeline.tools.multimodal - INFO - Successfully saved data
2025-03-21 10:55:38 - eeg_brain_state_prediction.data_pipeline.tools.multimodal - INFO - Loading data for modality: brainstates
2025-03-21 10:55:38 - eeg_brain_state_prediction.data_pipeline.tools.multimodal - INFO - Loading data for modality: eeg
2025-03-21 10:55:41 - eeg_brain_state_prediction.data_pipeline.tools.multimodal - INFO - Saving data to: /data2/Projects/eeg_fmri_natview/chang_data/derivatives/sub-0032/ses-01/multimodal/sub-0032_ses-01_task-MeRest_acq-mr0009_desc-BandsEnv8Caps_multimodal.pkl
2025-03-21 10:55:41 - eeg_brain_state_prediction.data_pipeline.tools.multimodal - INFO - Successfully saved data
2025-03-21 10:55:41 - eeg_brain_state_prediction.data_pipeline.tools.multimodal - INFO - Loading data for modality: brainstates
2025-03-21 10:55:41 - eeg_brain_state_prediction.data_pipeline.tools.multimodal - INFO - Loading data for modality: eeg
2025-03-21 10:55:44 - eeg_brain_state_prediction.data_pipeline.tools.multimodal - INFO - Saving data to: /data2/Projects/eeg_fmri_natview/chang_data/derivatives/sub-0032/ses-01/multimodal/sub-0032_ses-01_task-MeRest_acq-mr0009_desc-BandsEnv8Caps_multimodal.pkl
2025-03-21 10:55:44 - eeg_brain_state_prediction.data_pipeline.tools.multimodal - INFO - Successfully saved data
2025-03-21 10:55:44 - eeg_brain_state_prediction.data_pipeline.tools.multimodal - INFO - Loading data for modality: brainstates
2025-03-21 10:55:44 - eeg_brain_state_prediction.data_pipeline.tools.multimodal - INFO - Loading data for modality: eeg
2025-03-21 10:55:47 - eeg_brain_state_prediction.data_pipeline.tools.multimodal - INFO - Saving data to: /data2/Projects/eeg_fmri_natview/chang_data/derivatives/sub-0032/ses-01/multimodal/sub-0032_ses-01_task-MeRest_acq-mr0009_desc-BandsEnv8Caps_multimodal.pkl
2025-03-21 10:55:47 - eeg_brain_state_prediction.data_pipeline.tools.multimodal - INFO - Successfully saved data
2025-03-21 11:07:25 - eeg_brain_state_prediction.data_pipeline.tools.multimodal - INFO - Loading data for modality: brainstates
2025-03-21 11:07:25 - eeg_brain_state_prediction.data_pipeline.tools.multimodal - INFO - Loading data for modality: eeg
2025-03-21 11:07:28 - eeg_brain_state_prediction.data_pipeline.tools.multimodal - INFO - Saving data to: /data2/Projects/eeg_fmri_natview/chang_data/derivatives/sub-0010/ses-01/multimodal/sub-0010_ses-01_task-MeRest_acq-mr0009_desc-BandsEnv8Caps_multimodal.pkl
2025-03-21 11:07:28 - eeg_brain_state_prediction.data_pipeline.tools.multimodal - INFO - Successfully saved data
2025-03-21 11:07:28 - eeg_brain_state_prediction.data_pipeline.tools.multimodal - INFO - Loading data for modality: brainstates
2025-03-21 11:07:28 - eeg_brain_state_prediction.data_pipeline.tools.multimodal - INFO - Loading data for modality: eeg
2025-03-21 11:07:31 - eeg_brain_state_prediction.data_pipeline.tools.multimodal - INFO - Saving data to: /data2/Projects/eeg_fmri_natview/chang_data/derivatives/sub-0010/ses-01/multimodal/sub-0010_ses-01_task-MeRest_acq-mr0009_desc-BandsEnv8Caps_multimodal.pkl
2025-03-21 11:07:31 - eeg_brain_state_prediction.data_pipeline.tools.multimodal - INFO - Successfully saved data
2025-03-21 11:07:31 - eeg_brain_state_prediction.data_pipeline.tools.multimodal - INFO - Loading data for modality: brainstates
2025-03-21 11:07:31 - eeg_brain_state_prediction.data_pipeline.tools.multimodal - INFO - Loading data for modality: eeg
2025-03-21 11:07:34 - eeg_brain_state_prediction.data_pipeline.tools.multimodal - INFO - Saving data to: /data2/Projects/eeg_fmri_natview/chang_data/derivatives/sub-0010/ses-01/multimodal/sub-0010_ses-01_task-MeRest_acq-mr0015_desc-BandsEnv8Caps_multimodal.pkl
2025-03-21 11:07:34 - eeg_brain_state_prediction.data_pipeline.tools.multimodal - INFO - Successfully saved data
2025-03-21 11:07:34 - eeg_brain_state_prediction.data_pipeline.tools.multimodal - INFO - Loading data for modality: brainstates
2025-03-21 11:07:34 - eeg_brain_state_prediction.data_pipeline.tools.multimodal - INFO - Loading data for modality: eeg
2025-03-21 11:07:37 - eeg_brain_state_prediction.data_pipeline.tools.multimodal - INFO - Saving data to: /data2/Projects/eeg_fmri_natview/chang_data/derivatives/sub-0010/ses-01/multimodal/sub-0010_ses-01_task-MeRest_acq-mr0015_desc-BandsEnv8Caps_multimodal.pkl
2025-03-21 11:07:37 - eeg_brain_state_prediction.data_pipeline.tools.multimodal - INFO - Successfully saved data
2025-03-21 11:07:37 - eeg_brain_state_prediction.data_pipeline.tools.multimodal - INFO - Loading data for modality: brainstates
2025-03-21 11:07:37 - eeg_brain_state_prediction.data_pipeline.tools.multimodal - INFO - Loading data for modality: eeg
2025-03-21 11:07:40 - eeg_brain_state_prediction.data_pipeline.tools.multimodal - INFO - Saving data to: /data2/Projects/eeg_fmri_natview/chang_data/derivatives/sub-0010/ses-01/multimodal/sub-0010_ses-01_task-MeRest_acq-mr0009_desc-BandsEnv8Caps_multimodal.pkl
2025-03-21 11:07:40 - eeg_brain_state_prediction.data_pipeline.tools.multimodal - INFO - Successfully saved data
2025-03-21 11:07:40 - eeg_brain_state_prediction.data_pipeline.tools.multimodal - INFO - Loading data for modality: brainstates
2025-03-21 11:07:40 - eeg_brain_state_prediction.data_pipeline.tools.multimodal - INFO - Loading data for modality: eeg
2025-03-21 11:07:43 - eeg_brain_state_prediction.data_pipeline.tools.multimodal - INFO - Saving data to: /data2/Projects/eeg_fmri_natview/chang_data/derivatives/sub-0010/ses-01/multimodal/sub-0010_ses-01_task-MeRest_acq-mr0009_desc-BandsEnv8Caps_multimodal.pkl
2025-03-21 11:07:43 - eeg_brain_state_prediction.data_pipeline.tools.multimodal - INFO - Successfully saved data
2025-03-21 11:07:43 - eeg_brain_state_prediction.data_pipeline.tools.multimodal - INFO - Loading data for modality: brainstates
2025-03-21 11:07:43 - eeg_brain_state_prediction.data_pipeline.tools.multimodal - INFO - Loading data for modality: eeg
2025-03-21 11:07:46 - eeg_brain_state_prediction.data_pipeline.tools.multimodal - INFO - Saving data to: /data2/Projects/eeg_fmri_natview/chang_data/derivatives/sub-0010/ses-01/multimodal/sub-0010_ses-01_task-MeRest_acq-mr0015_desc-BandsEnv8Caps_multimodal.pkl
2025-03-21 11:07:46 - eeg_brain_state_prediction.data_pipeline.tools.multimodal - INFO - Successfully saved data
2025-03-21 11:07:46 - eeg_brain_state_prediction.data_pipeline.tools.multimodal - INFO - Loading data for modality: brainstates
2025-03-21 11:07:46 - eeg_brain_state_prediction.data_pipeline.tools.multimodal - INFO - Loading data for modality: eeg
2025-03-21 11:07:49 - eeg_brain_state_prediction.data_pipeline.tools.multimodal - INFO - Saving data to: /data2/Projects/eeg_fmri_natview/chang_data/derivatives/sub-0010/ses-01/multimodal/sub-0010_ses-01_task-MeRest_acq-mr0015_desc-BandsEnv8Caps_multimodal.pkl
2025-03-21 11:07:49 - eeg_brain_state_prediction.data_pipeline.tools.multimodal - INFO - Successfully saved data
2025-03-21 11:07:49 - eeg_brain_state_prediction.data_pipeline.tools.multimodal - INFO - Loading data for modality: brainstates
2025-03-21 11:07:49 - eeg_brain_state_prediction.data_pipeline.tools.multimodal - INFO - Loading data for modality: eeg
2025-03-21 11:07:52 - eeg_brain_state_prediction.data_pipeline.tools.multimodal - INFO - Saving data to: /data2/Projects/eeg_fmri_natview/chang_data/derivatives/sub-0010/ses-01/multimodal/sub-0010_ses-01_task-MeRest_acq-mr0009_desc-BandsEnv8Caps_multimodal.pkl
2025-03-21 11:07:52 - eeg_brain_state_prediction.data_pipeline.tools.multimodal - INFO - Successfully saved data
2025-03-21 11:07:52 - eeg_brain_state_prediction.data_pipeline.tools.multimodal - INFO - Loading data for modality: brainstates
2025-03-21 11:07:52 - eeg_brain_state_prediction.data_pipeline.tools.multimodal - INFO - Loading data for modality: eeg
2025-03-21 11:07:55 - eeg_brain_state_prediction.data_pipeline.tools.multimodal - INFO - Saving data to: /data2/Projects/eeg_fmri_natview/chang_data/derivatives/sub-0010/ses-01/multimodal/sub-0010_ses-01_task-MeRest_acq-mr0015_desc-BandsEnv8Caps_multimodal.pkl
2025-03-21 11:07:55 - eeg_brain_state_prediction.data_pipeline.tools.multimodal - INFO - Successfully saved data
2025-03-21 11:07:55 - eeg_brain_state_prediction.data_pipeline.tools.multimodal - INFO - Loading data for modality: brainstates
2025-03-21 11:07:55 - eeg_brain_state_prediction.data_pipeline.tools.multimodal - INFO - Loading data for modality: eeg
2025-03-21 11:07:58 - eeg_brain_state_prediction.data_pipeline.tools.multimodal - INFO - Saving data to: /data2/Projects/eeg_fmri_natview/chang_data/derivatives/sub-0010/ses-01/multimodal/sub-0010_ses-01_task-MeRest_acq-mr0009_desc-BandsEnv8Caps_multimodal.pkl
2025-03-21 11:07:59 - eeg_brain_state_prediction.data_pipeline.tools.multimodal - INFO - Successfully saved data
2025-03-21 11:07:59 - eeg_brain_state_prediction.data_pipeline.tools.multimodal - INFO - Loading data for modality: brainstates
2025-03-21 11:07:59 - eeg_brain_state_prediction.data_pipeline.tools.multimodal - INFO - Loading data for modality: eeg
2025-03-21 11:08:01 - eeg_brain_state_prediction.data_pipeline.tools.multimodal - INFO - Saving data to: /data2/Projects/eeg_fmri_natview/chang_data/derivatives/sub-0010/ses-01/multimodal/sub-0010_ses-01_task-MeRest_acq-mr0015_desc-BandsEnv8Caps_multimodal.pkl
2025-03-21 11:08:02 - eeg_brain_state_prediction.data_pipeline.tools.multimodal - INFO - Successfully saved data
2025-03-21 11:08:02 - eeg_brain_state_prediction.data_pipeline.tools.multimodal - INFO - Loading data for modality: brainstates
2025-03-21 11:08:02 - eeg_brain_state_prediction.data_pipeline.tools.multimodal - INFO - Loading data for modality: eeg
2025-03-21 11:08:04 - eeg_brain_state_prediction.data_pipeline.tools.multimodal - INFO - Saving data to: /data2/Projects/eeg_fmri_natview/chang_data/derivatives/sub-0012/ses-01/multimodal/sub-0012_ses-01_task-MeRest_acq-mr0018_desc-BandsEnv8Caps_multimodal.pkl
2025-03-21 11:08:05 - eeg_brain_state_prediction.data_pipeline.tools.multimodal - INFO - Successfully saved data
2025-03-21 11:08:05 - eeg_brain_state_prediction.data_pipeline.tools.multimodal - INFO - Loading data for modality: brainstates
2025-03-21 11:08:05 - eeg_brain_state_prediction.data_pipeline.tools.multimodal - INFO - Loading data for modality: eeg
2025-03-21 11:08:07 - eeg_brain_state_prediction.data_pipeline.tools.multimodal - INFO - Saving data to: /data2/Projects/eeg_fmri_natview/chang_data/derivatives/sub-0012/ses-01/multimodal/sub-0012_ses-01_task-MeRest_acq-mr0018_desc-BandsEnv8Caps_multimodal.pkl
2025-03-21 11:08:08 - eeg_brain_state_prediction.data_pipeline.tools.multimodal - INFO - Successfully saved data
2025-03-21 11:08:08 - eeg_brain_state_prediction.data_pipeline.tools.multimodal - INFO - Loading data for modality: brainstates
2025-03-21 11:08:08 - eeg_brain_state_prediction.data_pipeline.tools.multimodal - INFO - Loading data for modality: eeg
2025-03-21 11:08:11 - eeg_brain_state_prediction.data_pipeline.tools.multimodal - INFO - Saving data to: /data2/Projects/eeg_fmri_natview/chang_data/derivatives/sub-0012/ses-01/multimodal/sub-0012_ses-01_task-MeRest_acq-mr0012_desc-BandsEnv8Caps_multimodal.pkl
2025-03-21 11:08:11 - eeg_brain_state_prediction.data_pipeline.tools.multimodal - INFO - Successfully saved data
2025-03-21 11:08:11 - eeg_brain_state_prediction.data_pipeline.tools.multimodal - INFO - Loading data for modality: brainstates
2025-03-21 11:08:11 - eeg_brain_state_prediction.data_pipeline.tools.multimodal - INFO - Loading data for modality: eeg
2025-03-21 11:08:14 - eeg_brain_state_prediction.data_pipeline.tools.multimodal - INFO - Saving data to: /data2/Projects/eeg_fmri_natview/chang_data/derivatives/sub-0012/ses-01/multimodal/sub-0012_ses-01_task-MeRest_acq-mr0012_desc-BandsEnv8Caps_multimodal.pkl
2025-03-21 11:08:14 - eeg_brain_state_prediction.data_pipeline.tools.multimodal - INFO - Successfully saved data
2025-03-21 11:08:14 - eeg_brain_state_prediction.data_pipeline.tools.multimodal - INFO - Loading data for modality: brainstates
2025-03-21 11:08:14 - eeg_brain_state_prediction.data_pipeline.tools.multimodal - INFO - Loading data for modality: eeg
2025-03-21 11:08:17 - eeg_brain_state_prediction.data_pipeline.tools.multimodal - INFO - Saving data to: /data2/Projects/eeg_fmri_natview/chang_data/derivatives/sub-0012/ses-01/multimodal/sub-0012_ses-01_task-MeRest_acq-mr0012_desc-BandsEnv8Caps_multimodal.pkl
2025-03-21 11:08:17 - eeg_brain_state_prediction.data_pipeline.tools.multimodal - INFO - Successfully saved data
2025-03-21 11:08:17 - eeg_brain_state_prediction.data_pipeline.tools.multimodal - INFO - Loading data for modality: brainstates
2025-03-21 11:08:17 - eeg_brain_state_prediction.data_pipeline.tools.multimodal - INFO - Loading data for modality: eeg
2025-03-21 11:08:20 - eeg_brain_state_prediction.data_pipeline.tools.multimodal - INFO - Saving data to: /data2/Projects/eeg_fmri_natview/chang_data/derivatives/sub-0012/ses-01/multimodal/sub-0012_ses-01_task-MeRest_acq-mr0018_desc-BandsEnv8Caps_multimodal.pkl
2025-03-21 11:08:20 - eeg_brain_state_prediction.data_pipeline.tools.multimodal - INFO - Successfully saved data
2025-03-21 11:08:20 - eeg_brain_state_prediction.data_pipeline.tools.multimodal - INFO - Loading data for modality: brainstates
2025-03-21 11:08:20 - eeg_brain_state_prediction.data_pipeline.tools.multimodal - INFO - Loading data for modality: eeg
2025-03-21 11:08:23 - eeg_brain_state_prediction.data_pipeline.tools.multimodal - INFO - Saving data to: /data2/Projects/eeg_fmri_natview/chang_data/derivatives/sub-0012/ses-01/multimodal/sub-0012_ses-01_task-MeRest_acq-mr0012_desc-BandsEnv8Caps_multimodal.pkl
2025-03-21 11:08:23 - eeg_brain_state_prediction.data_pipeline.tools.multimodal - INFO - Successfully saved data
2025-03-21 11:08:23 - eeg_brain_state_prediction.data_pipeline.tools.multimodal - INFO - Loading data for modality: brainstates
2025-03-21 11:08:23 - eeg_brain_state_prediction.data_pipeline.tools.multimodal - INFO - Loading data for modality: eeg
2025-03-21 11:08:26 - eeg_brain_state_prediction.data_pipeline.tools.multimodal - INFO - Saving data to: /data2/Projects/eeg_fmri_natview/chang_data/derivatives/sub-0012/ses-01/multimodal/sub-0012_ses-01_task-MeRest_acq-mr0018_desc-BandsEnv8Caps_multimodal.pkl
2025-03-21 11:08:26 - eeg_brain_state_prediction.data_pipeline.tools.multimodal - INFO - Successfully saved data
2025-03-21 11:08:26 - eeg_brain_state_prediction.data_pipeline.tools.multimodal - INFO - Loading data for modality: brainstates
2025-03-21 11:08:26 - eeg_brain_state_prediction.data_pipeline.tools.multimodal - INFO - Loading data for modality: eeg
2025-03-21 11:08:29 - eeg_brain_state_prediction.data_pipeline.tools.multimodal - INFO - Saving data to: /data2/Projects/eeg_fmri_natview/chang_data/derivatives/sub-0012/ses-01/multimodal/sub-0012_ses-01_task-MeRest_acq-mr0018_desc-BandsEnv8Caps_multimodal.pkl
2025-03-21 11:08:29 - eeg_brain_state_prediction.data_pipeline.tools.multimodal - INFO - Successfully saved data
2025-03-21 11:08:29 - eeg_brain_state_prediction.data_pipeline.tools.multimodal - INFO - Loading data for modality: brainstates
2025-03-21 11:08:29 - eeg_brain_state_prediction.data_pipeline.tools.multimodal - INFO - Loading data for modality: eeg
2025-03-21 11:08:32 - eeg_brain_state_prediction.data_pipeline.tools.multimodal - INFO - Saving data to: /data2/Projects/eeg_fmri_natview/chang_data/derivatives/sub-0012/ses-01/multimodal/sub-0012_ses-01_task-MeRest_acq-mr0012_desc-BandsEnv8Caps_multimodal.pkl
2025-03-21 11:08:32 - eeg_brain_state_prediction.data_pipeline.tools.multimodal - INFO - Successfully saved data
2025-03-21 11:08:32 - eeg_brain_state_prediction.data_pipeline.tools.multimodal - INFO - Loading data for modality: brainstates
2025-03-21 11:08:32 - eeg_brain_state_prediction.data_pipeline.tools.multimodal - INFO - Loading data for modality: eeg
2025-03-21 11:08:35 - eeg_brain_state_prediction.data_pipeline.tools.multimodal - INFO - Saving data to: /data2/Projects/eeg_fmri_natview/chang_data/derivatives/sub-0012/ses-01/multimodal/sub-0012_ses-01_task-MeRest_acq-mr0018_desc-BandsEnv8Caps_multimodal.pkl
2025-03-21 11:08:35 - eeg_brain_state_prediction.data_pipeline.tools.multimodal - INFO - Successfully saved data
2025-03-21 11:08:35 - eeg_brain_state_prediction.data_pipeline.tools.multimodal - INFO - Loading data for modality: brainstates
2025-03-21 11:08:35 - eeg_brain_state_prediction.data_pipeline.tools.multimodal - INFO - Loading data for modality: eeg
2025-03-21 11:08:38 - eeg_brain_state_prediction.data_pipeline.tools.multimodal - INFO - Saving data to: /data2/Projects/eeg_fmri_natview/chang_data/derivatives/sub-0012/ses-01/multimodal/sub-0012_ses-01_task-MeRest_acq-mr0012_desc-BandsEnv8Caps_multimodal.pkl
2025-03-21 11:08:38 - eeg_brain_state_prediction.data_pipeline.tools.multimodal - INFO - Successfully saved data
2025-03-21 11:08:38 - eeg_brain_state_prediction.data_pipeline.tools.multimodal - INFO - Loading data for modality: brainstates
2025-03-21 11:08:38 - eeg_brain_state_prediction.data_pipeline.tools.multimodal - INFO - Loading data for modality: eeg
2025-03-21 11:08:41 - eeg_brain_state_prediction.data_pipeline.tools.multimodal - INFO - Saving data to: /data2/Projects/eeg_fmri_natview/chang_data/derivatives/sub-0014/ses-01/multimodal/sub-0014_ses-01_task-MeRest_acq-mr0018_desc-BandsEnv8Caps_multimodal.pkl
2025-03-21 11:08:41 - eeg_brain_state_prediction.data_pipeline.tools.multimodal - INFO - Successfully saved data
2025-03-21 11:08:41 - eeg_brain_state_prediction.data_pipeline.tools.multimodal - INFO - Loading data for modality: brainstates
2025-03-21 11:08:41 - eeg_brain_state_prediction.data_pipeline.tools.multimodal - INFO - Loading data for modality: eeg
2025-03-21 11:08:44 - eeg_brain_state_prediction.data_pipeline.tools.multimodal - INFO - Saving data to: /data2/Projects/eeg_fmri_natview/chang_data/derivatives/sub-0014/ses-01/multimodal/sub-0014_ses-01_task-MeRest_acq-mr0018_desc-BandsEnv8Caps_multimodal.pkl
2025-03-21 11:08:44 - eeg_brain_state_prediction.data_pipeline.tools.multimodal - INFO - Successfully saved data
2025-03-21 11:08:44 - eeg_brain_state_prediction.data_pipeline.tools.multimodal - INFO - Loading data for modality: brainstates
2025-03-21 11:08:44 - eeg_brain_state_prediction.data_pipeline.tools.multimodal - INFO - Loading data for modality: eeg
2025-03-21 11:08:47 - eeg_brain_state_prediction.data_pipeline.tools.multimodal - INFO - Saving data to: /data2/Projects/eeg_fmri_natview/chang_data/derivatives/sub-0014/ses-01/multimodal/sub-0014_ses-01_task-MeRest_acq-mr0012_desc-BandsEnv8Caps_multimodal.pkl
2025-03-21 11:08:47 - eeg_brain_state_prediction.data_pipeline.tools.multimodal - INFO - Successfully saved data
2025-03-21 11:08:47 - eeg_brain_state_prediction.data_pipeline.tools.multimodal - INFO - Loading data for modality: brainstates
2025-03-21 11:08:47 - eeg_brain_state_prediction.data_pipeline.tools.multimodal - INFO - Loading data for modality: eeg
2025-03-21 11:08:50 - eeg_brain_state_prediction.data_pipeline.tools.multimodal - INFO - Saving data to: /data2/Projects/eeg_fmri_natview/chang_data/derivatives/sub-0014/ses-01/multimodal/sub-0014_ses-01_task-MeRest_acq-mr0012_desc-BandsEnv8Caps_multimodal.pkl
2025-03-21 11:08:50 - eeg_brain_state_prediction.data_pipeline.tools.multimodal - INFO - Successfully saved data
2025-03-21 11:08:50 - eeg_brain_state_prediction.data_pipeline.tools.multimodal - INFO - Loading data for modality: brainstates
2025-03-21 11:08:50 - eeg_brain_state_prediction.data_pipeline.tools.multimodal - INFO - Loading data for modality: eeg
2025-03-21 11:08:52 - eeg_brain_state_prediction.data_pipeline.tools.multimodal - INFO - Saving data to: /data2/Projects/eeg_fmri_natview/chang_data/derivatives/sub-0014/ses-01/multimodal/sub-0014_ses-01_task-MeRest_acq-mr0012_desc-BandsEnv8Caps_multimodal.pkl
2025-03-21 11:08:53 - eeg_brain_state_prediction.data_pipeline.tools.multimodal - INFO - Successfully saved data
2025-03-21 11:08:53 - eeg_brain_state_prediction.data_pipeline.tools.multimodal - INFO - Loading data for modality: brainstates
2025-03-21 11:08:53 - eeg_brain_state_prediction.data_pipeline.tools.multimodal - INFO - Loading data for modality: eeg
2025-03-21 11:08:55 - eeg_brain_state_prediction.data_pipeline.tools.multimodal - INFO - Saving data to: /data2/Projects/eeg_fmri_natview/chang_data/derivatives/sub-0014/ses-01/multimodal/sub-0014_ses-01_task-MeRest_acq-mr0018_desc-BandsEnv8Caps_multimodal.pkl
2025-03-21 11:08:55 - eeg_brain_state_prediction.data_pipeline.tools.multimodal - INFO - Successfully saved data
2025-03-21 11:08:55 - eeg_brain_state_prediction.data_pipeline.tools.multimodal - INFO - Loading data for modality: brainstates
2025-03-21 11:08:55 - eeg_brain_state_prediction.data_pipeline.tools.multimodal - INFO - Loading data for modality: eeg
2025-03-21 11:08:58 - eeg_brain_state_prediction.data_pipeline.tools.multimodal - INFO - Saving data to: /data2/Projects/eeg_fmri_natview/chang_data/derivatives/sub-0014/ses-01/multimodal/sub-0014_ses-01_task-MeRest_acq-mr0012_desc-BandsEnv8Caps_multimodal.pkl
2025-03-21 11:08:58 - eeg_brain_state_prediction.data_pipeline.tools.multimodal - INFO - Successfully saved data
2025-03-21 11:08:58 - eeg_brain_state_prediction.data_pipeline.tools.multimodal - INFO - Loading data for modality: brainstates
2025-03-21 11:08:58 - eeg_brain_state_prediction.data_pipeline.tools.multimodal - INFO - Loading data for modality: eeg
2025-03-21 11:09:01 - eeg_brain_state_prediction.data_pipeline.tools.multimodal - INFO - Saving data to: /data2/Projects/eeg_fmri_natview/chang_data/derivatives/sub-0014/ses-01/multimodal/sub-0014_ses-01_task-MeRest_acq-mr0018_desc-BandsEnv8Caps_multimodal.pkl
2025-03-21 11:09:01 - eeg_brain_state_prediction.data_pipeline.tools.multimodal - INFO - Successfully saved data
2025-03-21 11:09:01 - eeg_brain_state_prediction.data_pipeline.tools.multimodal - INFO - Loading data for modality: brainstates
2025-03-21 11:09:01 - eeg_brain_state_prediction.data_pipeline.tools.multimodal - INFO - Loading data for modality: eeg
2025-03-21 11:09:04 - eeg_brain_state_prediction.data_pipeline.tools.multimodal - INFO - Saving data to: /data2/Projects/eeg_fmri_natview/chang_data/derivatives/sub-0014/ses-01/multimodal/sub-0014_ses-01_task-MeRest_acq-mr0018_desc-BandsEnv8Caps_multimodal.pkl
2025-03-21 11:09:04 - eeg_brain_state_prediction.data_pipeline.tools.multimodal - INFO - Successfully saved data
2025-03-21 11:09:04 - eeg_brain_state_prediction.data_pipeline.tools.multimodal - INFO - Loading data for modality: brainstates
2025-03-21 11:09:04 - eeg_brain_state_prediction.data_pipeline.tools.multimodal - INFO - Loading data for modality: eeg
2025-03-21 11:09:06 - eeg_brain_state_prediction.data_pipeline.tools.multimodal - INFO - Saving data to: /data2/Projects/eeg_fmri_natview/chang_data/derivatives/sub-0014/ses-01/multimodal/sub-0014_ses-01_task-MeRest_acq-mr0012_desc-BandsEnv8Caps_multimodal.pkl
2025-03-21 11:09:06 - eeg_brain_state_prediction.data_pipeline.tools.multimodal - INFO - Successfully saved data
2025-03-21 11:09:06 - eeg_brain_state_prediction.data_pipeline.tools.multimodal - INFO - Loading data for modality: brainstates
2025-03-21 11:09:06 - eeg_brain_state_prediction.data_pipeline.tools.multimodal - INFO - Loading data for modality: eeg
2025-03-21 11:09:09 - eeg_brain_state_prediction.data_pipeline.tools.multimodal - INFO - Saving data to: /data2/Projects/eeg_fmri_natview/chang_data/derivatives/sub-0014/ses-01/multimodal/sub-0014_ses-01_task-MeRest_acq-mr0018_desc-BandsEnv8Caps_multimodal.pkl
2025-03-21 11:09:09 - eeg_brain_state_prediction.data_pipeline.tools.multimodal - INFO - Successfully saved data
2025-03-21 11:09:09 - eeg_brain_state_prediction.data_pipeline.tools.multimodal - INFO - Loading data for modality: brainstates
2025-03-21 11:09:09 - eeg_brain_state_prediction.data_pipeline.tools.multimodal - INFO - Loading data for modality: eeg
2025-03-21 11:09:12 - eeg_brain_state_prediction.data_pipeline.tools.multimodal - INFO - Saving data to: /data2/Projects/eeg_fmri_natview/chang_data/derivatives/sub-0014/ses-01/multimodal/sub-0014_ses-01_task-MeRest_acq-mr0012_desc-BandsEnv8Caps_multimodal.pkl
2025-03-21 11:09:12 - eeg_brain_state_prediction.data_pipeline.tools.multimodal - INFO - Successfully saved data
2025-03-21 11:09:12 - eeg_brain_state_prediction.data_pipeline.tools.multimodal - INFO - Loading data for modality: brainstates
2025-03-21 11:09:12 - eeg_brain_state_prediction.data_pipeline.tools.multimodal - INFO - Loading data for modality: eeg
2025-03-21 11:09:15 - eeg_brain_state_prediction.data_pipeline.tools.multimodal - INFO - Saving data to: /data2/Projects/eeg_fmri_natview/chang_data/derivatives/sub-0016/ses-01/multimodal/sub-0016_ses-01_task-MeRest_acq-mr0006_desc-BandsEnv8Caps_multimodal.pkl
2025-03-21 11:09:15 - eeg_brain_state_prediction.data_pipeline.tools.multimodal - INFO - Successfully saved data
2025-03-21 11:09:15 - eeg_brain_state_prediction.data_pipeline.tools.multimodal - INFO - Loading data for modality: brainstates
2025-03-21 11:09:15 - eeg_brain_state_prediction.data_pipeline.tools.multimodal - INFO - Loading data for modality: eeg
2025-03-21 11:09:18 - eeg_brain_state_prediction.data_pipeline.tools.multimodal - INFO - Saving data to: /data2/Projects/eeg_fmri_natview/chang_data/derivatives/sub-0016/ses-01/multimodal/sub-0016_ses-01_task-MeRest_acq-mr0006_desc-BandsEnv8Caps_multimodal.pkl
2025-03-21 11:09:18 - eeg_brain_state_prediction.data_pipeline.tools.multimodal - INFO - Successfully saved data
2025-03-21 11:09:18 - eeg_brain_state_prediction.data_pipeline.tools.multimodal - INFO - Loading data for modality: brainstates
2025-03-21 11:09:18 - eeg_brain_state_prediction.data_pipeline.tools.multimodal - INFO - Loading data for modality: eeg
2025-03-21 11:09:20 - eeg_brain_state_prediction.data_pipeline.tools.multimodal - INFO - Saving data to: /data2/Projects/eeg_fmri_natview/chang_data/derivatives/sub-0016/ses-01/multimodal/sub-0016_ses-01_task-MeRest_acq-mr0015_desc-BandsEnv8Caps_multimodal.pkl
2025-03-21 11:09:20 - eeg_brain_state_prediction.data_pipeline.tools.multimodal - INFO - Successfully saved data
2025-03-21 11:09:20 - eeg_brain_state_prediction.data_pipeline.tools.multimodal - INFO - Loading data for modality: brainstates
2025-03-21 11:09:20 - eeg_brain_state_prediction.data_pipeline.tools.multimodal - INFO - Loading data for modality: eeg
2025-03-21 11:09:23 - eeg_brain_state_prediction.data_pipeline.tools.multimodal - INFO - Saving data to: /data2/Projects/eeg_fmri_natview/chang_data/derivatives/sub-0016/ses-01/multimodal/sub-0016_ses-01_task-MeRest_acq-mr0015_desc-BandsEnv8Caps_multimodal.pkl
2025-03-21 11:09:23 - eeg_brain_state_prediction.data_pipeline.tools.multimodal - INFO - Successfully saved data
2025-03-21 11:09:23 - eeg_brain_state_prediction.data_pipeline.tools.multimodal - INFO - Loading data for modality: brainstates
2025-03-21 11:09:23 - eeg_brain_state_prediction.data_pipeline.tools.multimodal - INFO - Loading data for modality: eeg
2025-03-21 11:09:26 - eeg_brain_state_prediction.data_pipeline.tools.multimodal - INFO - Saving data to: /data2/Projects/eeg_fmri_natview/chang_data/derivatives/sub-0016/ses-01/multimodal/sub-0016_ses-01_task-MeRest_acq-mr0015_desc-BandsEnv8Caps_multimodal.pkl
2025-03-21 11:09:26 - eeg_brain_state_prediction.data_pipeline.tools.multimodal - INFO - Successfully saved data
2025-03-21 11:09:26 - eeg_brain_state_prediction.data_pipeline.tools.multimodal - INFO - Loading data for modality: brainstates
2025-03-21 11:09:26 - eeg_brain_state_prediction.data_pipeline.tools.multimodal - INFO - Loading data for modality: eeg
2025-03-21 11:09:29 - eeg_brain_state_prediction.data_pipeline.tools.multimodal - INFO - Saving data to: /data2/Projects/eeg_fmri_natview/chang_data/derivatives/sub-0016/ses-01/multimodal/sub-0016_ses-01_task-MeRest_acq-mr0006_desc-BandsEnv8Caps_multimodal.pkl
2025-03-21 11:09:29 - eeg_brain_state_prediction.data_pipeline.tools.multimodal - INFO - Successfully saved data
2025-03-21 11:09:29 - eeg_brain_state_prediction.data_pipeline.tools.multimodal - INFO - Loading data for modality: brainstates
2025-03-21 11:09:29 - eeg_brain_state_prediction.data_pipeline.tools.multimodal - INFO - Loading data for modality: eeg
2025-03-21 11:09:31 - eeg_brain_state_prediction.data_pipeline.tools.multimodal - INFO - Saving data to: /data2/Projects/eeg_fmri_natview/chang_data/derivatives/sub-0016/ses-01/multimodal/sub-0016_ses-01_task-MeRest_acq-mr0015_desc-BandsEnv8Caps_multimodal.pkl
2025-03-21 11:09:32 - eeg_brain_state_prediction.data_pipeline.tools.multimodal - INFO - Successfully saved data
2025-03-21 11:09:32 - eeg_brain_state_prediction.data_pipeline.tools.multimodal - INFO - Loading data for modality: brainstates
2025-03-21 11:09:32 - eeg_brain_state_prediction.data_pipeline.tools.multimodal - INFO - Loading data for modality: eeg
2025-03-21 11:09:34 - eeg_brain_state_prediction.data_pipeline.tools.multimodal - INFO - Saving data to: /data2/Projects/eeg_fmri_natview/chang_data/derivatives/sub-0016/ses-01/multimodal/sub-0016_ses-01_task-MeRest_acq-mr0006_desc-BandsEnv8Caps_multimodal.pkl
2025-03-21 11:09:34 - eeg_brain_state_prediction.data_pipeline.tools.multimodal - INFO - Successfully saved data
2025-03-21 11:09:34 - eeg_brain_state_prediction.data_pipeline.tools.multimodal - INFO - Loading data for modality: brainstates
2025-03-21 11:09:34 - eeg_brain_state_prediction.data_pipeline.tools.multimodal - INFO - Loading data for modality: eeg
2025-03-21 11:09:37 - eeg_brain_state_prediction.data_pipeline.tools.multimodal - INFO - Saving data to: /data2/Projects/eeg_fmri_natview/chang_data/derivatives/sub-0016/ses-01/multimodal/sub-0016_ses-01_task-MeRest_acq-mr0006_desc-BandsEnv8Caps_multimodal.pkl
2025-03-21 11:09:37 - eeg_brain_state_prediction.data_pipeline.tools.multimodal - INFO - Successfully saved data
2025-03-21 11:09:37 - eeg_brain_state_prediction.data_pipeline.tools.multimodal - INFO - Loading data for modality: brainstates
2025-03-21 11:09:37 - eeg_brain_state_prediction.data_pipeline.tools.multimodal - INFO - Loading data for modality: eeg
2025-03-21 11:09:40 - eeg_brain_state_prediction.data_pipeline.tools.multimodal - INFO - Saving data to: /data2/Projects/eeg_fmri_natview/chang_data/derivatives/sub-0016/ses-01/multimodal/sub-0016_ses-01_task-MeRest_acq-mr0015_desc-BandsEnv8Caps_multimodal.pkl
2025-03-21 11:09:40 - eeg_brain_state_prediction.data_pipeline.tools.multimodal - INFO - Successfully saved data
2025-03-21 11:09:40 - eeg_brain_state_prediction.data_pipeline.tools.multimodal - INFO - Loading data for modality: brainstates
2025-03-21 11:09:40 - eeg_brain_state_prediction.data_pipeline.tools.multimodal - INFO - Loading data for modality: eeg
2025-03-21 11:09:43 - eeg_brain_state_prediction.data_pipeline.tools.multimodal - INFO - Saving data to: /data2/Projects/eeg_fmri_natview/chang_data/derivatives/sub-0016/ses-01/multimodal/sub-0016_ses-01_task-MeRest_acq-mr0006_desc-BandsEnv8Caps_multimodal.pkl
2025-03-21 11:09:43 - eeg_brain_state_prediction.data_pipeline.tools.multimodal - INFO - Successfully saved data
2025-03-21 11:09:43 - eeg_brain_state_prediction.data_pipeline.tools.multimodal - INFO - Loading data for modality: brainstates
2025-03-21 11:09:43 - eeg_brain_state_prediction.data_pipeline.tools.multimodal - INFO - Loading data for modality: eeg
2025-03-21 11:09:45 - eeg_brain_state_prediction.data_pipeline.tools.multimodal - INFO - Saving data to: /data2/Projects/eeg_fmri_natview/chang_data/derivatives/sub-0016/ses-01/multimodal/sub-0016_ses-01_task-MeRest_acq-mr0015_desc-BandsEnv8Caps_multimodal.pkl
2025-03-21 11:09:46 - eeg_brain_state_prediction.data_pipeline.tools.multimodal - INFO - Successfully saved data
2025-03-21 11:09:46 - eeg_brain_state_prediction.data_pipeline.tools.multimodal - INFO - Loading data for modality: brainstates
2025-03-21 11:09:46 - eeg_brain_state_prediction.data_pipeline.tools.multimodal - INFO - Loading data for modality: eeg
2025-03-21 11:09:48 - eeg_brain_state_prediction.data_pipeline.tools.multimodal - INFO - Saving data to: /data2/Projects/eeg_fmri_natview/chang_data/derivatives/sub-0021/ses-01/multimodal/sub-0021_ses-01_task-MeRest_acq-mr0012_desc-BandsEnv8Caps_multimodal.pkl
2025-03-21 11:09:48 - eeg_brain_state_prediction.data_pipeline.tools.multimodal - INFO - Successfully saved data
2025-03-21 11:09:48 - eeg_brain_state_prediction.data_pipeline.tools.multimodal - INFO - Loading data for modality: brainstates
2025-03-21 11:09:48 - eeg_brain_state_prediction.data_pipeline.tools.multimodal - INFO - Loading data for modality: eeg
2025-03-21 11:09:51 - eeg_brain_state_prediction.data_pipeline.tools.multimodal - INFO - Saving data to: /data2/Projects/eeg_fmri_natview/chang_data/derivatives/sub-0021/ses-01/multimodal/sub-0021_ses-01_task-MeRest_acq-mr0012_desc-BandsEnv8Caps_multimodal.pkl
2025-03-21 11:09:51 - eeg_brain_state_prediction.data_pipeline.tools.multimodal - INFO - Successfully saved data
2025-03-21 11:09:51 - eeg_brain_state_prediction.data_pipeline.tools.multimodal - INFO - Loading data for modality: brainstates
2025-03-21 11:09:51 - eeg_brain_state_prediction.data_pipeline.tools.multimodal - INFO - Loading data for modality: eeg
2025-03-21 11:09:54 - eeg_brain_state_prediction.data_pipeline.tools.multimodal - INFO - Saving data to: /data2/Projects/eeg_fmri_natview/chang_data/derivatives/sub-0021/ses-01/multimodal/sub-0021_ses-01_task-MeRest_acq-mr0012_desc-BandsEnv8Caps_multimodal.pkl
2025-03-21 11:09:54 - eeg_brain_state_prediction.data_pipeline.tools.multimodal - INFO - Successfully saved data
2025-03-21 11:09:54 - eeg_brain_state_prediction.data_pipeline.tools.multimodal - INFO - Loading data for modality: brainstates
2025-03-21 11:09:54 - eeg_brain_state_prediction.data_pipeline.tools.multimodal - INFO - Loading data for modality: eeg
2025-03-21 11:09:57 - eeg_brain_state_prediction.data_pipeline.tools.multimodal - INFO - Saving data to: /data2/Projects/eeg_fmri_natview/chang_data/derivatives/sub-0021/ses-01/multimodal/sub-0021_ses-01_task-MeRest_acq-mr0012_desc-BandsEnv8Caps_multimodal.pkl
2025-03-21 11:09:57 - eeg_brain_state_prediction.data_pipeline.tools.multimodal - INFO - Successfully saved data
2025-03-21 11:09:57 - eeg_brain_state_prediction.data_pipeline.tools.multimodal - INFO - Loading data for modality: brainstates
2025-03-21 11:09:57 - eeg_brain_state_prediction.data_pipeline.tools.multimodal - INFO - Loading data for modality: eeg
2025-03-21 11:09:59 - eeg_brain_state_prediction.data_pipeline.tools.multimodal - INFO - Saving data to: /data2/Projects/eeg_fmri_natview/chang_data/derivatives/sub-0021/ses-01/multimodal/sub-0021_ses-01_task-MeRest_acq-mr0012_desc-BandsEnv8Caps_multimodal.pkl
2025-03-21 11:09:59 - eeg_brain_state_prediction.data_pipeline.tools.multimodal - INFO - Successfully saved data
2025-03-21 11:09:59 - eeg_brain_state_prediction.data_pipeline.tools.multimodal - INFO - Loading data for modality: brainstates
2025-03-21 11:09:59 - eeg_brain_state_prediction.data_pipeline.tools.multimodal - INFO - Loading data for modality: eeg
2025-03-21 11:10:02 - eeg_brain_state_prediction.data_pipeline.tools.multimodal - INFO - Saving data to: /data2/Projects/eeg_fmri_natview/chang_data/derivatives/sub-0021/ses-01/multimodal/sub-0021_ses-01_task-MeRest_acq-mr0012_desc-BandsEnv8Caps_multimodal.pkl
2025-03-21 11:10:02 - eeg_brain_state_prediction.data_pipeline.tools.multimodal - INFO - Successfully saved data
2025-03-21 11:10:02 - eeg_brain_state_prediction.data_pipeline.tools.multimodal - INFO - Loading data for modality: brainstates
2025-03-21 11:10:02 - eeg_brain_state_prediction.data_pipeline.tools.multimodal - INFO - Loading data for modality: eeg
2025-03-21 11:10:05 - eeg_brain_state_prediction.data_pipeline.tools.multimodal - INFO - Saving data to: /data2/Projects/eeg_fmri_natview/chang_data/derivatives/sub-0027/ses-01/multimodal/sub-0027_ses-01_task-MeRest_acq-mr0009_desc-BandsEnv8Caps_multimodal.pkl
2025-03-21 11:10:05 - eeg_brain_state_prediction.data_pipeline.tools.multimodal - INFO - Successfully saved data
2025-03-21 11:10:05 - eeg_brain_state_prediction.data_pipeline.tools.multimodal - INFO - Loading data for modality: brainstates
2025-03-21 11:10:05 - eeg_brain_state_prediction.data_pipeline.tools.multimodal - INFO - Loading data for modality: eeg
2025-03-21 11:10:08 - eeg_brain_state_prediction.data_pipeline.tools.multimodal - INFO - Saving data to: /data2/Projects/eeg_fmri_natview/chang_data/derivatives/sub-0027/ses-01/multimodal/sub-0027_ses-01_task-MeRest_acq-mr0009_desc-BandsEnv8Caps_multimodal.pkl
2025-03-21 11:10:08 - eeg_brain_state_prediction.data_pipeline.tools.multimodal - INFO - Successfully saved data
2025-03-21 11:10:08 - eeg_brain_state_prediction.data_pipeline.tools.multimodal - INFO - Loading data for modality: brainstates
2025-03-21 11:10:08 - eeg_brain_state_prediction.data_pipeline.tools.multimodal - INFO - Loading data for modality: eeg
2025-03-21 11:10:11 - eeg_brain_state_prediction.data_pipeline.tools.multimodal - INFO - Saving data to: /data2/Projects/eeg_fmri_natview/chang_data/derivatives/sub-0027/ses-01/multimodal/sub-0027_ses-01_task-MeRest_acq-mr0009_desc-BandsEnv8Caps_multimodal.pkl
2025-03-21 11:10:11 - eeg_brain_state_prediction.data_pipeline.tools.multimodal - INFO - Successfully saved data
2025-03-21 11:10:11 - eeg_brain_state_prediction.data_pipeline.tools.multimodal - INFO - Loading data for modality: brainstates
2025-03-21 11:10:11 - eeg_brain_state_prediction.data_pipeline.tools.multimodal - INFO - Loading data for modality: eeg
2025-03-21 11:10:13 - eeg_brain_state_prediction.data_pipeline.tools.multimodal - INFO - Saving data to: /data2/Projects/eeg_fmri_natview/chang_data/derivatives/sub-0027/ses-01/multimodal/sub-0027_ses-01_task-MeRest_acq-mr0009_desc-BandsEnv8Caps_multimodal.pkl
2025-03-21 11:10:13 - eeg_brain_state_prediction.data_pipeline.tools.multimodal - INFO - Successfully saved data
2025-03-21 11:10:13 - eeg_brain_state_prediction.data_pipeline.tools.multimodal - INFO - Loading data for modality: brainstates
2025-03-21 11:10:13 - eeg_brain_state_prediction.data_pipeline.tools.multimodal - INFO - Loading data for modality: eeg
2025-03-21 11:10:16 - eeg_brain_state_prediction.data_pipeline.tools.multimodal - INFO - Saving data to: /data2/Projects/eeg_fmri_natview/chang_data/derivatives/sub-0027/ses-01/multimodal/sub-0027_ses-01_task-MeRest_acq-mr0009_desc-BandsEnv8Caps_multimodal.pkl
2025-03-21 11:10:16 - eeg_brain_state_prediction.data_pipeline.tools.multimodal - INFO - Successfully saved data
2025-03-21 11:10:16 - eeg_brain_state_prediction.data_pipeline.tools.multimodal - INFO - Loading data for modality: brainstates
2025-03-21 11:10:16 - eeg_brain_state_prediction.data_pipeline.tools.multimodal - INFO - Loading data for modality: eeg
2025-03-21 11:10:19 - eeg_brain_state_prediction.data_pipeline.tools.multimodal - INFO - Saving data to: /data2/Projects/eeg_fmri_natview/chang_data/derivatives/sub-0027/ses-01/multimodal/sub-0027_ses-01_task-MeRest_acq-mr0009_desc-BandsEnv8Caps_multimodal.pkl
2025-03-21 11:10:19 - eeg_brain_state_prediction.data_pipeline.tools.multimodal - INFO - Successfully saved data
2025-03-21 11:10:19 - eeg_brain_state_prediction.data_pipeline.tools.multimodal - INFO - Loading data for modality: brainstates
2025-03-21 11:10:19 - eeg_brain_state_prediction.data_pipeline.tools.multimodal - INFO - Loading data for modality: eeg
2025-03-21 11:10:22 - eeg_brain_state_prediction.data_pipeline.tools.multimodal - INFO - Saving data to: /data2/Projects/eeg_fmri_natview/chang_data/derivatives/sub-0028/ses-01/multimodal/sub-0028_ses-01_task-MeRest_acq-mr0012_desc-BandsEnv8Caps_multimodal.pkl
2025-03-21 11:10:22 - eeg_brain_state_prediction.data_pipeline.tools.multimodal - INFO - Successfully saved data
2025-03-21 11:10:22 - eeg_brain_state_prediction.data_pipeline.tools.multimodal - INFO - Loading data for modality: brainstates
2025-03-21 11:10:22 - eeg_brain_state_prediction.data_pipeline.tools.multimodal - INFO - Loading data for modality: eeg
2025-03-21 11:10:24 - eeg_brain_state_prediction.data_pipeline.tools.multimodal - INFO - Saving data to: /data2/Projects/eeg_fmri_natview/chang_data/derivatives/sub-0028/ses-01/multimodal/sub-0028_ses-01_task-MeRest_acq-mr0012_desc-BandsEnv8Caps_multimodal.pkl
2025-03-21 11:10:25 - eeg_brain_state_prediction.data_pipeline.tools.multimodal - INFO - Successfully saved data
2025-03-21 11:10:25 - eeg_brain_state_prediction.data_pipeline.tools.multimodal - INFO - Loading data for modality: brainstates
2025-03-21 11:10:25 - eeg_brain_state_prediction.data_pipeline.tools.multimodal - INFO - Loading data for modality: eeg
2025-03-21 11:10:27 - eeg_brain_state_prediction.data_pipeline.tools.multimodal - INFO - Saving data to: /data2/Projects/eeg_fmri_natview/chang_data/derivatives/sub-0028/ses-01/multimodal/sub-0028_ses-01_task-MeRest_acq-mr0012_desc-BandsEnv8Caps_multimodal.pkl
2025-03-21 11:10:27 - eeg_brain_state_prediction.data_pipeline.tools.multimodal - INFO - Successfully saved data
2025-03-21 11:10:27 - eeg_brain_state_prediction.data_pipeline.tools.multimodal - INFO - Loading data for modality: brainstates
2025-03-21 11:10:27 - eeg_brain_state_prediction.data_pipeline.tools.multimodal - INFO - Loading data for modality: eeg
2025-03-21 11:10:30 - eeg_brain_state_prediction.data_pipeline.tools.multimodal - INFO - Saving data to: /data2/Projects/eeg_fmri_natview/chang_data/derivatives/sub-0028/ses-01/multimodal/sub-0028_ses-01_task-MeRest_acq-mr0012_desc-BandsEnv8Caps_multimodal.pkl
2025-03-21 11:10:30 - eeg_brain_state_prediction.data_pipeline.tools.multimodal - INFO - Successfully saved data
2025-03-21 11:10:30 - eeg_brain_state_prediction.data_pipeline.tools.multimodal - INFO - Loading data for modality: brainstates
2025-03-21 11:10:30 - eeg_brain_state_prediction.data_pipeline.tools.multimodal - INFO - Loading data for modality: eeg
2025-03-21 11:10:33 - eeg_brain_state_prediction.data_pipeline.tools.multimodal - INFO - Saving data to: /data2/Projects/eeg_fmri_natview/chang_data/derivatives/sub-0028/ses-01/multimodal/sub-0028_ses-01_task-MeRest_acq-mr0012_desc-BandsEnv8Caps_multimodal.pkl
2025-03-21 11:10:33 - eeg_brain_state_prediction.data_pipeline.tools.multimodal - INFO - Successfully saved data
2025-03-21 11:10:33 - eeg_brain_state_prediction.data_pipeline.tools.multimodal - INFO - Loading data for modality: brainstates
2025-03-21 11:10:33 - eeg_brain_state_prediction.data_pipeline.tools.multimodal - INFO - Loading data for modality: eeg
2025-03-21 11:10:36 - eeg_brain_state_prediction.data_pipeline.tools.multimodal - INFO - Saving data to: /data2/Projects/eeg_fmri_natview/chang_data/derivatives/sub-0028/ses-01/multimodal/sub-0028_ses-01_task-MeRest_acq-mr0012_desc-BandsEnv8Caps_multimodal.pkl
2025-03-21 11:10:36 - eeg_brain_state_prediction.data_pipeline.tools.multimodal - INFO - Successfully saved data
2025-03-21 11:10:36 - eeg_brain_state_prediction.data_pipeline.tools.multimodal - INFO - Loading data for modality: brainstates
2025-03-21 11:10:36 - eeg_brain_state_prediction.data_pipeline.tools.multimodal - INFO - Loading data for modality: eeg
2025-03-21 11:10:38 - eeg_brain_state_prediction.data_pipeline.tools.multimodal - INFO - Saving data to: /data2/Projects/eeg_fmri_natview/chang_data/derivatives/sub-0029/ses-01/multimodal/sub-0029_ses-01_task-MeRest_acq-mr0012_desc-BandsEnv8Caps_multimodal.pkl
2025-03-21 11:10:38 - eeg_brain_state_prediction.data_pipeline.tools.multimodal - INFO - Successfully saved data
2025-03-21 11:10:38 - eeg_brain_state_prediction.data_pipeline.tools.multimodal - INFO - Loading data for modality: brainstates
2025-03-21 11:10:38 - eeg_brain_state_prediction.data_pipeline.tools.multimodal - INFO - Loading data for modality: eeg
2025-03-21 11:10:41 - eeg_brain_state_prediction.data_pipeline.tools.multimodal - INFO - Saving data to: /data2/Projects/eeg_fmri_natview/chang_data/derivatives/sub-0029/ses-01/multimodal/sub-0029_ses-01_task-MeRest_acq-mr0012_desc-BandsEnv8Caps_multimodal.pkl
2025-03-21 11:10:41 - eeg_brain_state_prediction.data_pipeline.tools.multimodal - INFO - Successfully saved data
2025-03-21 11:10:41 - eeg_brain_state_prediction.data_pipeline.tools.multimodal - INFO - Loading data for modality: brainstates
2025-03-21 11:10:41 - eeg_brain_state_prediction.data_pipeline.tools.multimodal - INFO - Loading data for modality: eeg
2025-03-21 11:10:44 - eeg_brain_state_prediction.data_pipeline.tools.multimodal - INFO - Saving data to: /data2/Projects/eeg_fmri_natview/chang_data/derivatives/sub-0029/ses-01/multimodal/sub-0029_ses-01_task-MeRest_acq-mr0012_desc-BandsEnv8Caps_multimodal.pkl
2025-03-21 11:10:44 - eeg_brain_state_prediction.data_pipeline.tools.multimodal - INFO - Successfully saved data
2025-03-21 11:10:44 - eeg_brain_state_prediction.data_pipeline.tools.multimodal - INFO - Loading data for modality: brainstates
2025-03-21 11:10:44 - eeg_brain_state_prediction.data_pipeline.tools.multimodal - INFO - Loading data for modality: eeg
2025-03-21 11:10:47 - eeg_brain_state_prediction.data_pipeline.tools.multimodal - INFO - Saving data to: /data2/Projects/eeg_fmri_natview/chang_data/derivatives/sub-0029/ses-01/multimodal/sub-0029_ses-01_task-MeRest_acq-mr0012_desc-BandsEnv8Caps_multimodal.pkl
2025-03-21 11:10:47 - eeg_brain_state_prediction.data_pipeline.tools.multimodal - INFO - Successfully saved data
2025-03-21 11:10:47 - eeg_brain_state_prediction.data_pipeline.tools.multimodal - INFO - Loading data for modality: brainstates
2025-03-21 11:10:47 - eeg_brain_state_prediction.data_pipeline.tools.multimodal - INFO - Loading data for modality: eeg
2025-03-21 11:10:50 - eeg_brain_state_prediction.data_pipeline.tools.multimodal - INFO - Saving data to: /data2/Projects/eeg_fmri_natview/chang_data/derivatives/sub-0029/ses-01/multimodal/sub-0029_ses-01_task-MeRest_acq-mr0012_desc-BandsEnv8Caps_multimodal.pkl
2025-03-21 11:10:50 - eeg_brain_state_prediction.data_pipeline.tools.multimodal - INFO - Successfully saved data
2025-03-21 11:10:50 - eeg_brain_state_prediction.data_pipeline.tools.multimodal - INFO - Loading data for modality: brainstates
2025-03-21 11:10:50 - eeg_brain_state_prediction.data_pipeline.tools.multimodal - INFO - Loading data for modality: eeg
2025-03-21 11:10:52 - eeg_brain_state_prediction.data_pipeline.tools.multimodal - INFO - Saving data to: /data2/Projects/eeg_fmri_natview/chang_data/derivatives/sub-0029/ses-01/multimodal/sub-0029_ses-01_task-MeRest_acq-mr0012_desc-BandsEnv8Caps_multimodal.pkl
2025-03-21 11:10:52 - eeg_brain_state_prediction.data_pipeline.tools.multimodal - INFO - Successfully saved data
2025-03-21 11:10:52 - eeg_brain_state_prediction.data_pipeline.tools.multimodal - INFO - Loading data for modality: brainstates
2025-03-21 11:10:52 - eeg_brain_state_prediction.data_pipeline.tools.multimodal - INFO - Loading data for modality: eeg
2025-03-21 11:10:55 - eeg_brain_state_prediction.data_pipeline.tools.multimodal - INFO - Saving data to: /data2/Projects/eeg_fmri_natview/chang_data/derivatives/sub-0030/ses-01/multimodal/sub-0030_ses-01_task-MeRest_acq-mr0009_desc-BandsEnv8Caps_multimodal.pkl
2025-03-21 11:10:55 - eeg_brain_state_prediction.data_pipeline.tools.multimodal - INFO - Successfully saved data
2025-03-21 11:10:55 - eeg_brain_state_prediction.data_pipeline.tools.multimodal - INFO - Loading data for modality: brainstates
2025-03-21 11:10:55 - eeg_brain_state_prediction.data_pipeline.tools.multimodal - INFO - Loading data for modality: eeg
2025-03-21 11:10:58 - eeg_brain_state_prediction.data_pipeline.tools.multimodal - INFO - Saving data to: /data2/Projects/eeg_fmri_natview/chang_data/derivatives/sub-0030/ses-01/multimodal/sub-0030_ses-01_task-MeRest_acq-mr0009_desc-BandsEnv8Caps_multimodal.pkl
2025-03-21 11:10:58 - eeg_brain_state_prediction.data_pipeline.tools.multimodal - INFO - Successfully saved data
2025-03-21 11:10:58 - eeg_brain_state_prediction.data_pipeline.tools.multimodal - INFO - Loading data for modality: brainstates
2025-03-21 11:10:58 - eeg_brain_state_prediction.data_pipeline.tools.multimodal - INFO - Loading data for modality: eeg
2025-03-21 11:11:01 - eeg_brain_state_prediction.data_pipeline.tools.multimodal - INFO - Saving data to: /data2/Projects/eeg_fmri_natview/chang_data/derivatives/sub-0030/ses-01/multimodal/sub-0030_ses-01_task-MeRest_acq-mr0009_desc-BandsEnv8Caps_multimodal.pkl
2025-03-21 11:11:01 - eeg_brain_state_prediction.data_pipeline.tools.multimodal - INFO - Successfully saved data
2025-03-21 11:11:01 - eeg_brain_state_prediction.data_pipeline.tools.multimodal - INFO - Loading data for modality: brainstates
2025-03-21 11:11:01 - eeg_brain_state_prediction.data_pipeline.tools.multimodal - INFO - Loading data for modality: eeg
2025-03-21 11:11:03 - eeg_brain_state_prediction.data_pipeline.tools.multimodal - INFO - Saving data to: /data2/Projects/eeg_fmri_natview/chang_data/derivatives/sub-0030/ses-01/multimodal/sub-0030_ses-01_task-MeRest_acq-mr0009_desc-BandsEnv8Caps_multimodal.pkl
2025-03-21 11:11:04 - eeg_brain_state_prediction.data_pipeline.tools.multimodal - INFO - Successfully saved data
2025-03-21 11:11:04 - eeg_brain_state_prediction.data_pipeline.tools.multimodal - INFO - Loading data for modality: brainstates
2025-03-21 11:11:04 - eeg_brain_state_prediction.data_pipeline.tools.multimodal - INFO - Loading data for modality: eeg
2025-03-21 11:11:06 - eeg_brain_state_prediction.data_pipeline.tools.multimodal - INFO - Saving data to: /data2/Projects/eeg_fmri_natview/chang_data/derivatives/sub-0030/ses-01/multimodal/sub-0030_ses-01_task-MeRest_acq-mr0009_desc-BandsEnv8Caps_multimodal.pkl
2025-03-21 11:11:06 - eeg_brain_state_prediction.data_pipeline.tools.multimodal - INFO - Successfully saved data
2025-03-21 11:11:06 - eeg_brain_state_prediction.data_pipeline.tools.multimodal - INFO - Loading data for modality: brainstates
2025-03-21 11:11:06 - eeg_brain_state_prediction.data_pipeline.tools.multimodal - INFO - Loading data for modality: eeg
2025-03-21 11:11:09 - eeg_brain_state_prediction.data_pipeline.tools.multimodal - INFO - Saving data to: /data2/Projects/eeg_fmri_natview/chang_data/derivatives/sub-0030/ses-01/multimodal/sub-0030_ses-01_task-MeRest_acq-mr0009_desc-BandsEnv8Caps_multimodal.pkl
2025-03-21 11:11:09 - eeg_brain_state_prediction.data_pipeline.tools.multimodal - INFO - Successfully saved data
2025-03-21 11:11:09 - eeg_brain_state_prediction.data_pipeline.tools.multimodal - INFO - Loading data for modality: brainstates
2025-03-21 11:11:09 - eeg_brain_state_prediction.data_pipeline.tools.multimodal - INFO - Loading data for modality: eeg
2025-03-21 11:11:12 - eeg_brain_state_prediction.data_pipeline.tools.multimodal - INFO - Saving data to: /data2/Projects/eeg_fmri_natview/chang_data/derivatives/sub-0031/ses-01/multimodal/sub-0031_ses-01_task-MeRest_acq-mr0015_desc-BandsEnv8Caps_multimodal.pkl
2025-03-21 11:11:12 - eeg_brain_state_prediction.data_pipeline.tools.multimodal - INFO - Successfully saved data
2025-03-21 11:11:12 - eeg_brain_state_prediction.data_pipeline.tools.multimodal - INFO - Loading data for modality: brainstates
2025-03-21 11:11:12 - eeg_brain_state_prediction.data_pipeline.tools.multimodal - INFO - Loading data for modality: eeg
2025-03-21 11:11:15 - eeg_brain_state_prediction.data_pipeline.tools.multimodal - INFO - Saving data to: /data2/Projects/eeg_fmri_natview/chang_data/derivatives/sub-0031/ses-01/multimodal/sub-0031_ses-01_task-MeRest_acq-mr0015_desc-BandsEnv8Caps_multimodal.pkl
2025-03-21 11:11:15 - eeg_brain_state_prediction.data_pipeline.tools.multimodal - INFO - Successfully saved data
2025-03-21 11:11:15 - eeg_brain_state_prediction.data_pipeline.tools.multimodal - INFO - Loading data for modality: brainstates
2025-03-21 11:11:15 - eeg_brain_state_prediction.data_pipeline.tools.multimodal - INFO - Loading data for modality: eeg
2025-03-21 11:11:17 - eeg_brain_state_prediction.data_pipeline.tools.multimodal - INFO - Saving data to: /data2/Projects/eeg_fmri_natview/chang_data/derivatives/sub-0031/ses-01/multimodal/sub-0031_ses-01_task-MeRest_acq-mr0015_desc-BandsEnv8Caps_multimodal.pkl
2025-03-21 11:11:17 - eeg_brain_state_prediction.data_pipeline.tools.multimodal - INFO - Successfully saved data
2025-03-21 11:11:18 - eeg_brain_state_prediction.data_pipeline.tools.multimodal - INFO - Loading data for modality: brainstates
2025-03-21 11:11:18 - eeg_brain_state_prediction.data_pipeline.tools.multimodal - INFO - Loading data for modality: eeg
2025-03-21 11:11:20 - eeg_brain_state_prediction.data_pipeline.tools.multimodal - INFO - Saving data to: /data2/Projects/eeg_fmri_natview/chang_data/derivatives/sub-0031/ses-01/multimodal/sub-0031_ses-01_task-MeRest_acq-mr0015_desc-BandsEnv8Caps_multimodal.pkl
2025-03-21 11:11:20 - eeg_brain_state_prediction.data_pipeline.tools.multimodal - INFO - Successfully saved data
2025-03-21 11:11:20 - eeg_brain_state_prediction.data_pipeline.tools.multimodal - INFO - Loading data for modality: brainstates
2025-03-21 11:11:20 - eeg_brain_state_prediction.data_pipeline.tools.multimodal - INFO - Loading data for modality: eeg
2025-03-21 11:11:23 - eeg_brain_state_prediction.data_pipeline.tools.multimodal - INFO - Saving data to: /data2/Projects/eeg_fmri_natview/chang_data/derivatives/sub-0031/ses-01/multimodal/sub-0031_ses-01_task-MeRest_acq-mr0015_desc-BandsEnv8Caps_multimodal.pkl
2025-03-21 11:11:23 - eeg_brain_state_prediction.data_pipeline.tools.multimodal - INFO - Successfully saved data
2025-03-21 11:11:23 - eeg_brain_state_prediction.data_pipeline.tools.multimodal - INFO - Loading data for modality: brainstates
2025-03-21 11:11:23 - eeg_brain_state_prediction.data_pipeline.tools.multimodal - INFO - Loading data for modality: eeg
2025-03-21 11:11:26 - eeg_brain_state_prediction.data_pipeline.tools.multimodal - INFO - Saving data to: /data2/Projects/eeg_fmri_natview/chang_data/derivatives/sub-0031/ses-01/multimodal/sub-0031_ses-01_task-MeRest_acq-mr0015_desc-BandsEnv8Caps_multimodal.pkl
2025-03-21 11:11:26 - eeg_brain_state_prediction.data_pipeline.tools.multimodal - INFO - Successfully saved data
2025-03-21 11:11:26 - eeg_brain_state_prediction.data_pipeline.tools.multimodal - INFO - Loading data for modality: brainstates
2025-03-21 11:11:26 - eeg_brain_state_prediction.data_pipeline.tools.multimodal - INFO - Loading data for modality: eeg
2025-03-21 11:11:29 - eeg_brain_state_prediction.data_pipeline.tools.multimodal - INFO - Saving data to: /data2/Projects/eeg_fmri_natview/chang_data/derivatives/sub-0032/ses-01/multimodal/sub-0032_ses-01_task-MeRest_acq-mr0009_desc-BandsEnv8Caps_multimodal.pkl
2025-03-21 11:11:29 - eeg_brain_state_prediction.data_pipeline.tools.multimodal - INFO - Successfully saved data
2025-03-21 11:11:29 - eeg_brain_state_prediction.data_pipeline.tools.multimodal - INFO - Loading data for modality: brainstates
2025-03-21 11:11:29 - eeg_brain_state_prediction.data_pipeline.tools.multimodal - INFO - Loading data for modality: eeg
2025-03-21 11:11:31 - eeg_brain_state_prediction.data_pipeline.tools.multimodal - INFO - Saving data to: /data2/Projects/eeg_fmri_natview/chang_data/derivatives/sub-0032/ses-01/multimodal/sub-0032_ses-01_task-MeRest_acq-mr0009_desc-BandsEnv8Caps_multimodal.pkl
2025-03-21 11:11:31 - eeg_brain_state_prediction.data_pipeline.tools.multimodal - INFO - Successfully saved data
2025-03-21 11:11:31 - eeg_brain_state_prediction.data_pipeline.tools.multimodal - INFO - Loading data for modality: brainstates
2025-03-21 11:11:31 - eeg_brain_state_prediction.data_pipeline.tools.multimodal - INFO - Loading data for modality: eeg
2025-03-21 11:11:34 - eeg_brain_state_prediction.data_pipeline.tools.multimodal - INFO - Saving data to: /data2/Projects/eeg_fmri_natview/chang_data/derivatives/sub-0032/ses-01/multimodal/sub-0032_ses-01_task-MeRest_acq-mr0009_desc-BandsEnv8Caps_multimodal.pkl
2025-03-21 11:11:34 - eeg_brain_state_prediction.data_pipeline.tools.multimodal - INFO - Successfully saved data
2025-03-21 11:11:34 - eeg_brain_state_prediction.data_pipeline.tools.multimodal - INFO - Loading data for modality: brainstates
2025-03-21 11:11:34 - eeg_brain_state_prediction.data_pipeline.tools.multimodal - INFO - Loading data for modality: eeg
2025-03-21 11:11:37 - eeg_brain_state_prediction.data_pipeline.tools.multimodal - INFO - Saving data to: /data2/Projects/eeg_fmri_natview/chang_data/derivatives/sub-0032/ses-01/multimodal/sub-0032_ses-01_task-MeRest_acq-mr0009_desc-BandsEnv8Caps_multimodal.pkl
2025-03-21 11:11:37 - eeg_brain_state_prediction.data_pipeline.tools.multimodal - INFO - Successfully saved data
2025-03-21 11:11:37 - eeg_brain_state_prediction.data_pipeline.tools.multimodal - INFO - Loading data for modality: brainstates
2025-03-21 11:11:37 - eeg_brain_state_prediction.data_pipeline.tools.multimodal - INFO - Loading data for modality: eeg
2025-03-21 11:11:40 - eeg_brain_state_prediction.data_pipeline.tools.multimodal - INFO - Saving data to: /data2/Projects/eeg_fmri_natview/chang_data/derivatives/sub-0032/ses-01/multimodal/sub-0032_ses-01_task-MeRest_acq-mr0009_desc-BandsEnv8Caps_multimodal.pkl
2025-03-21 11:11:40 - eeg_brain_state_prediction.data_pipeline.tools.multimodal - INFO - Successfully saved data
2025-03-21 11:11:40 - eeg_brain_state_prediction.data_pipeline.tools.multimodal - INFO - Loading data for modality: brainstates
2025-03-21 11:11:40 - eeg_brain_state_prediction.data_pipeline.tools.multimodal - INFO - Loading data for modality: eeg
2025-03-21 11:11:42 - eeg_brain_state_prediction.data_pipeline.tools.multimodal - INFO - Saving data to: /data2/Projects/eeg_fmri_natview/chang_data/derivatives/sub-0032/ses-01/multimodal/sub-0032_ses-01_task-MeRest_acq-mr0009_desc-BandsEnv8Caps_multimodal.pkl
2025-03-21 11:11:43 - eeg_brain_state_prediction.data_pipeline.tools.multimodal - INFO - Successfully saved data
2025-03-21 11:55:54 - eeg_brain_state_prediction.data_pipeline.tools.multimodal - INFO - Loading data for modality: brainstates
2025-03-21 11:55:54 - eeg_brain_state_prediction.data_pipeline.tools.multimodal - INFO - Loading data for modality: eeg
2025-03-21 11:55:55 - eeg_brain_state_prediction.data_pipeline.tools.multimodal - INFO - Saving data to: /data2/Projects/eeg_fmri_natview/chang_data/derivatives/sub-0010/ses-01/multimodal/sub-0010_ses-01_task-MeRest_acq-mr0009_desc-Gfp8Caps_multimodal.pkl
2025-03-21 11:55:55 - eeg_brain_state_prediction.data_pipeline.tools.multimodal - INFO - Successfully saved data
2025-03-21 11:55:55 - eeg_brain_state_prediction.data_pipeline.tools.multimodal - INFO - Loading data for modality: brainstates
2025-03-21 11:55:55 - eeg_brain_state_prediction.data_pipeline.tools.multimodal - INFO - Loading data for modality: eeg
2025-03-21 11:55:55 - eeg_brain_state_prediction.data_pipeline.tools.multimodal - INFO - Saving data to: /data2/Projects/eeg_fmri_natview/chang_data/derivatives/sub-0010/ses-01/multimodal/sub-0010_ses-01_task-MeRest_acq-mr0009_desc-Gfp8Caps_multimodal.pkl
2025-03-21 11:55:55 - eeg_brain_state_prediction.data_pipeline.tools.multimodal - INFO - Successfully saved data
2025-03-21 11:55:55 - eeg_brain_state_prediction.data_pipeline.tools.multimodal - INFO - Loading data for modality: brainstates
2025-03-21 11:55:55 - eeg_brain_state_prediction.data_pipeline.tools.multimodal - INFO - Loading data for modality: eeg
2025-03-21 11:55:55 - eeg_brain_state_prediction.data_pipeline.tools.multimodal - INFO - Saving data to: /data2/Projects/eeg_fmri_natview/chang_data/derivatives/sub-0010/ses-01/multimodal/sub-0010_ses-01_task-MeRest_acq-mr0015_desc-Gfp8Caps_multimodal.pkl
2025-03-21 11:55:55 - eeg_brain_state_prediction.data_pipeline.tools.multimodal - INFO - Successfully saved data
2025-03-21 11:55:55 - eeg_brain_state_prediction.data_pipeline.tools.multimodal - INFO - Loading data for modality: brainstates
2025-03-21 11:55:55 - eeg_brain_state_prediction.data_pipeline.tools.multimodal - INFO - Loading data for modality: eeg
2025-03-21 11:55:55 - eeg_brain_state_prediction.data_pipeline.tools.multimodal - INFO - Saving data to: /data2/Projects/eeg_fmri_natview/chang_data/derivatives/sub-0010/ses-01/multimodal/sub-0010_ses-01_task-MeRest_acq-mr0015_desc-Gfp8Caps_multimodal.pkl
2025-03-21 11:55:55 - eeg_brain_state_prediction.data_pipeline.tools.multimodal - INFO - Successfully saved data
2025-03-21 11:55:55 - eeg_brain_state_prediction.data_pipeline.tools.multimodal - INFO - Loading data for modality: brainstates
2025-03-21 11:55:55 - eeg_brain_state_prediction.data_pipeline.tools.multimodal - INFO - Loading data for modality: eeg
2025-03-21 11:55:55 - eeg_brain_state_prediction.data_pipeline.tools.multimodal - INFO - Saving data to: /data2/Projects/eeg_fmri_natview/chang_data/derivatives/sub-0010/ses-01/multimodal/sub-0010_ses-01_task-MeRest_acq-mr0009_desc-Gfp8Caps_multimodal.pkl
2025-03-21 11:55:55 - eeg_brain_state_prediction.data_pipeline.tools.multimodal - INFO - Successfully saved data
2025-03-21 11:55:55 - eeg_brain_state_prediction.data_pipeline.tools.multimodal - INFO - Loading data for modality: brainstates
2025-03-21 11:55:55 - eeg_brain_state_prediction.data_pipeline.tools.multimodal - INFO - Loading data for modality: eeg
2025-03-21 11:55:55 - eeg_brain_state_prediction.data_pipeline.tools.multimodal - INFO - Saving data to: /data2/Projects/eeg_fmri_natview/chang_data/derivatives/sub-0010/ses-01/multimodal/sub-0010_ses-01_task-MeRest_acq-mr0009_desc-Gfp8Caps_multimodal.pkl
2025-03-21 11:55:55 - eeg_brain_state_prediction.data_pipeline.tools.multimodal - INFO - Successfully saved data
2025-03-21 11:55:55 - eeg_brain_state_prediction.data_pipeline.tools.multimodal - INFO - Loading data for modality: brainstates
2025-03-21 11:55:55 - eeg_brain_state_prediction.data_pipeline.tools.multimodal - INFO - Loading data for modality: eeg
2025-03-21 11:55:55 - eeg_brain_state_prediction.data_pipeline.tools.multimodal - INFO - Saving data to: /data2/Projects/eeg_fmri_natview/chang_data/derivatives/sub-0010/ses-01/multimodal/sub-0010_ses-01_task-MeRest_acq-mr0015_desc-Gfp8Caps_multimodal.pkl
2025-03-21 11:55:55 - eeg_brain_state_prediction.data_pipeline.tools.multimodal - INFO - Successfully saved data
2025-03-21 11:55:55 - eeg_brain_state_prediction.data_pipeline.tools.multimodal - INFO - Loading data for modality: brainstates
2025-03-21 11:55:55 - eeg_brain_state_prediction.data_pipeline.tools.multimodal - INFO - Loading data for modality: eeg
2025-03-21 11:55:55 - eeg_brain_state_prediction.data_pipeline.tools.multimodal - INFO - Saving data to: /data2/Projects/eeg_fmri_natview/chang_data/derivatives/sub-0010/ses-01/multimodal/sub-0010_ses-01_task-MeRest_acq-mr0015_desc-Gfp8Caps_multimodal.pkl
2025-03-21 11:55:55 - eeg_brain_state_prediction.data_pipeline.tools.multimodal - INFO - Successfully saved data
2025-03-21 11:55:55 - eeg_brain_state_prediction.data_pipeline.tools.multimodal - INFO - Loading data for modality: brainstates
2025-03-21 11:55:55 - eeg_brain_state_prediction.data_pipeline.tools.multimodal - INFO - Loading data for modality: eeg
2025-03-21 11:55:56 - eeg_brain_state_prediction.data_pipeline.tools.multimodal - INFO - Saving data to: /data2/Projects/eeg_fmri_natview/chang_data/derivatives/sub-0010/ses-01/multimodal/sub-0010_ses-01_task-MeRest_acq-mr0009_desc-Gfp8Caps_multimodal.pkl
2025-03-21 11:55:56 - eeg_brain_state_prediction.data_pipeline.tools.multimodal - INFO - Successfully saved data
2025-03-21 11:55:56 - eeg_brain_state_prediction.data_pipeline.tools.multimodal - INFO - Loading data for modality: brainstates
2025-03-21 11:55:56 - eeg_brain_state_prediction.data_pipeline.tools.multimodal - INFO - Loading data for modality: eeg
2025-03-21 11:55:56 - eeg_brain_state_prediction.data_pipeline.tools.multimodal - INFO - Saving data to: /data2/Projects/eeg_fmri_natview/chang_data/derivatives/sub-0010/ses-01/multimodal/sub-0010_ses-01_task-MeRest_acq-mr0015_desc-Gfp8Caps_multimodal.pkl
2025-03-21 11:55:56 - eeg_brain_state_prediction.data_pipeline.tools.multimodal - INFO - Successfully saved data
2025-03-21 11:55:56 - eeg_brain_state_prediction.data_pipeline.tools.multimodal - INFO - Loading data for modality: brainstates
2025-03-21 11:55:56 - eeg_brain_state_prediction.data_pipeline.tools.multimodal - INFO - Loading data for modality: eeg
2025-03-21 11:55:56 - eeg_brain_state_prediction.data_pipeline.tools.multimodal - INFO - Saving data to: /data2/Projects/eeg_fmri_natview/chang_data/derivatives/sub-0010/ses-01/multimodal/sub-0010_ses-01_task-MeRest_acq-mr0009_desc-Gfp8Caps_multimodal.pkl
2025-03-21 11:55:56 - eeg_brain_state_prediction.data_pipeline.tools.multimodal - INFO - Successfully saved data
2025-03-21 11:55:56 - eeg_brain_state_prediction.data_pipeline.tools.multimodal - INFO - Loading data for modality: brainstates
2025-03-21 11:55:56 - eeg_brain_state_prediction.data_pipeline.tools.multimodal - INFO - Loading data for modality: eeg
2025-03-21 11:55:56 - eeg_brain_state_prediction.data_pipeline.tools.multimodal - INFO - Saving data to: /data2/Projects/eeg_fmri_natview/chang_data/derivatives/sub-0010/ses-01/multimodal/sub-0010_ses-01_task-MeRest_acq-mr0015_desc-Gfp8Caps_multimodal.pkl
2025-03-21 11:55:56 - eeg_brain_state_prediction.data_pipeline.tools.multimodal - INFO - Successfully saved data
2025-03-21 11:55:56 - eeg_brain_state_prediction.data_pipeline.tools.multimodal - INFO - Loading data for modality: brainstates
2025-03-21 11:55:56 - eeg_brain_state_prediction.data_pipeline.tools.multimodal - INFO - Loading data for modality: eeg
2025-03-21 11:55:56 - eeg_brain_state_prediction.data_pipeline.tools.multimodal - INFO - Saving data to: /data2/Projects/eeg_fmri_natview/chang_data/derivatives/sub-0012/ses-01/multimodal/sub-0012_ses-01_task-MeRest_acq-mr0018_desc-Gfp8Caps_multimodal.pkl
2025-03-21 11:55:56 - eeg_brain_state_prediction.data_pipeline.tools.multimodal - INFO - Successfully saved data
2025-03-21 11:55:56 - eeg_brain_state_prediction.data_pipeline.tools.multimodal - INFO - Loading data for modality: brainstates
2025-03-21 11:55:56 - eeg_brain_state_prediction.data_pipeline.tools.multimodal - INFO - Loading data for modality: eeg
2025-03-21 11:55:56 - eeg_brain_state_prediction.data_pipeline.tools.multimodal - INFO - Saving data to: /data2/Projects/eeg_fmri_natview/chang_data/derivatives/sub-0012/ses-01/multimodal/sub-0012_ses-01_task-MeRest_acq-mr0018_desc-Gfp8Caps_multimodal.pkl
2025-03-21 11:55:56 - eeg_brain_state_prediction.data_pipeline.tools.multimodal - INFO - Successfully saved data
2025-03-21 11:55:56 - eeg_brain_state_prediction.data_pipeline.tools.multimodal - INFO - Loading data for modality: brainstates
2025-03-21 11:55:56 - eeg_brain_state_prediction.data_pipeline.tools.multimodal - INFO - Loading data for modality: eeg
2025-03-21 11:55:56 - eeg_brain_state_prediction.data_pipeline.tools.multimodal - INFO - Saving data to: /data2/Projects/eeg_fmri_natview/chang_data/derivatives/sub-0012/ses-01/multimodal/sub-0012_ses-01_task-MeRest_acq-mr0012_desc-Gfp8Caps_multimodal.pkl
2025-03-21 11:55:56 - eeg_brain_state_prediction.data_pipeline.tools.multimodal - INFO - Successfully saved data
2025-03-21 11:55:56 - eeg_brain_state_prediction.data_pipeline.tools.multimodal - INFO - Loading data for modality: brainstates
2025-03-21 11:55:56 - eeg_brain_state_prediction.data_pipeline.tools.multimodal - INFO - Loading data for modality: eeg
2025-03-21 11:55:56 - eeg_brain_state_prediction.data_pipeline.tools.multimodal - INFO - Saving data to: /data2/Projects/eeg_fmri_natview/chang_data/derivatives/sub-0012/ses-01/multimodal/sub-0012_ses-01_task-MeRest_acq-mr0012_desc-Gfp8Caps_multimodal.pkl
2025-03-21 11:55:56 - eeg_brain_state_prediction.data_pipeline.tools.multimodal - INFO - Successfully saved data
2025-03-21 11:55:56 - eeg_brain_state_prediction.data_pipeline.tools.multimodal - INFO - Loading data for modality: brainstates
2025-03-21 11:55:56 - eeg_brain_state_prediction.data_pipeline.tools.multimodal - INFO - Loading data for modality: eeg
2025-03-21 11:55:56 - eeg_brain_state_prediction.data_pipeline.tools.multimodal - INFO - Saving data to: /data2/Projects/eeg_fmri_natview/chang_data/derivatives/sub-0012/ses-01/multimodal/sub-0012_ses-01_task-MeRest_acq-mr0012_desc-Gfp8Caps_multimodal.pkl
2025-03-21 11:55:56 - eeg_brain_state_prediction.data_pipeline.tools.multimodal - INFO - Successfully saved data
2025-03-21 11:55:56 - eeg_brain_state_prediction.data_pipeline.tools.multimodal - INFO - Loading data for modality: brainstates
2025-03-21 11:55:56 - eeg_brain_state_prediction.data_pipeline.tools.multimodal - INFO - Loading data for modality: eeg
2025-03-21 11:55:56 - eeg_brain_state_prediction.data_pipeline.tools.multimodal - INFO - Saving data to: /data2/Projects/eeg_fmri_natview/chang_data/derivatives/sub-0012/ses-01/multimodal/sub-0012_ses-01_task-MeRest_acq-mr0018_desc-Gfp8Caps_multimodal.pkl
2025-03-21 11:55:56 - eeg_brain_state_prediction.data_pipeline.tools.multimodal - INFO - Successfully saved data
2025-03-21 11:55:56 - eeg_brain_state_prediction.data_pipeline.tools.multimodal - INFO - Loading data for modality: brainstates
2025-03-21 11:55:56 - eeg_brain_state_prediction.data_pipeline.tools.multimodal - INFO - Loading data for modality: eeg
2025-03-21 11:55:57 - eeg_brain_state_prediction.data_pipeline.tools.multimodal - INFO - Saving data to: /data2/Projects/eeg_fmri_natview/chang_data/derivatives/sub-0012/ses-01/multimodal/sub-0012_ses-01_task-MeRest_acq-mr0012_desc-Gfp8Caps_multimodal.pkl
2025-03-21 11:55:57 - eeg_brain_state_prediction.data_pipeline.tools.multimodal - INFO - Successfully saved data
2025-03-21 11:55:57 - eeg_brain_state_prediction.data_pipeline.tools.multimodal - INFO - Loading data for modality: brainstates
2025-03-21 11:55:57 - eeg_brain_state_prediction.data_pipeline.tools.multimodal - INFO - Loading data for modality: eeg
2025-03-21 11:55:57 - eeg_brain_state_prediction.data_pipeline.tools.multimodal - INFO - Saving data to: /data2/Projects/eeg_fmri_natview/chang_data/derivatives/sub-0012/ses-01/multimodal/sub-0012_ses-01_task-MeRest_acq-mr0018_desc-Gfp8Caps_multimodal.pkl
2025-03-21 11:55:57 - eeg_brain_state_prediction.data_pipeline.tools.multimodal - INFO - Successfully saved data
2025-03-21 11:55:57 - eeg_brain_state_prediction.data_pipeline.tools.multimodal - INFO - Loading data for modality: brainstates
2025-03-21 11:55:57 - eeg_brain_state_prediction.data_pipeline.tools.multimodal - INFO - Loading data for modality: eeg
2025-03-21 11:55:57 - eeg_brain_state_prediction.data_pipeline.tools.multimodal - INFO - Saving data to: /data2/Projects/eeg_fmri_natview/chang_data/derivatives/sub-0012/ses-01/multimodal/sub-0012_ses-01_task-MeRest_acq-mr0018_desc-Gfp8Caps_multimodal.pkl
2025-03-21 11:55:57 - eeg_brain_state_prediction.data_pipeline.tools.multimodal - INFO - Successfully saved data
2025-03-21 11:55:57 - eeg_brain_state_prediction.data_pipeline.tools.multimodal - INFO - Loading data for modality: brainstates
2025-03-21 11:55:57 - eeg_brain_state_prediction.data_pipeline.tools.multimodal - INFO - Loading data for modality: eeg
2025-03-21 11:55:57 - eeg_brain_state_prediction.data_pipeline.tools.multimodal - INFO - Saving data to: /data2/Projects/eeg_fmri_natview/chang_data/derivatives/sub-0012/ses-01/multimodal/sub-0012_ses-01_task-MeRest_acq-mr0012_desc-Gfp8Caps_multimodal.pkl
2025-03-21 11:55:57 - eeg_brain_state_prediction.data_pipeline.tools.multimodal - INFO - Successfully saved data
2025-03-21 11:55:57 - eeg_brain_state_prediction.data_pipeline.tools.multimodal - INFO - Loading data for modality: brainstates
2025-03-21 11:55:57 - eeg_brain_state_prediction.data_pipeline.tools.multimodal - INFO - Loading data for modality: eeg
2025-03-21 11:55:57 - eeg_brain_state_prediction.data_pipeline.tools.multimodal - INFO - Saving data to: /data2/Projects/eeg_fmri_natview/chang_data/derivatives/sub-0012/ses-01/multimodal/sub-0012_ses-01_task-MeRest_acq-mr0018_desc-Gfp8Caps_multimodal.pkl
2025-03-21 11:55:57 - eeg_brain_state_prediction.data_pipeline.tools.multimodal - INFO - Successfully saved data
2025-03-21 11:55:57 - eeg_brain_state_prediction.data_pipeline.tools.multimodal - INFO - Loading data for modality: brainstates
2025-03-21 11:55:57 - eeg_brain_state_prediction.data_pipeline.tools.multimodal - INFO - Loading data for modality: eeg
2025-03-21 11:55:57 - eeg_brain_state_prediction.data_pipeline.tools.multimodal - INFO - Saving data to: /data2/Projects/eeg_fmri_natview/chang_data/derivatives/sub-0012/ses-01/multimodal/sub-0012_ses-01_task-MeRest_acq-mr0012_desc-Gfp8Caps_multimodal.pkl
2025-03-21 11:55:57 - eeg_brain_state_prediction.data_pipeline.tools.multimodal - INFO - Successfully saved data
2025-03-21 11:55:57 - eeg_brain_state_prediction.data_pipeline.tools.multimodal - INFO - Loading data for modality: brainstates
2025-03-21 11:55:57 - eeg_brain_state_prediction.data_pipeline.tools.multimodal - INFO - Loading data for modality: eeg
2025-03-21 11:55:57 - eeg_brain_state_prediction.data_pipeline.tools.multimodal - INFO - Saving data to: /data2/Projects/eeg_fmri_natview/chang_data/derivatives/sub-0014/ses-01/multimodal/sub-0014_ses-01_task-MeRest_acq-mr0018_desc-Gfp8Caps_multimodal.pkl
2025-03-21 11:55:57 - eeg_brain_state_prediction.data_pipeline.tools.multimodal - INFO - Successfully saved data
2025-03-21 11:55:57 - eeg_brain_state_prediction.data_pipeline.tools.multimodal - INFO - Loading data for modality: brainstates
2025-03-21 11:55:57 - eeg_brain_state_prediction.data_pipeline.tools.multimodal - INFO - Loading data for modality: eeg
2025-03-21 11:55:57 - eeg_brain_state_prediction.data_pipeline.tools.multimodal - INFO - Saving data to: /data2/Projects/eeg_fmri_natview/chang_data/derivatives/sub-0014/ses-01/multimodal/sub-0014_ses-01_task-MeRest_acq-mr0018_desc-Gfp8Caps_multimodal.pkl
2025-03-21 11:55:57 - eeg_brain_state_prediction.data_pipeline.tools.multimodal - INFO - Successfully saved data
2025-03-21 11:55:57 - eeg_brain_state_prediction.data_pipeline.tools.multimodal - INFO - Loading data for modality: brainstates
2025-03-21 11:55:57 - eeg_brain_state_prediction.data_pipeline.tools.multimodal - INFO - Loading data for modality: eeg
2025-03-21 11:55:57 - eeg_brain_state_prediction.data_pipeline.tools.multimodal - INFO - Saving data to: /data2/Projects/eeg_fmri_natview/chang_data/derivatives/sub-0014/ses-01/multimodal/sub-0014_ses-01_task-MeRest_acq-mr0012_desc-Gfp8Caps_multimodal.pkl
2025-03-21 11:55:57 - eeg_brain_state_prediction.data_pipeline.tools.multimodal - INFO - Successfully saved data
2025-03-21 11:55:57 - eeg_brain_state_prediction.data_pipeline.tools.multimodal - INFO - Loading data for modality: brainstates
2025-03-21 11:55:57 - eeg_brain_state_prediction.data_pipeline.tools.multimodal - INFO - Loading data for modality: eeg
2025-03-21 11:55:57 - eeg_brain_state_prediction.data_pipeline.tools.multimodal - INFO - Saving data to: /data2/Projects/eeg_fmri_natview/chang_data/derivatives/sub-0014/ses-01/multimodal/sub-0014_ses-01_task-MeRest_acq-mr0012_desc-Gfp8Caps_multimodal.pkl
2025-03-21 11:55:57 - eeg_brain_state_prediction.data_pipeline.tools.multimodal - INFO - Successfully saved data
2025-03-21 11:55:57 - eeg_brain_state_prediction.data_pipeline.tools.multimodal - INFO - Loading data for modality: brainstates
2025-03-21 11:55:57 - eeg_brain_state_prediction.data_pipeline.tools.multimodal - INFO - Loading data for modality: eeg
2025-03-21 11:55:58 - eeg_brain_state_prediction.data_pipeline.tools.multimodal - INFO - Saving data to: /data2/Projects/eeg_fmri_natview/chang_data/derivatives/sub-0014/ses-01/multimodal/sub-0014_ses-01_task-MeRest_acq-mr0012_desc-Gfp8Caps_multimodal.pkl
2025-03-21 11:55:58 - eeg_brain_state_prediction.data_pipeline.tools.multimodal - INFO - Successfully saved data
2025-03-21 11:55:58 - eeg_brain_state_prediction.data_pipeline.tools.multimodal - INFO - Loading data for modality: brainstates
2025-03-21 11:55:58 - eeg_brain_state_prediction.data_pipeline.tools.multimodal - INFO - Loading data for modality: eeg
2025-03-21 11:55:58 - eeg_brain_state_prediction.data_pipeline.tools.multimodal - INFO - Saving data to: /data2/Projects/eeg_fmri_natview/chang_data/derivatives/sub-0014/ses-01/multimodal/sub-0014_ses-01_task-MeRest_acq-mr0018_desc-Gfp8Caps_multimodal.pkl
2025-03-21 11:55:58 - eeg_brain_state_prediction.data_pipeline.tools.multimodal - INFO - Successfully saved data
2025-03-21 11:55:58 - eeg_brain_state_prediction.data_pipeline.tools.multimodal - INFO - Loading data for modality: brainstates
2025-03-21 11:55:58 - eeg_brain_state_prediction.data_pipeline.tools.multimodal - INFO - Loading data for modality: eeg
2025-03-21 11:55:58 - eeg_brain_state_prediction.data_pipeline.tools.multimodal - INFO - Saving data to: /data2/Projects/eeg_fmri_natview/chang_data/derivatives/sub-0014/ses-01/multimodal/sub-0014_ses-01_task-MeRest_acq-mr0012_desc-Gfp8Caps_multimodal.pkl
2025-03-21 11:55:58 - eeg_brain_state_prediction.data_pipeline.tools.multimodal - INFO - Successfully saved data
2025-03-21 11:55:58 - eeg_brain_state_prediction.data_pipeline.tools.multimodal - INFO - Loading data for modality: brainstates
2025-03-21 11:55:58 - eeg_brain_state_prediction.data_pipeline.tools.multimodal - INFO - Loading data for modality: eeg
2025-03-21 11:55:58 - eeg_brain_state_prediction.data_pipeline.tools.multimodal - INFO - Saving data to: /data2/Projects/eeg_fmri_natview/chang_data/derivatives/sub-0014/ses-01/multimodal/sub-0014_ses-01_task-MeRest_acq-mr0018_desc-Gfp8Caps_multimodal.pkl
2025-03-21 11:55:58 - eeg_brain_state_prediction.data_pipeline.tools.multimodal - INFO - Successfully saved data
2025-03-21 11:55:58 - eeg_brain_state_prediction.data_pipeline.tools.multimodal - INFO - Loading data for modality: brainstates
2025-03-21 11:55:58 - eeg_brain_state_prediction.data_pipeline.tools.multimodal - INFO - Loading data for modality: eeg
2025-03-21 11:55:58 - eeg_brain_state_prediction.data_pipeline.tools.multimodal - INFO - Saving data to: /data2/Projects/eeg_fmri_natview/chang_data/derivatives/sub-0014/ses-01/multimodal/sub-0014_ses-01_task-MeRest_acq-mr0018_desc-Gfp8Caps_multimodal.pkl
2025-03-21 11:55:58 - eeg_brain_state_prediction.data_pipeline.tools.multimodal - INFO - Successfully saved data
2025-03-21 11:55:58 - eeg_brain_state_prediction.data_pipeline.tools.multimodal - INFO - Loading data for modality: brainstates
2025-03-21 11:55:58 - eeg_brain_state_prediction.data_pipeline.tools.multimodal - INFO - Loading data for modality: eeg
2025-03-21 11:55:58 - eeg_brain_state_prediction.data_pipeline.tools.multimodal - INFO - Saving data to: /data2/Projects/eeg_fmri_natview/chang_data/derivatives/sub-0014/ses-01/multimodal/sub-0014_ses-01_task-MeRest_acq-mr0012_desc-Gfp8Caps_multimodal.pkl
2025-03-21 11:55:58 - eeg_brain_state_prediction.data_pipeline.tools.multimodal - INFO - Successfully saved data
2025-03-21 11:55:58 - eeg_brain_state_prediction.data_pipeline.tools.multimodal - INFO - Loading data for modality: brainstates
2025-03-21 11:55:58 - eeg_brain_state_prediction.data_pipeline.tools.multimodal - INFO - Loading data for modality: eeg
2025-03-21 11:55:58 - eeg_brain_state_prediction.data_pipeline.tools.multimodal - INFO - Saving data to: /data2/Projects/eeg_fmri_natview/chang_data/derivatives/sub-0014/ses-01/multimodal/sub-0014_ses-01_task-MeRest_acq-mr0018_desc-Gfp8Caps_multimodal.pkl
2025-03-21 11:55:58 - eeg_brain_state_prediction.data_pipeline.tools.multimodal - INFO - Successfully saved data
2025-03-21 11:55:58 - eeg_brain_state_prediction.data_pipeline.tools.multimodal - INFO - Loading data for modality: brainstates
2025-03-21 11:55:58 - eeg_brain_state_prediction.data_pipeline.tools.multimodal - INFO - Loading data for modality: eeg
2025-03-21 11:55:58 - eeg_brain_state_prediction.data_pipeline.tools.multimodal - INFO - Saving data to: /data2/Projects/eeg_fmri_natview/chang_data/derivatives/sub-0014/ses-01/multimodal/sub-0014_ses-01_task-MeRest_acq-mr0012_desc-Gfp8Caps_multimodal.pkl
2025-03-21 11:55:58 - eeg_brain_state_prediction.data_pipeline.tools.multimodal - INFO - Successfully saved data
2025-03-21 11:55:58 - eeg_brain_state_prediction.data_pipeline.tools.multimodal - INFO - Loading data for modality: brainstates
2025-03-21 11:55:58 - eeg_brain_state_prediction.data_pipeline.tools.multimodal - INFO - Loading data for modality: eeg
2025-03-21 11:55:58 - eeg_brain_state_prediction.data_pipeline.tools.multimodal - INFO - Saving data to: /data2/Projects/eeg_fmri_natview/chang_data/derivatives/sub-0016/ses-01/multimodal/sub-0016_ses-01_task-MeRest_acq-mr0006_desc-Gfp8Caps_multimodal.pkl
2025-03-21 11:55:58 - eeg_brain_state_prediction.data_pipeline.tools.multimodal - INFO - Successfully saved data
2025-03-21 11:55:58 - eeg_brain_state_prediction.data_pipeline.tools.multimodal - INFO - Loading data for modality: brainstates
2025-03-21 11:55:58 - eeg_brain_state_prediction.data_pipeline.tools.multimodal - INFO - Loading data for modality: eeg
2025-03-21 11:55:58 - eeg_brain_state_prediction.data_pipeline.tools.multimodal - INFO - Saving data to: /data2/Projects/eeg_fmri_natview/chang_data/derivatives/sub-0016/ses-01/multimodal/sub-0016_ses-01_task-MeRest_acq-mr0006_desc-Gfp8Caps_multimodal.pkl
2025-03-21 11:55:58 - eeg_brain_state_prediction.data_pipeline.tools.multimodal - INFO - Successfully saved data
2025-03-21 11:55:58 - eeg_brain_state_prediction.data_pipeline.tools.multimodal - INFO - Loading data for modality: brainstates
2025-03-21 11:55:58 - eeg_brain_state_prediction.data_pipeline.tools.multimodal - INFO - Loading data for modality: eeg
2025-03-21 11:55:58 - eeg_brain_state_prediction.data_pipeline.tools.multimodal - INFO - Saving data to: /data2/Projects/eeg_fmri_natview/chang_data/derivatives/sub-0016/ses-01/multimodal/sub-0016_ses-01_task-MeRest_acq-mr0015_desc-Gfp8Caps_multimodal.pkl
2025-03-21 11:55:58 - eeg_brain_state_prediction.data_pipeline.tools.multimodal - INFO - Successfully saved data
2025-03-21 11:55:58 - eeg_brain_state_prediction.data_pipeline.tools.multimodal - INFO - Loading data for modality: brainstates
2025-03-21 11:55:58 - eeg_brain_state_prediction.data_pipeline.tools.multimodal - INFO - Loading data for modality: eeg
2025-03-21 11:55:59 - eeg_brain_state_prediction.data_pipeline.tools.multimodal - INFO - Saving data to: /data2/Projects/eeg_fmri_natview/chang_data/derivatives/sub-0016/ses-01/multimodal/sub-0016_ses-01_task-MeRest_acq-mr0015_desc-Gfp8Caps_multimodal.pkl
2025-03-21 11:55:59 - eeg_brain_state_prediction.data_pipeline.tools.multimodal - INFO - Successfully saved data
2025-03-21 11:55:59 - eeg_brain_state_prediction.data_pipeline.tools.multimodal - INFO - Loading data for modality: brainstates
2025-03-21 11:55:59 - eeg_brain_state_prediction.data_pipeline.tools.multimodal - INFO - Loading data for modality: eeg
2025-03-21 11:55:59 - eeg_brain_state_prediction.data_pipeline.tools.multimodal - INFO - Saving data to: /data2/Projects/eeg_fmri_natview/chang_data/derivatives/sub-0016/ses-01/multimodal/sub-0016_ses-01_task-MeRest_acq-mr0015_desc-Gfp8Caps_multimodal.pkl
2025-03-21 11:55:59 - eeg_brain_state_prediction.data_pipeline.tools.multimodal - INFO - Successfully saved data
2025-03-21 11:55:59 - eeg_brain_state_prediction.data_pipeline.tools.multimodal - INFO - Loading data for modality: brainstates
2025-03-21 11:55:59 - eeg_brain_state_prediction.data_pipeline.tools.multimodal - INFO - Loading data for modality: eeg
2025-03-21 11:55:59 - eeg_brain_state_prediction.data_pipeline.tools.multimodal - INFO - Saving data to: /data2/Projects/eeg_fmri_natview/chang_data/derivatives/sub-0016/ses-01/multimodal/sub-0016_ses-01_task-MeRest_acq-mr0006_desc-Gfp8Caps_multimodal.pkl
2025-03-21 11:55:59 - eeg_brain_state_prediction.data_pipeline.tools.multimodal - INFO - Successfully saved data
2025-03-21 11:55:59 - eeg_brain_state_prediction.data_pipeline.tools.multimodal - INFO - Loading data for modality: brainstates
2025-03-21 11:55:59 - eeg_brain_state_prediction.data_pipeline.tools.multimodal - INFO - Loading data for modality: eeg
2025-03-21 11:55:59 - eeg_brain_state_prediction.data_pipeline.tools.multimodal - INFO - Saving data to: /data2/Projects/eeg_fmri_natview/chang_data/derivatives/sub-0016/ses-01/multimodal/sub-0016_ses-01_task-MeRest_acq-mr0015_desc-Gfp8Caps_multimodal.pkl
2025-03-21 11:55:59 - eeg_brain_state_prediction.data_pipeline.tools.multimodal - INFO - Successfully saved data
2025-03-21 11:55:59 - eeg_brain_state_prediction.data_pipeline.tools.multimodal - INFO - Loading data for modality: brainstates
2025-03-21 11:55:59 - eeg_brain_state_prediction.data_pipeline.tools.multimodal - INFO - Loading data for modality: eeg
2025-03-21 11:55:59 - eeg_brain_state_prediction.data_pipeline.tools.multimodal - INFO - Saving data to: /data2/Projects/eeg_fmri_natview/chang_data/derivatives/sub-0016/ses-01/multimodal/sub-0016_ses-01_task-MeRest_acq-mr0006_desc-Gfp8Caps_multimodal.pkl
2025-03-21 11:55:59 - eeg_brain_state_prediction.data_pipeline.tools.multimodal - INFO - Successfully saved data
2025-03-21 11:55:59 - eeg_brain_state_prediction.data_pipeline.tools.multimodal - INFO - Loading data for modality: brainstates
2025-03-21 11:55:59 - eeg_brain_state_prediction.data_pipeline.tools.multimodal - INFO - Loading data for modality: eeg
2025-03-21 11:55:59 - eeg_brain_state_prediction.data_pipeline.tools.multimodal - INFO - Saving data to: /data2/Projects/eeg_fmri_natview/chang_data/derivatives/sub-0016/ses-01/multimodal/sub-0016_ses-01_task-MeRest_acq-mr0006_desc-Gfp8Caps_multimodal.pkl
2025-03-21 11:55:59 - eeg_brain_state_prediction.data_pipeline.tools.multimodal - INFO - Successfully saved data
2025-03-21 11:55:59 - eeg_brain_state_prediction.data_pipeline.tools.multimodal - INFO - Loading data for modality: brainstates
2025-03-21 11:55:59 - eeg_brain_state_prediction.data_pipeline.tools.multimodal - INFO - Loading data for modality: eeg
2025-03-21 11:55:59 - eeg_brain_state_prediction.data_pipeline.tools.multimodal - INFO - Saving data to: /data2/Projects/eeg_fmri_natview/chang_data/derivatives/sub-0016/ses-01/multimodal/sub-0016_ses-01_task-MeRest_acq-mr0015_desc-Gfp8Caps_multimodal.pkl
2025-03-21 11:55:59 - eeg_brain_state_prediction.data_pipeline.tools.multimodal - INFO - Successfully saved data
2025-03-21 11:55:59 - eeg_brain_state_prediction.data_pipeline.tools.multimodal - INFO - Loading data for modality: brainstates
2025-03-21 11:55:59 - eeg_brain_state_prediction.data_pipeline.tools.multimodal - INFO - Loading data for modality: eeg
2025-03-21 11:55:59 - eeg_brain_state_prediction.data_pipeline.tools.multimodal - INFO - Saving data to: /data2/Projects/eeg_fmri_natview/chang_data/derivatives/sub-0016/ses-01/multimodal/sub-0016_ses-01_task-MeRest_acq-mr0006_desc-Gfp8Caps_multimodal.pkl
2025-03-21 11:55:59 - eeg_brain_state_prediction.data_pipeline.tools.multimodal - INFO - Successfully saved data
2025-03-21 11:55:59 - eeg_brain_state_prediction.data_pipeline.tools.multimodal - INFO - Loading data for modality: brainstates
2025-03-21 11:55:59 - eeg_brain_state_prediction.data_pipeline.tools.multimodal - INFO - Loading data for modality: eeg
2025-03-21 11:55:59 - eeg_brain_state_prediction.data_pipeline.tools.multimodal - INFO - Saving data to: /data2/Projects/eeg_fmri_natview/chang_data/derivatives/sub-0016/ses-01/multimodal/sub-0016_ses-01_task-MeRest_acq-mr0015_desc-Gfp8Caps_multimodal.pkl
2025-03-21 11:55:59 - eeg_brain_state_prediction.data_pipeline.tools.multimodal - INFO - Successfully saved data
2025-03-21 11:55:59 - eeg_brain_state_prediction.data_pipeline.tools.multimodal - INFO - Loading data for modality: brainstates
2025-03-21 11:55:59 - eeg_brain_state_prediction.data_pipeline.tools.multimodal - INFO - Loading data for modality: eeg
2025-03-21 11:55:59 - eeg_brain_state_prediction.data_pipeline.tools.multimodal - INFO - Saving data to: /data2/Projects/eeg_fmri_natview/chang_data/derivatives/sub-0021/ses-01/multimodal/sub-0021_ses-01_task-MeRest_acq-mr0012_desc-Gfp8Caps_multimodal.pkl
2025-03-21 11:55:59 - eeg_brain_state_prediction.data_pipeline.tools.multimodal - INFO - Successfully saved data
2025-03-21 11:55:59 - eeg_brain_state_prediction.data_pipeline.tools.multimodal - INFO - Loading data for modality: brainstates
2025-03-21 11:55:59 - eeg_brain_state_prediction.data_pipeline.tools.multimodal - INFO - Loading data for modality: eeg
2025-03-21 11:55:59 - eeg_brain_state_prediction.data_pipeline.tools.multimodal - INFO - Saving data to: /data2/Projects/eeg_fmri_natview/chang_data/derivatives/sub-0021/ses-01/multimodal/sub-0021_ses-01_task-MeRest_acq-mr0012_desc-Gfp8Caps_multimodal.pkl
2025-03-21 11:55:59 - eeg_brain_state_prediction.data_pipeline.tools.multimodal - INFO - Successfully saved data
2025-03-21 11:55:59 - eeg_brain_state_prediction.data_pipeline.tools.multimodal - INFO - Loading data for modality: brainstates
2025-03-21 11:55:59 - eeg_brain_state_prediction.data_pipeline.tools.multimodal - INFO - Loading data for modality: eeg
2025-03-21 11:55:59 - eeg_brain_state_prediction.data_pipeline.tools.multimodal - INFO - Saving data to: /data2/Projects/eeg_fmri_natview/chang_data/derivatives/sub-0021/ses-01/multimodal/sub-0021_ses-01_task-MeRest_acq-mr0012_desc-Gfp8Caps_multimodal.pkl
2025-03-21 11:55:59 - eeg_brain_state_prediction.data_pipeline.tools.multimodal - INFO - Successfully saved data
2025-03-21 11:55:59 - eeg_brain_state_prediction.data_pipeline.tools.multimodal - INFO - Loading data for modality: brainstates
2025-03-21 11:55:59 - eeg_brain_state_prediction.data_pipeline.tools.multimodal - INFO - Loading data for modality: eeg
2025-03-21 11:55:59 - eeg_brain_state_prediction.data_pipeline.tools.multimodal - INFO - Saving data to: /data2/Projects/eeg_fmri_natview/chang_data/derivatives/sub-0021/ses-01/multimodal/sub-0021_ses-01_task-MeRest_acq-mr0012_desc-Gfp8Caps_multimodal.pkl
2025-03-21 11:56:00 - eeg_brain_state_prediction.data_pipeline.tools.multimodal - INFO - Successfully saved data
2025-03-21 11:56:00 - eeg_brain_state_prediction.data_pipeline.tools.multimodal - INFO - Loading data for modality: brainstates
2025-03-21 11:56:00 - eeg_brain_state_prediction.data_pipeline.tools.multimodal - INFO - Loading data for modality: eeg
2025-03-21 11:56:00 - eeg_brain_state_prediction.data_pipeline.tools.multimodal - INFO - Saving data to: /data2/Projects/eeg_fmri_natview/chang_data/derivatives/sub-0021/ses-01/multimodal/sub-0021_ses-01_task-MeRest_acq-mr0012_desc-Gfp8Caps_multimodal.pkl
2025-03-21 11:56:00 - eeg_brain_state_prediction.data_pipeline.tools.multimodal - INFO - Successfully saved data
2025-03-21 11:56:00 - eeg_brain_state_prediction.data_pipeline.tools.multimodal - INFO - Loading data for modality: brainstates
2025-03-21 11:56:00 - eeg_brain_state_prediction.data_pipeline.tools.multimodal - INFO - Loading data for modality: eeg
2025-03-21 11:56:00 - eeg_brain_state_prediction.data_pipeline.tools.multimodal - INFO - Saving data to: /data2/Projects/eeg_fmri_natview/chang_data/derivatives/sub-0021/ses-01/multimodal/sub-0021_ses-01_task-MeRest_acq-mr0012_desc-Gfp8Caps_multimodal.pkl
2025-03-21 11:56:00 - eeg_brain_state_prediction.data_pipeline.tools.multimodal - INFO - Successfully saved data
2025-03-21 11:56:00 - eeg_brain_state_prediction.data_pipeline.tools.multimodal - INFO - Loading data for modality: brainstates
2025-03-21 11:56:00 - eeg_brain_state_prediction.data_pipeline.tools.multimodal - INFO - Loading data for modality: eeg
2025-03-21 11:56:00 - eeg_brain_state_prediction.data_pipeline.tools.multimodal - INFO - Saving data to: /data2/Projects/eeg_fmri_natview/chang_data/derivatives/sub-0027/ses-01/multimodal/sub-0027_ses-01_task-MeRest_acq-mr0009_desc-Gfp8Caps_multimodal.pkl
2025-03-21 11:56:00 - eeg_brain_state_prediction.data_pipeline.tools.multimodal - INFO - Successfully saved data
2025-03-21 11:56:00 - eeg_brain_state_prediction.data_pipeline.tools.multimodal - INFO - Loading data for modality: brainstates
2025-03-21 11:56:00 - eeg_brain_state_prediction.data_pipeline.tools.multimodal - INFO - Loading data for modality: eeg
2025-03-21 11:56:00 - eeg_brain_state_prediction.data_pipeline.tools.multimodal - INFO - Saving data to: /data2/Projects/eeg_fmri_natview/chang_data/derivatives/sub-0027/ses-01/multimodal/sub-0027_ses-01_task-MeRest_acq-mr0009_desc-Gfp8Caps_multimodal.pkl
2025-03-21 11:56:00 - eeg_brain_state_prediction.data_pipeline.tools.multimodal - INFO - Successfully saved data
2025-03-21 11:56:00 - eeg_brain_state_prediction.data_pipeline.tools.multimodal - INFO - Loading data for modality: brainstates
2025-03-21 11:56:00 - eeg_brain_state_prediction.data_pipeline.tools.multimodal - INFO - Loading data for modality: eeg
2025-03-21 11:56:00 - eeg_brain_state_prediction.data_pipeline.tools.multimodal - INFO - Saving data to: /data2/Projects/eeg_fmri_natview/chang_data/derivatives/sub-0027/ses-01/multimodal/sub-0027_ses-01_task-MeRest_acq-mr0009_desc-Gfp8Caps_multimodal.pkl
2025-03-21 11:56:00 - eeg_brain_state_prediction.data_pipeline.tools.multimodal - INFO - Successfully saved data
2025-03-21 11:56:00 - eeg_brain_state_prediction.data_pipeline.tools.multimodal - INFO - Loading data for modality: brainstates
2025-03-21 11:56:00 - eeg_brain_state_prediction.data_pipeline.tools.multimodal - INFO - Loading data for modality: eeg
2025-03-21 11:56:00 - eeg_brain_state_prediction.data_pipeline.tools.multimodal - INFO - Saving data to: /data2/Projects/eeg_fmri_natview/chang_data/derivatives/sub-0027/ses-01/multimodal/sub-0027_ses-01_task-MeRest_acq-mr0009_desc-Gfp8Caps_multimodal.pkl
2025-03-21 11:56:00 - eeg_brain_state_prediction.data_pipeline.tools.multimodal - INFO - Successfully saved data
2025-03-21 11:56:00 - eeg_brain_state_prediction.data_pipeline.tools.multimodal - INFO - Loading data for modality: brainstates
2025-03-21 11:56:00 - eeg_brain_state_prediction.data_pipeline.tools.multimodal - INFO - Loading data for modality: eeg
2025-03-21 11:56:00 - eeg_brain_state_prediction.data_pipeline.tools.multimodal - INFO - Saving data to: /data2/Projects/eeg_fmri_natview/chang_data/derivatives/sub-0027/ses-01/multimodal/sub-0027_ses-01_task-MeRest_acq-mr0009_desc-Gfp8Caps_multimodal.pkl
2025-03-21 11:56:00 - eeg_brain_state_prediction.data_pipeline.tools.multimodal - INFO - Successfully saved data
2025-03-21 11:56:00 - eeg_brain_state_prediction.data_pipeline.tools.multimodal - INFO - Loading data for modality: brainstates
2025-03-21 11:56:00 - eeg_brain_state_prediction.data_pipeline.tools.multimodal - INFO - Loading data for modality: eeg
2025-03-21 11:56:00 - eeg_brain_state_prediction.data_pipeline.tools.multimodal - INFO - Saving data to: /data2/Projects/eeg_fmri_natview/chang_data/derivatives/sub-0027/ses-01/multimodal/sub-0027_ses-01_task-MeRest_acq-mr0009_desc-Gfp8Caps_multimodal.pkl
2025-03-21 11:56:00 - eeg_brain_state_prediction.data_pipeline.tools.multimodal - INFO - Successfully saved data
2025-03-21 11:56:00 - eeg_brain_state_prediction.data_pipeline.tools.multimodal - INFO - Loading data for modality: brainstates
2025-03-21 11:56:00 - eeg_brain_state_prediction.data_pipeline.tools.multimodal - INFO - Loading data for modality: eeg
2025-03-21 11:56:01 - eeg_brain_state_prediction.data_pipeline.tools.multimodal - INFO - Saving data to: /data2/Projects/eeg_fmri_natview/chang_data/derivatives/sub-0028/ses-01/multimodal/sub-0028_ses-01_task-MeRest_acq-mr0012_desc-Gfp8Caps_multimodal.pkl
2025-03-21 11:56:01 - eeg_brain_state_prediction.data_pipeline.tools.multimodal - INFO - Successfully saved data
2025-03-21 11:56:01 - eeg_brain_state_prediction.data_pipeline.tools.multimodal - INFO - Loading data for modality: brainstates
2025-03-21 11:56:01 - eeg_brain_state_prediction.data_pipeline.tools.multimodal - INFO - Loading data for modality: eeg
2025-03-21 11:56:01 - eeg_brain_state_prediction.data_pipeline.tools.multimodal - INFO - Saving data to: /data2/Projects/eeg_fmri_natview/chang_data/derivatives/sub-0028/ses-01/multimodal/sub-0028_ses-01_task-MeRest_acq-mr0012_desc-Gfp8Caps_multimodal.pkl
2025-03-21 11:56:01 - eeg_brain_state_prediction.data_pipeline.tools.multimodal - INFO - Successfully saved data
2025-03-21 11:56:01 - eeg_brain_state_prediction.data_pipeline.tools.multimodal - INFO - Loading data for modality: brainstates
2025-03-21 11:56:01 - eeg_brain_state_prediction.data_pipeline.tools.multimodal - INFO - Loading data for modality: eeg
2025-03-21 11:56:01 - eeg_brain_state_prediction.data_pipeline.tools.multimodal - INFO - Saving data to: /data2/Projects/eeg_fmri_natview/chang_data/derivatives/sub-0028/ses-01/multimodal/sub-0028_ses-01_task-MeRest_acq-mr0012_desc-Gfp8Caps_multimodal.pkl
2025-03-21 11:56:01 - eeg_brain_state_prediction.data_pipeline.tools.multimodal - INFO - Successfully saved data
2025-03-21 11:56:01 - eeg_brain_state_prediction.data_pipeline.tools.multimodal - INFO - Loading data for modality: brainstates
2025-03-21 11:56:01 - eeg_brain_state_prediction.data_pipeline.tools.multimodal - INFO - Loading data for modality: eeg
2025-03-21 11:56:01 - eeg_brain_state_prediction.data_pipeline.tools.multimodal - INFO - Saving data to: /data2/Projects/eeg_fmri_natview/chang_data/derivatives/sub-0028/ses-01/multimodal/sub-0028_ses-01_task-MeRest_acq-mr0012_desc-Gfp8Caps_multimodal.pkl
2025-03-21 11:56:01 - eeg_brain_state_prediction.data_pipeline.tools.multimodal - INFO - Successfully saved data
2025-03-21 11:56:01 - eeg_brain_state_prediction.data_pipeline.tools.multimodal - INFO - Loading data for modality: brainstates
2025-03-21 11:56:01 - eeg_brain_state_prediction.data_pipeline.tools.multimodal - INFO - Loading data for modality: eeg
2025-03-21 11:56:01 - eeg_brain_state_prediction.data_pipeline.tools.multimodal - INFO - Saving data to: /data2/Projects/eeg_fmri_natview/chang_data/derivatives/sub-0028/ses-01/multimodal/sub-0028_ses-01_task-MeRest_acq-mr0012_desc-Gfp8Caps_multimodal.pkl
2025-03-21 11:56:01 - eeg_brain_state_prediction.data_pipeline.tools.multimodal - INFO - Successfully saved data
2025-03-21 11:56:01 - eeg_brain_state_prediction.data_pipeline.tools.multimodal - INFO - Loading data for modality: brainstates
2025-03-21 11:56:01 - eeg_brain_state_prediction.data_pipeline.tools.multimodal - INFO - Loading data for modality: eeg
2025-03-21 11:56:01 - eeg_brain_state_prediction.data_pipeline.tools.multimodal - INFO - Saving data to: /data2/Projects/eeg_fmri_natview/chang_data/derivatives/sub-0028/ses-01/multimodal/sub-0028_ses-01_task-MeRest_acq-mr0012_desc-Gfp8Caps_multimodal.pkl
2025-03-21 11:56:01 - eeg_brain_state_prediction.data_pipeline.tools.multimodal - INFO - Successfully saved data
2025-03-21 11:56:01 - eeg_brain_state_prediction.data_pipeline.tools.multimodal - INFO - Loading data for modality: brainstates
2025-03-21 11:56:01 - eeg_brain_state_prediction.data_pipeline.tools.multimodal - INFO - Loading data for modality: eeg
2025-03-21 11:56:01 - eeg_brain_state_prediction.data_pipeline.tools.multimodal - INFO - Saving data to: /data2/Projects/eeg_fmri_natview/chang_data/derivatives/sub-0029/ses-01/multimodal/sub-0029_ses-01_task-MeRest_acq-mr0012_desc-Gfp8Caps_multimodal.pkl
2025-03-21 11:56:01 - eeg_brain_state_prediction.data_pipeline.tools.multimodal - INFO - Successfully saved data
2025-03-21 11:56:01 - eeg_brain_state_prediction.data_pipeline.tools.multimodal - INFO - Loading data for modality: brainstates
2025-03-21 11:56:01 - eeg_brain_state_prediction.data_pipeline.tools.multimodal - INFO - Loading data for modality: eeg
2025-03-21 11:56:01 - eeg_brain_state_prediction.data_pipeline.tools.multimodal - INFO - Saving data to: /data2/Projects/eeg_fmri_natview/chang_data/derivatives/sub-0029/ses-01/multimodal/sub-0029_ses-01_task-MeRest_acq-mr0012_desc-Gfp8Caps_multimodal.pkl
2025-03-21 11:56:01 - eeg_brain_state_prediction.data_pipeline.tools.multimodal - INFO - Successfully saved data
2025-03-21 11:56:01 - eeg_brain_state_prediction.data_pipeline.tools.multimodal - INFO - Loading data for modality: brainstates
2025-03-21 11:56:01 - eeg_brain_state_prediction.data_pipeline.tools.multimodal - INFO - Loading data for modality: eeg
2025-03-21 11:56:01 - eeg_brain_state_prediction.data_pipeline.tools.multimodal - INFO - Saving data to: /data2/Projects/eeg_fmri_natview/chang_data/derivatives/sub-0029/ses-01/multimodal/sub-0029_ses-01_task-MeRest_acq-mr0012_desc-Gfp8Caps_multimodal.pkl
2025-03-21 11:56:01 - eeg_brain_state_prediction.data_pipeline.tools.multimodal - INFO - Successfully saved data
2025-03-21 11:56:01 - eeg_brain_state_prediction.data_pipeline.tools.multimodal - INFO - Loading data for modality: brainstates
2025-03-21 11:56:01 - eeg_brain_state_prediction.data_pipeline.tools.multimodal - INFO - Loading data for modality: eeg
2025-03-21 11:56:01 - eeg_brain_state_prediction.data_pipeline.tools.multimodal - INFO - Saving data to: /data2/Projects/eeg_fmri_natview/chang_data/derivatives/sub-0029/ses-01/multimodal/sub-0029_ses-01_task-MeRest_acq-mr0012_desc-Gfp8Caps_multimodal.pkl
2025-03-21 11:56:01 - eeg_brain_state_prediction.data_pipeline.tools.multimodal - INFO - Successfully saved data
2025-03-21 11:56:01 - eeg_brain_state_prediction.data_pipeline.tools.multimodal - INFO - Loading data for modality: brainstates
2025-03-21 11:56:01 - eeg_brain_state_prediction.data_pipeline.tools.multimodal - INFO - Loading data for modality: eeg
2025-03-21 11:56:02 - eeg_brain_state_prediction.data_pipeline.tools.multimodal - INFO - Saving data to: /data2/Projects/eeg_fmri_natview/chang_data/derivatives/sub-0029/ses-01/multimodal/sub-0029_ses-01_task-MeRest_acq-mr0012_desc-Gfp8Caps_multimodal.pkl
2025-03-21 11:56:02 - eeg_brain_state_prediction.data_pipeline.tools.multimodal - INFO - Successfully saved data
2025-03-21 11:56:02 - eeg_brain_state_prediction.data_pipeline.tools.multimodal - INFO - Loading data for modality: brainstates
2025-03-21 11:56:02 - eeg_brain_state_prediction.data_pipeline.tools.multimodal - INFO - Loading data for modality: eeg
2025-03-21 11:56:02 - eeg_brain_state_prediction.data_pipeline.tools.multimodal - INFO - Saving data to: /data2/Projects/eeg_fmri_natview/chang_data/derivatives/sub-0029/ses-01/multimodal/sub-0029_ses-01_task-MeRest_acq-mr0012_desc-Gfp8Caps_multimodal.pkl
2025-03-21 11:56:02 - eeg_brain_state_prediction.data_pipeline.tools.multimodal - INFO - Successfully saved data
2025-03-21 11:56:02 - eeg_brain_state_prediction.data_pipeline.tools.multimodal - INFO - Loading data for modality: brainstates
2025-03-21 11:56:02 - eeg_brain_state_prediction.data_pipeline.tools.multimodal - INFO - Loading data for modality: eeg
2025-03-21 11:56:02 - eeg_brain_state_prediction.data_pipeline.tools.multimodal - INFO - Saving data to: /data2/Projects/eeg_fmri_natview/chang_data/derivatives/sub-0030/ses-01/multimodal/sub-0030_ses-01_task-MeRest_acq-mr0009_desc-Gfp8Caps_multimodal.pkl
2025-03-21 11:56:02 - eeg_brain_state_prediction.data_pipeline.tools.multimodal - INFO - Successfully saved data
2025-03-21 11:56:02 - eeg_brain_state_prediction.data_pipeline.tools.multimodal - INFO - Loading data for modality: brainstates
2025-03-21 11:56:02 - eeg_brain_state_prediction.data_pipeline.tools.multimodal - INFO - Loading data for modality: eeg
2025-03-21 11:56:02 - eeg_brain_state_prediction.data_pipeline.tools.multimodal - INFO - Saving data to: /data2/Projects/eeg_fmri_natview/chang_data/derivatives/sub-0030/ses-01/multimodal/sub-0030_ses-01_task-MeRest_acq-mr0009_desc-Gfp8Caps_multimodal.pkl
2025-03-21 11:56:02 - eeg_brain_state_prediction.data_pipeline.tools.multimodal - INFO - Successfully saved data
2025-03-21 11:56:02 - eeg_brain_state_prediction.data_pipeline.tools.multimodal - INFO - Loading data for modality: brainstates
2025-03-21 11:56:02 - eeg_brain_state_prediction.data_pipeline.tools.multimodal - INFO - Loading data for modality: eeg
2025-03-21 11:56:02 - eeg_brain_state_prediction.data_pipeline.tools.multimodal - INFO - Saving data to: /data2/Projects/eeg_fmri_natview/chang_data/derivatives/sub-0030/ses-01/multimodal/sub-0030_ses-01_task-MeRest_acq-mr0009_desc-Gfp8Caps_multimodal.pkl
2025-03-21 11:56:02 - eeg_brain_state_prediction.data_pipeline.tools.multimodal - INFO - Successfully saved data
2025-03-21 11:56:02 - eeg_brain_state_prediction.data_pipeline.tools.multimodal - INFO - Loading data for modality: brainstates
2025-03-21 11:56:02 - eeg_brain_state_prediction.data_pipeline.tools.multimodal - INFO - Loading data for modality: eeg
2025-03-21 11:56:02 - eeg_brain_state_prediction.data_pipeline.tools.multimodal - INFO - Saving data to: /data2/Projects/eeg_fmri_natview/chang_data/derivatives/sub-0030/ses-01/multimodal/sub-0030_ses-01_task-MeRest_acq-mr0009_desc-Gfp8Caps_multimodal.pkl
2025-03-21 11:56:02 - eeg_brain_state_prediction.data_pipeline.tools.multimodal - INFO - Successfully saved data
2025-03-21 11:56:02 - eeg_brain_state_prediction.data_pipeline.tools.multimodal - INFO - Loading data for modality: brainstates
2025-03-21 11:56:02 - eeg_brain_state_prediction.data_pipeline.tools.multimodal - INFO - Loading data for modality: eeg
2025-03-21 11:56:02 - eeg_brain_state_prediction.data_pipeline.tools.multimodal - INFO - Saving data to: /data2/Projects/eeg_fmri_natview/chang_data/derivatives/sub-0030/ses-01/multimodal/sub-0030_ses-01_task-MeRest_acq-mr0009_desc-Gfp8Caps_multimodal.pkl
2025-03-21 11:56:02 - eeg_brain_state_prediction.data_pipeline.tools.multimodal - INFO - Successfully saved data
2025-03-21 11:56:02 - eeg_brain_state_prediction.data_pipeline.tools.multimodal - INFO - Loading data for modality: brainstates
2025-03-21 11:56:02 - eeg_brain_state_prediction.data_pipeline.tools.multimodal - INFO - Loading data for modality: eeg
2025-03-21 11:56:02 - eeg_brain_state_prediction.data_pipeline.tools.multimodal - INFO - Saving data to: /data2/Projects/eeg_fmri_natview/chang_data/derivatives/sub-0030/ses-01/multimodal/sub-0030_ses-01_task-MeRest_acq-mr0009_desc-Gfp8Caps_multimodal.pkl
2025-03-21 11:56:02 - eeg_brain_state_prediction.data_pipeline.tools.multimodal - INFO - Successfully saved data
2025-03-21 11:56:02 - eeg_brain_state_prediction.data_pipeline.tools.multimodal - INFO - Loading data for modality: brainstates
2025-03-21 11:56:02 - eeg_brain_state_prediction.data_pipeline.tools.multimodal - INFO - Loading data for modality: eeg
2025-03-21 11:56:02 - eeg_brain_state_prediction.data_pipeline.tools.multimodal - INFO - Saving data to: /data2/Projects/eeg_fmri_natview/chang_data/derivatives/sub-0031/ses-01/multimodal/sub-0031_ses-01_task-MeRest_acq-mr0015_desc-Gfp8Caps_multimodal.pkl
2025-03-21 11:56:02 - eeg_brain_state_prediction.data_pipeline.tools.multimodal - INFO - Successfully saved data
2025-03-21 11:56:02 - eeg_brain_state_prediction.data_pipeline.tools.multimodal - INFO - Loading data for modality: brainstates
2025-03-21 11:56:02 - eeg_brain_state_prediction.data_pipeline.tools.multimodal - INFO - Loading data for modality: eeg
2025-03-21 11:56:03 - eeg_brain_state_prediction.data_pipeline.tools.multimodal - INFO - Saving data to: /data2/Projects/eeg_fmri_natview/chang_data/derivatives/sub-0031/ses-01/multimodal/sub-0031_ses-01_task-MeRest_acq-mr0015_desc-Gfp8Caps_multimodal.pkl
2025-03-21 11:56:03 - eeg_brain_state_prediction.data_pipeline.tools.multimodal - INFO - Successfully saved data
2025-03-21 11:56:03 - eeg_brain_state_prediction.data_pipeline.tools.multimodal - INFO - Loading data for modality: brainstates
2025-03-21 11:56:03 - eeg_brain_state_prediction.data_pipeline.tools.multimodal - INFO - Loading data for modality: eeg
2025-03-21 11:56:03 - eeg_brain_state_prediction.data_pipeline.tools.multimodal - INFO - Saving data to: /data2/Projects/eeg_fmri_natview/chang_data/derivatives/sub-0031/ses-01/multimodal/sub-0031_ses-01_task-MeRest_acq-mr0015_desc-Gfp8Caps_multimodal.pkl
2025-03-21 11:56:03 - eeg_brain_state_prediction.data_pipeline.tools.multimodal - INFO - Successfully saved data
2025-03-21 11:56:03 - eeg_brain_state_prediction.data_pipeline.tools.multimodal - INFO - Loading data for modality: brainstates
2025-03-21 11:56:03 - eeg_brain_state_prediction.data_pipeline.tools.multimodal - INFO - Loading data for modality: eeg
2025-03-21 11:56:03 - eeg_brain_state_prediction.data_pipeline.tools.multimodal - INFO - Saving data to: /data2/Projects/eeg_fmri_natview/chang_data/derivatives/sub-0031/ses-01/multimodal/sub-0031_ses-01_task-MeRest_acq-mr0015_desc-Gfp8Caps_multimodal.pkl
2025-03-21 11:56:03 - eeg_brain_state_prediction.data_pipeline.tools.multimodal - INFO - Successfully saved data
2025-03-21 11:56:03 - eeg_brain_state_prediction.data_pipeline.tools.multimodal - INFO - Loading data for modality: brainstates
2025-03-21 11:56:03 - eeg_brain_state_prediction.data_pipeline.tools.multimodal - INFO - Loading data for modality: eeg
2025-03-21 11:56:03 - eeg_brain_state_prediction.data_pipeline.tools.multimodal - INFO - Saving data to: /data2/Projects/eeg_fmri_natview/chang_data/derivatives/sub-0031/ses-01/multimodal/sub-0031_ses-01_task-MeRest_acq-mr0015_desc-Gfp8Caps_multimodal.pkl
2025-03-21 11:56:03 - eeg_brain_state_prediction.data_pipeline.tools.multimodal - INFO - Successfully saved data
2025-03-21 11:56:03 - eeg_brain_state_prediction.data_pipeline.tools.multimodal - INFO - Loading data for modality: brainstates
2025-03-21 11:56:03 - eeg_brain_state_prediction.data_pipeline.tools.multimodal - INFO - Loading data for modality: eeg
2025-03-21 11:56:03 - eeg_brain_state_prediction.data_pipeline.tools.multimodal - INFO - Saving data to: /data2/Projects/eeg_fmri_natview/chang_data/derivatives/sub-0031/ses-01/multimodal/sub-0031_ses-01_task-MeRest_acq-mr0015_desc-Gfp8Caps_multimodal.pkl
2025-03-21 11:56:03 - eeg_brain_state_prediction.data_pipeline.tools.multimodal - INFO - Successfully saved data
2025-03-21 11:56:03 - eeg_brain_state_prediction.data_pipeline.tools.multimodal - INFO - Loading data for modality: brainstates
2025-03-21 11:56:03 - eeg_brain_state_prediction.data_pipeline.tools.multimodal - INFO - Loading data for modality: eeg
2025-03-21 11:56:03 - eeg_brain_state_prediction.data_pipeline.tools.multimodal - INFO - Saving data to: /data2/Projects/eeg_fmri_natview/chang_data/derivatives/sub-0032/ses-01/multimodal/sub-0032_ses-01_task-MeRest_acq-mr0009_desc-Gfp8Caps_multimodal.pkl
2025-03-21 11:56:03 - eeg_brain_state_prediction.data_pipeline.tools.multimodal - INFO - Successfully saved data
2025-03-21 11:56:03 - eeg_brain_state_prediction.data_pipeline.tools.multimodal - INFO - Loading data for modality: brainstates
2025-03-21 11:56:03 - eeg_brain_state_prediction.data_pipeline.tools.multimodal - INFO - Loading data for modality: eeg
2025-03-21 11:56:03 - eeg_brain_state_prediction.data_pipeline.tools.multimodal - INFO - Saving data to: /data2/Projects/eeg_fmri_natview/chang_data/derivatives/sub-0032/ses-01/multimodal/sub-0032_ses-01_task-MeRest_acq-mr0009_desc-Gfp8Caps_multimodal.pkl
2025-03-21 11:56:03 - eeg_brain_state_prediction.data_pipeline.tools.multimodal - INFO - Successfully saved data
2025-03-21 11:56:03 - eeg_brain_state_prediction.data_pipeline.tools.multimodal - INFO - Loading data for modality: brainstates
2025-03-21 11:56:03 - eeg_brain_state_prediction.data_pipeline.tools.multimodal - INFO - Loading data for modality: eeg
2025-03-21 11:56:03 - eeg_brain_state_prediction.data_pipeline.tools.multimodal - INFO - Saving data to: /data2/Projects/eeg_fmri_natview/chang_data/derivatives/sub-0032/ses-01/multimodal/sub-0032_ses-01_task-MeRest_acq-mr0009_desc-Gfp8Caps_multimodal.pkl
2025-03-21 11:56:03 - eeg_brain_state_prediction.data_pipeline.tools.multimodal - INFO - Successfully saved data
2025-03-21 11:56:03 - eeg_brain_state_prediction.data_pipeline.tools.multimodal - INFO - Loading data for modality: brainstates
2025-03-21 11:56:03 - eeg_brain_state_prediction.data_pipeline.tools.multimodal - INFO - Loading data for modality: eeg
2025-03-21 11:56:03 - eeg_brain_state_prediction.data_pipeline.tools.multimodal - INFO - Saving data to: /data2/Projects/eeg_fmri_natview/chang_data/derivatives/sub-0032/ses-01/multimodal/sub-0032_ses-01_task-MeRest_acq-mr0009_desc-Gfp8Caps_multimodal.pkl
2025-03-21 11:56:03 - eeg_brain_state_prediction.data_pipeline.tools.multimodal - INFO - Successfully saved data
2025-03-21 11:56:03 - eeg_brain_state_prediction.data_pipeline.tools.multimodal - INFO - Loading data for modality: brainstates
2025-03-21 11:56:03 - eeg_brain_state_prediction.data_pipeline.tools.multimodal - INFO - Loading data for modality: eeg
2025-03-21 11:56:03 - eeg_brain_state_prediction.data_pipeline.tools.multimodal - INFO - Saving data to: /data2/Projects/eeg_fmri_natview/chang_data/derivatives/sub-0032/ses-01/multimodal/sub-0032_ses-01_task-MeRest_acq-mr0009_desc-Gfp8Caps_multimodal.pkl
2025-03-21 11:56:04 - eeg_brain_state_prediction.data_pipeline.tools.multimodal - INFO - Successfully saved data
2025-03-21 11:56:04 - eeg_brain_state_prediction.data_pipeline.tools.multimodal - INFO - Loading data for modality: brainstates
2025-03-21 11:56:04 - eeg_brain_state_prediction.data_pipeline.tools.multimodal - INFO - Loading data for modality: eeg
2025-03-21 11:56:04 - eeg_brain_state_prediction.data_pipeline.tools.multimodal - INFO - Saving data to: /data2/Projects/eeg_fmri_natview/chang_data/derivatives/sub-0032/ses-01/multimodal/sub-0032_ses-01_task-MeRest_acq-mr0009_desc-Gfp8Caps_multimodal.pkl
2025-03-21 11:56:04 - eeg_brain_state_prediction.data_pipeline.tools.multimodal - INFO - Successfully saved data
2025-03-31 09:53:29 - eeg_brain_state_prediction.data_pipeline.tools.multimodal - INFO - Loading data for modality: brainstates
2025-03-31 09:53:29 - eeg_brain_state_prediction.data_pipeline.tools.multimodal - INFO - Loading data for modality: eeg
2025-03-31 09:53:36 - eeg_brain_state_prediction.data_pipeline.tools.multimodal - INFO - Saving data to: /data2/Projects/eeg_fmri_natview/chang_data/derivatives/sub-0010/ses-01/multimodal/sub-0010_ses-01_task-MeRest_acq-mr0009_desc-SSDbandsEnv8Caps_multimodal.pkl
2025-03-31 09:53:36 - eeg_brain_state_prediction.data_pipeline.tools.multimodal - INFO - Successfully saved data
2025-03-31 09:53:36 - eeg_brain_state_prediction.data_pipeline.tools.multimodal - INFO - Loading data for modality: brainstates
2025-03-31 09:53:36 - eeg_brain_state_prediction.data_pipeline.tools.multimodal - INFO - Loading data for modality: eeg
2025-03-31 09:53:39 - eeg_brain_state_prediction.data_pipeline.tools.multimodal - INFO - Saving data to: /data2/Projects/eeg_fmri_natview/chang_data/derivatives/sub-0010/ses-01/multimodal/sub-0010_ses-01_task-MeRest_acq-mr0009_desc-SSDbandsEnv8Caps_multimodal.pkl
2025-03-31 09:53:39 - eeg_brain_state_prediction.data_pipeline.tools.multimodal - INFO - Successfully saved data
2025-03-31 09:53:39 - eeg_brain_state_prediction.data_pipeline.tools.multimodal - INFO - Loading data for modality: brainstates
2025-03-31 09:53:39 - eeg_brain_state_prediction.data_pipeline.tools.multimodal - INFO - Loading data for modality: eeg
2025-03-31 09:53:46 - eeg_brain_state_prediction.data_pipeline.tools.multimodal - INFO - Saving data to: /data2/Projects/eeg_fmri_natview/chang_data/derivatives/sub-0010/ses-01/multimodal/sub-0010_ses-01_task-MeRest_acq-mr0015_desc-SSDbandsEnv8Caps_multimodal.pkl
2025-03-31 09:53:46 - eeg_brain_state_prediction.data_pipeline.tools.multimodal - INFO - Successfully saved data
2025-03-31 09:53:46 - eeg_brain_state_prediction.data_pipeline.tools.multimodal - INFO - Loading data for modality: brainstates
2025-03-31 09:53:46 - eeg_brain_state_prediction.data_pipeline.tools.multimodal - INFO - Loading data for modality: eeg
2025-03-31 09:53:49 - eeg_brain_state_prediction.data_pipeline.tools.multimodal - INFO - Saving data to: /data2/Projects/eeg_fmri_natview/chang_data/derivatives/sub-0010/ses-01/multimodal/sub-0010_ses-01_task-MeRest_acq-mr0015_desc-SSDbandsEnv8Caps_multimodal.pkl
2025-03-31 09:53:49 - eeg_brain_state_prediction.data_pipeline.tools.multimodal - INFO - Successfully saved data
2025-03-31 09:53:49 - eeg_brain_state_prediction.data_pipeline.tools.multimodal - INFO - Loading data for modality: brainstates
2025-03-31 09:53:49 - eeg_brain_state_prediction.data_pipeline.tools.multimodal - INFO - Loading data for modality: eeg
2025-03-31 09:53:52 - eeg_brain_state_prediction.data_pipeline.tools.multimodal - INFO - Saving data to: /data2/Projects/eeg_fmri_natview/chang_data/derivatives/sub-0010/ses-01/multimodal/sub-0010_ses-01_task-MeRest_acq-mr0009_desc-SSDbandsEnv8Caps_multimodal.pkl
2025-03-31 09:53:52 - eeg_brain_state_prediction.data_pipeline.tools.multimodal - INFO - Successfully saved data
2025-03-31 09:53:52 - eeg_brain_state_prediction.data_pipeline.tools.multimodal - INFO - Loading data for modality: brainstates
2025-03-31 09:53:52 - eeg_brain_state_prediction.data_pipeline.tools.multimodal - INFO - Loading data for modality: eeg
2025-03-31 09:53:55 - eeg_brain_state_prediction.data_pipeline.tools.multimodal - INFO - Saving data to: /data2/Projects/eeg_fmri_natview/chang_data/derivatives/sub-0010/ses-01/multimodal/sub-0010_ses-01_task-MeRest_acq-mr0009_desc-SSDbandsEnv8Caps_multimodal.pkl
2025-03-31 09:53:55 - eeg_brain_state_prediction.data_pipeline.tools.multimodal - INFO - Successfully saved data
2025-03-31 09:53:55 - eeg_brain_state_prediction.data_pipeline.tools.multimodal - INFO - Loading data for modality: brainstates
2025-03-31 09:53:55 - eeg_brain_state_prediction.data_pipeline.tools.multimodal - INFO - Loading data for modality: eeg
2025-03-31 09:53:58 - eeg_brain_state_prediction.data_pipeline.tools.multimodal - INFO - Saving data to: /data2/Projects/eeg_fmri_natview/chang_data/derivatives/sub-0010/ses-01/multimodal/sub-0010_ses-01_task-MeRest_acq-mr0015_desc-SSDbandsEnv8Caps_multimodal.pkl
2025-03-31 09:53:58 - eeg_brain_state_prediction.data_pipeline.tools.multimodal - INFO - Successfully saved data
2025-03-31 09:53:58 - eeg_brain_state_prediction.data_pipeline.tools.multimodal - INFO - Loading data for modality: brainstates
2025-03-31 09:53:58 - eeg_brain_state_prediction.data_pipeline.tools.multimodal - INFO - Loading data for modality: eeg
2025-03-31 09:54:01 - eeg_brain_state_prediction.data_pipeline.tools.multimodal - INFO - Saving data to: /data2/Projects/eeg_fmri_natview/chang_data/derivatives/sub-0010/ses-01/multimodal/sub-0010_ses-01_task-MeRest_acq-mr0015_desc-SSDbandsEnv8Caps_multimodal.pkl
2025-03-31 09:54:01 - eeg_brain_state_prediction.data_pipeline.tools.multimodal - INFO - Successfully saved data
2025-03-31 09:54:01 - eeg_brain_state_prediction.data_pipeline.tools.multimodal - INFO - Loading data for modality: brainstates
2025-03-31 09:54:01 - eeg_brain_state_prediction.data_pipeline.tools.multimodal - INFO - Loading data for modality: eeg
2025-03-31 09:54:04 - eeg_brain_state_prediction.data_pipeline.tools.multimodal - INFO - Saving data to: /data2/Projects/eeg_fmri_natview/chang_data/derivatives/sub-0010/ses-01/multimodal/sub-0010_ses-01_task-MeRest_acq-mr0009_desc-SSDbandsEnv8Caps_multimodal.pkl
2025-03-31 09:54:04 - eeg_brain_state_prediction.data_pipeline.tools.multimodal - INFO - Successfully saved data
2025-03-31 09:54:04 - eeg_brain_state_prediction.data_pipeline.tools.multimodal - INFO - Loading data for modality: brainstates
2025-03-31 09:54:04 - eeg_brain_state_prediction.data_pipeline.tools.multimodal - INFO - Loading data for modality: eeg
2025-03-31 09:54:07 - eeg_brain_state_prediction.data_pipeline.tools.multimodal - INFO - Saving data to: /data2/Projects/eeg_fmri_natview/chang_data/derivatives/sub-0010/ses-01/multimodal/sub-0010_ses-01_task-MeRest_acq-mr0015_desc-SSDbandsEnv8Caps_multimodal.pkl
2025-03-31 09:54:07 - eeg_brain_state_prediction.data_pipeline.tools.multimodal - INFO - Successfully saved data
2025-03-31 09:54:07 - eeg_brain_state_prediction.data_pipeline.tools.multimodal - INFO - Loading data for modality: brainstates
2025-03-31 09:54:07 - eeg_brain_state_prediction.data_pipeline.tools.multimodal - INFO - Loading data for modality: eeg
2025-03-31 09:54:10 - eeg_brain_state_prediction.data_pipeline.tools.multimodal - INFO - Saving data to: /data2/Projects/eeg_fmri_natview/chang_data/derivatives/sub-0010/ses-01/multimodal/sub-0010_ses-01_task-MeRest_acq-mr0009_desc-SSDbandsEnv8Caps_multimodal.pkl
2025-03-31 09:54:10 - eeg_brain_state_prediction.data_pipeline.tools.multimodal - INFO - Successfully saved data
2025-03-31 09:54:10 - eeg_brain_state_prediction.data_pipeline.tools.multimodal - INFO - Loading data for modality: brainstates
2025-03-31 09:54:10 - eeg_brain_state_prediction.data_pipeline.tools.multimodal - INFO - Loading data for modality: eeg
2025-03-31 09:54:13 - eeg_brain_state_prediction.data_pipeline.tools.multimodal - INFO - Saving data to: /data2/Projects/eeg_fmri_natview/chang_data/derivatives/sub-0010/ses-01/multimodal/sub-0010_ses-01_task-MeRest_acq-mr0015_desc-SSDbandsEnv8Caps_multimodal.pkl
2025-03-31 09:54:13 - eeg_brain_state_prediction.data_pipeline.tools.multimodal - INFO - Successfully saved data
2025-03-31 09:54:13 - eeg_brain_state_prediction.data_pipeline.tools.multimodal - INFO - Loading data for modality: brainstates
2025-03-31 09:54:13 - eeg_brain_state_prediction.data_pipeline.tools.multimodal - INFO - Loading data for modality: eeg
2025-03-31 09:54:16 - eeg_brain_state_prediction.data_pipeline.tools.multimodal - INFO - Saving data to: /data2/Projects/eeg_fmri_natview/chang_data/derivatives/sub-0010/ses-01/multimodal/sub-0010_ses-01_task-MeRest_acq-mr0009_desc-SSDbandsEnv8Caps_multimodal.pkl
2025-03-31 09:54:16 - eeg_brain_state_prediction.data_pipeline.tools.multimodal - INFO - Successfully saved data
2025-03-31 09:54:16 - eeg_brain_state_prediction.data_pipeline.tools.multimodal - INFO - Loading data for modality: brainstates
2025-03-31 09:54:16 - eeg_brain_state_prediction.data_pipeline.tools.multimodal - INFO - Loading data for modality: eeg
2025-03-31 09:54:19 - eeg_brain_state_prediction.data_pipeline.tools.multimodal - INFO - Saving data to: /data2/Projects/eeg_fmri_natview/chang_data/derivatives/sub-0010/ses-01/multimodal/sub-0010_ses-01_task-MeRest_acq-mr0015_desc-SSDbandsEnv8Caps_multimodal.pkl
2025-03-31 09:54:19 - eeg_brain_state_prediction.data_pipeline.tools.multimodal - INFO - Successfully saved data
2025-03-31 09:54:19 - eeg_brain_state_prediction.data_pipeline.tools.multimodal - INFO - Loading data for modality: brainstates
2025-03-31 09:54:19 - eeg_brain_state_prediction.data_pipeline.tools.multimodal - INFO - Loading data for modality: eeg
2025-03-31 09:54:22 - eeg_brain_state_prediction.data_pipeline.tools.multimodal - INFO - Saving data to: /data2/Projects/eeg_fmri_natview/chang_data/derivatives/sub-0010/ses-01/multimodal/sub-0010_ses-01_task-MeRest_acq-mr0009_desc-SSDbandsEnv8Caps_multimodal.pkl
2025-03-31 09:54:22 - eeg_brain_state_prediction.data_pipeline.tools.multimodal - INFO - Successfully saved data
2025-03-31 09:54:22 - eeg_brain_state_prediction.data_pipeline.tools.multimodal - INFO - Loading data for modality: brainstates
2025-03-31 09:54:22 - eeg_brain_state_prediction.data_pipeline.tools.multimodal - INFO - Loading data for modality: eeg
2025-03-31 09:54:25 - eeg_brain_state_prediction.data_pipeline.tools.multimodal - INFO - Saving data to: /data2/Projects/eeg_fmri_natview/chang_data/derivatives/sub-0010/ses-01/multimodal/sub-0010_ses-01_task-MeRest_acq-mr0015_desc-SSDbandsEnv8Caps_multimodal.pkl
2025-03-31 09:54:25 - eeg_brain_state_prediction.data_pipeline.tools.multimodal - INFO - Successfully saved data
2025-03-31 09:54:25 - eeg_brain_state_prediction.data_pipeline.tools.multimodal - INFO - Loading data for modality: brainstates
2025-03-31 09:54:25 - eeg_brain_state_prediction.data_pipeline.tools.multimodal - INFO - Loading data for modality: eeg
2025-03-31 09:54:28 - eeg_brain_state_prediction.data_pipeline.tools.multimodal - INFO - Saving data to: /data2/Projects/eeg_fmri_natview/chang_data/derivatives/sub-0010/ses-01/multimodal/sub-0010_ses-01_task-MeRest_acq-mr0009_desc-SSDbandsEnv8Caps_multimodal.pkl
2025-03-31 09:54:28 - eeg_brain_state_prediction.data_pipeline.tools.multimodal - INFO - Successfully saved data
2025-03-31 09:54:28 - eeg_brain_state_prediction.data_pipeline.tools.multimodal - INFO - Loading data for modality: brainstates
2025-03-31 09:54:28 - eeg_brain_state_prediction.data_pipeline.tools.multimodal - INFO - Loading data for modality: eeg
2025-03-31 09:54:31 - eeg_brain_state_prediction.data_pipeline.tools.multimodal - INFO - Saving data to: /data2/Projects/eeg_fmri_natview/chang_data/derivatives/sub-0010/ses-01/multimodal/sub-0010_ses-01_task-MeRest_acq-mr0015_desc-SSDbandsEnv8Caps_multimodal.pkl
2025-03-31 09:54:31 - eeg_brain_state_prediction.data_pipeline.tools.multimodal - INFO - Successfully saved data
2025-03-31 09:54:31 - eeg_brain_state_prediction.data_pipeline.tools.multimodal - INFO - Loading data for modality: brainstates
2025-03-31 09:54:31 - eeg_brain_state_prediction.data_pipeline.tools.multimodal - INFO - Loading data for modality: eeg
2025-03-31 09:54:38 - eeg_brain_state_prediction.data_pipeline.tools.multimodal - INFO - Saving data to: /data2/Projects/eeg_fmri_natview/chang_data/derivatives/sub-0012/ses-01/multimodal/sub-0012_ses-01_task-MeRest_acq-mr0018_desc-SSDbandsEnv8Caps_multimodal.pkl
2025-03-31 09:54:38 - eeg_brain_state_prediction.data_pipeline.tools.multimodal - INFO - Successfully saved data
2025-03-31 09:54:38 - eeg_brain_state_prediction.data_pipeline.tools.multimodal - INFO - Loading data for modality: brainstates
2025-03-31 09:54:38 - eeg_brain_state_prediction.data_pipeline.tools.multimodal - INFO - Loading data for modality: eeg
2025-03-31 09:54:41 - eeg_brain_state_prediction.data_pipeline.tools.multimodal - INFO - Saving data to: /data2/Projects/eeg_fmri_natview/chang_data/derivatives/sub-0012/ses-01/multimodal/sub-0012_ses-01_task-MeRest_acq-mr0018_desc-SSDbandsEnv8Caps_multimodal.pkl
2025-03-31 09:54:41 - eeg_brain_state_prediction.data_pipeline.tools.multimodal - INFO - Successfully saved data
2025-03-31 09:54:41 - eeg_brain_state_prediction.data_pipeline.tools.multimodal - INFO - Loading data for modality: brainstates
2025-03-31 09:54:41 - eeg_brain_state_prediction.data_pipeline.tools.multimodal - INFO - Loading data for modality: eeg
2025-03-31 09:54:48 - eeg_brain_state_prediction.data_pipeline.tools.multimodal - INFO - Saving data to: /data2/Projects/eeg_fmri_natview/chang_data/derivatives/sub-0012/ses-01/multimodal/sub-0012_ses-01_task-MeRest_acq-mr0012_desc-SSDbandsEnv8Caps_multimodal.pkl
2025-03-31 09:54:48 - eeg_brain_state_prediction.data_pipeline.tools.multimodal - INFO - Successfully saved data
2025-03-31 09:54:48 - eeg_brain_state_prediction.data_pipeline.tools.multimodal - INFO - Loading data for modality: brainstates
2025-03-31 09:54:48 - eeg_brain_state_prediction.data_pipeline.tools.multimodal - INFO - Loading data for modality: eeg
2025-03-31 09:54:51 - eeg_brain_state_prediction.data_pipeline.tools.multimodal - INFO - Saving data to: /data2/Projects/eeg_fmri_natview/chang_data/derivatives/sub-0012/ses-01/multimodal/sub-0012_ses-01_task-MeRest_acq-mr0012_desc-SSDbandsEnv8Caps_multimodal.pkl
2025-03-31 09:54:51 - eeg_brain_state_prediction.data_pipeline.tools.multimodal - INFO - Successfully saved data
2025-03-31 09:54:51 - eeg_brain_state_prediction.data_pipeline.tools.multimodal - INFO - Loading data for modality: brainstates
2025-03-31 09:54:51 - eeg_brain_state_prediction.data_pipeline.tools.multimodal - INFO - Loading data for modality: eeg
2025-03-31 09:54:54 - eeg_brain_state_prediction.data_pipeline.tools.multimodal - INFO - Saving data to: /data2/Projects/eeg_fmri_natview/chang_data/derivatives/sub-0012/ses-01/multimodal/sub-0012_ses-01_task-MeRest_acq-mr0012_desc-SSDbandsEnv8Caps_multimodal.pkl
2025-03-31 09:54:54 - eeg_brain_state_prediction.data_pipeline.tools.multimodal - INFO - Successfully saved data
2025-03-31 09:54:54 - eeg_brain_state_prediction.data_pipeline.tools.multimodal - INFO - Loading data for modality: brainstates
2025-03-31 09:54:54 - eeg_brain_state_prediction.data_pipeline.tools.multimodal - INFO - Loading data for modality: eeg
2025-03-31 09:54:57 - eeg_brain_state_prediction.data_pipeline.tools.multimodal - INFO - Saving data to: /data2/Projects/eeg_fmri_natview/chang_data/derivatives/sub-0012/ses-01/multimodal/sub-0012_ses-01_task-MeRest_acq-mr0018_desc-SSDbandsEnv8Caps_multimodal.pkl
2025-03-31 09:54:57 - eeg_brain_state_prediction.data_pipeline.tools.multimodal - INFO - Successfully saved data
2025-03-31 09:54:57 - eeg_brain_state_prediction.data_pipeline.tools.multimodal - INFO - Loading data for modality: brainstates
2025-03-31 09:54:57 - eeg_brain_state_prediction.data_pipeline.tools.multimodal - INFO - Loading data for modality: eeg
2025-03-31 09:55:00 - eeg_brain_state_prediction.data_pipeline.tools.multimodal - INFO - Saving data to: /data2/Projects/eeg_fmri_natview/chang_data/derivatives/sub-0012/ses-01/multimodal/sub-0012_ses-01_task-MeRest_acq-mr0012_desc-SSDbandsEnv8Caps_multimodal.pkl
2025-03-31 09:55:00 - eeg_brain_state_prediction.data_pipeline.tools.multimodal - INFO - Successfully saved data
2025-03-31 09:55:00 - eeg_brain_state_prediction.data_pipeline.tools.multimodal - INFO - Loading data for modality: brainstates
2025-03-31 09:55:00 - eeg_brain_state_prediction.data_pipeline.tools.multimodal - INFO - Loading data for modality: eeg
2025-03-31 09:55:03 - eeg_brain_state_prediction.data_pipeline.tools.multimodal - INFO - Saving data to: /data2/Projects/eeg_fmri_natview/chang_data/derivatives/sub-0012/ses-01/multimodal/sub-0012_ses-01_task-MeRest_acq-mr0018_desc-SSDbandsEnv8Caps_multimodal.pkl
2025-03-31 09:55:03 - eeg_brain_state_prediction.data_pipeline.tools.multimodal - INFO - Successfully saved data
2025-03-31 09:55:03 - eeg_brain_state_prediction.data_pipeline.tools.multimodal - INFO - Loading data for modality: brainstates
2025-03-31 09:55:03 - eeg_brain_state_prediction.data_pipeline.tools.multimodal - INFO - Loading data for modality: eeg
2025-03-31 09:55:06 - eeg_brain_state_prediction.data_pipeline.tools.multimodal - INFO - Saving data to: /data2/Projects/eeg_fmri_natview/chang_data/derivatives/sub-0012/ses-01/multimodal/sub-0012_ses-01_task-MeRest_acq-mr0012_desc-SSDbandsEnv8Caps_multimodal.pkl
2025-03-31 09:55:06 - eeg_brain_state_prediction.data_pipeline.tools.multimodal - INFO - Successfully saved data
2025-03-31 09:55:06 - eeg_brain_state_prediction.data_pipeline.tools.multimodal - INFO - Loading data for modality: brainstates
2025-03-31 09:55:06 - eeg_brain_state_prediction.data_pipeline.tools.multimodal - INFO - Loading data for modality: eeg
2025-03-31 09:55:09 - eeg_brain_state_prediction.data_pipeline.tools.multimodal - INFO - Saving data to: /data2/Projects/eeg_fmri_natview/chang_data/derivatives/sub-0012/ses-01/multimodal/sub-0012_ses-01_task-MeRest_acq-mr0018_desc-SSDbandsEnv8Caps_multimodal.pkl
2025-03-31 09:55:09 - eeg_brain_state_prediction.data_pipeline.tools.multimodal - INFO - Successfully saved data
2025-03-31 09:55:09 - eeg_brain_state_prediction.data_pipeline.tools.multimodal - INFO - Loading data for modality: brainstates
2025-03-31 09:55:09 - eeg_brain_state_prediction.data_pipeline.tools.multimodal - INFO - Loading data for modality: eeg
2025-03-31 09:55:12 - eeg_brain_state_prediction.data_pipeline.tools.multimodal - INFO - Saving data to: /data2/Projects/eeg_fmri_natview/chang_data/derivatives/sub-0012/ses-01/multimodal/sub-0012_ses-01_task-MeRest_acq-mr0012_desc-SSDbandsEnv8Caps_multimodal.pkl
2025-03-31 09:55:12 - eeg_brain_state_prediction.data_pipeline.tools.multimodal - INFO - Successfully saved data
2025-03-31 09:55:12 - eeg_brain_state_prediction.data_pipeline.tools.multimodal - INFO - Loading data for modality: brainstates
2025-03-31 09:55:12 - eeg_brain_state_prediction.data_pipeline.tools.multimodal - INFO - Loading data for modality: eeg
2025-03-31 09:55:15 - eeg_brain_state_prediction.data_pipeline.tools.multimodal - INFO - Saving data to: /data2/Projects/eeg_fmri_natview/chang_data/derivatives/sub-0012/ses-01/multimodal/sub-0012_ses-01_task-MeRest_acq-mr0018_desc-SSDbandsEnv8Caps_multimodal.pkl
2025-03-31 09:55:15 - eeg_brain_state_prediction.data_pipeline.tools.multimodal - INFO - Successfully saved data
2025-03-31 09:55:15 - eeg_brain_state_prediction.data_pipeline.tools.multimodal - INFO - Loading data for modality: brainstates
2025-03-31 09:55:15 - eeg_brain_state_prediction.data_pipeline.tools.multimodal - INFO - Loading data for modality: eeg
2025-03-31 09:55:18 - eeg_brain_state_prediction.data_pipeline.tools.multimodal - INFO - Saving data to: /data2/Projects/eeg_fmri_natview/chang_data/derivatives/sub-0012/ses-01/multimodal/sub-0012_ses-01_task-MeRest_acq-mr0012_desc-SSDbandsEnv8Caps_multimodal.pkl
2025-03-31 09:55:19 - eeg_brain_state_prediction.data_pipeline.tools.multimodal - INFO - Successfully saved data
2025-03-31 09:55:19 - eeg_brain_state_prediction.data_pipeline.tools.multimodal - INFO - Loading data for modality: brainstates
2025-03-31 09:55:19 - eeg_brain_state_prediction.data_pipeline.tools.multimodal - INFO - Loading data for modality: eeg
2025-03-31 09:55:22 - eeg_brain_state_prediction.data_pipeline.tools.multimodal - INFO - Saving data to: /data2/Projects/eeg_fmri_natview/chang_data/derivatives/sub-0012/ses-01/multimodal/sub-0012_ses-01_task-MeRest_acq-mr0018_desc-SSDbandsEnv8Caps_multimodal.pkl
2025-03-31 09:55:22 - eeg_brain_state_prediction.data_pipeline.tools.multimodal - INFO - Successfully saved data
2025-03-31 09:55:22 - eeg_brain_state_prediction.data_pipeline.tools.multimodal - INFO - Loading data for modality: brainstates
2025-03-31 09:55:22 - eeg_brain_state_prediction.data_pipeline.tools.multimodal - INFO - Loading data for modality: eeg
2025-03-31 09:55:25 - eeg_brain_state_prediction.data_pipeline.tools.multimodal - INFO - Saving data to: /data2/Projects/eeg_fmri_natview/chang_data/derivatives/sub-0012/ses-01/multimodal/sub-0012_ses-01_task-MeRest_acq-mr0018_desc-SSDbandsEnv8Caps_multimodal.pkl
2025-03-31 09:55:25 - eeg_brain_state_prediction.data_pipeline.tools.multimodal - INFO - Successfully saved data
2025-03-31 09:55:25 - eeg_brain_state_prediction.data_pipeline.tools.multimodal - INFO - Loading data for modality: brainstates
2025-03-31 09:55:25 - eeg_brain_state_prediction.data_pipeline.tools.multimodal - INFO - Loading data for modality: eeg
2025-03-31 09:55:28 - eeg_brain_state_prediction.data_pipeline.tools.multimodal - INFO - Saving data to: /data2/Projects/eeg_fmri_natview/chang_data/derivatives/sub-0012/ses-01/multimodal/sub-0012_ses-01_task-MeRest_acq-mr0012_desc-SSDbandsEnv8Caps_multimodal.pkl
2025-03-31 09:55:28 - eeg_brain_state_prediction.data_pipeline.tools.multimodal - INFO - Successfully saved data
2025-03-31 09:55:28 - eeg_brain_state_prediction.data_pipeline.tools.multimodal - INFO - Loading data for modality: brainstates
2025-03-31 09:55:28 - eeg_brain_state_prediction.data_pipeline.tools.multimodal - INFO - Loading data for modality: eeg
2025-03-31 09:55:31 - eeg_brain_state_prediction.data_pipeline.tools.multimodal - INFO - Saving data to: /data2/Projects/eeg_fmri_natview/chang_data/derivatives/sub-0012/ses-01/multimodal/sub-0012_ses-01_task-MeRest_acq-mr0018_desc-SSDbandsEnv8Caps_multimodal.pkl
2025-03-31 09:55:31 - eeg_brain_state_prediction.data_pipeline.tools.multimodal - INFO - Successfully saved data
2025-03-31 09:55:31 - eeg_brain_state_prediction.data_pipeline.tools.multimodal - INFO - Loading data for modality: brainstates
2025-03-31 09:55:31 - eeg_brain_state_prediction.data_pipeline.tools.multimodal - INFO - Loading data for modality: eeg
2025-03-31 09:55:34 - eeg_brain_state_prediction.data_pipeline.tools.multimodal - INFO - Saving data to: /data2/Projects/eeg_fmri_natview/chang_data/derivatives/sub-0012/ses-01/multimodal/sub-0012_ses-01_task-MeRest_acq-mr0012_desc-SSDbandsEnv8Caps_multimodal.pkl
2025-03-31 09:55:34 - eeg_brain_state_prediction.data_pipeline.tools.multimodal - INFO - Successfully saved data
2025-03-31 09:55:34 - eeg_brain_state_prediction.data_pipeline.tools.multimodal - INFO - Loading data for modality: brainstates
2025-03-31 09:55:34 - eeg_brain_state_prediction.data_pipeline.tools.multimodal - INFO - Loading data for modality: eeg
2025-03-31 09:55:41 - eeg_brain_state_prediction.data_pipeline.tools.multimodal - INFO - Saving data to: /data2/Projects/eeg_fmri_natview/chang_data/derivatives/sub-0014/ses-01/multimodal/sub-0014_ses-01_task-MeRest_acq-mr0018_desc-SSDbandsEnv8Caps_multimodal.pkl
2025-03-31 09:55:41 - eeg_brain_state_prediction.data_pipeline.tools.multimodal - INFO - Successfully saved data
2025-03-31 09:55:41 - eeg_brain_state_prediction.data_pipeline.tools.multimodal - INFO - Loading data for modality: brainstates
2025-03-31 09:55:41 - eeg_brain_state_prediction.data_pipeline.tools.multimodal - INFO - Loading data for modality: eeg
2025-03-31 09:55:44 - eeg_brain_state_prediction.data_pipeline.tools.multimodal - INFO - Saving data to: /data2/Projects/eeg_fmri_natview/chang_data/derivatives/sub-0014/ses-01/multimodal/sub-0014_ses-01_task-MeRest_acq-mr0018_desc-SSDbandsEnv8Caps_multimodal.pkl
2025-03-31 09:55:44 - eeg_brain_state_prediction.data_pipeline.tools.multimodal - INFO - Successfully saved data
2025-03-31 09:55:44 - eeg_brain_state_prediction.data_pipeline.tools.multimodal - INFO - Loading data for modality: brainstates
2025-03-31 09:55:44 - eeg_brain_state_prediction.data_pipeline.tools.multimodal - INFO - Loading data for modality: eeg
2025-03-31 09:55:51 - eeg_brain_state_prediction.data_pipeline.tools.multimodal - INFO - Saving data to: /data2/Projects/eeg_fmri_natview/chang_data/derivatives/sub-0014/ses-01/multimodal/sub-0014_ses-01_task-MeRest_acq-mr0012_desc-SSDbandsEnv8Caps_multimodal.pkl
2025-03-31 09:55:51 - eeg_brain_state_prediction.data_pipeline.tools.multimodal - INFO - Successfully saved data
2025-03-31 09:55:51 - eeg_brain_state_prediction.data_pipeline.tools.multimodal - INFO - Loading data for modality: brainstates
2025-03-31 09:55:51 - eeg_brain_state_prediction.data_pipeline.tools.multimodal - INFO - Loading data for modality: eeg
2025-03-31 09:55:54 - eeg_brain_state_prediction.data_pipeline.tools.multimodal - INFO - Saving data to: /data2/Projects/eeg_fmri_natview/chang_data/derivatives/sub-0014/ses-01/multimodal/sub-0014_ses-01_task-MeRest_acq-mr0012_desc-SSDbandsEnv8Caps_multimodal.pkl
2025-03-31 09:55:54 - eeg_brain_state_prediction.data_pipeline.tools.multimodal - INFO - Successfully saved data
2025-03-31 09:55:54 - eeg_brain_state_prediction.data_pipeline.tools.multimodal - INFO - Loading data for modality: brainstates
2025-03-31 09:55:54 - eeg_brain_state_prediction.data_pipeline.tools.multimodal - INFO - Loading data for modality: eeg
2025-03-31 09:55:56 - eeg_brain_state_prediction.data_pipeline.tools.multimodal - INFO - Saving data to: /data2/Projects/eeg_fmri_natview/chang_data/derivatives/sub-0014/ses-01/multimodal/sub-0014_ses-01_task-MeRest_acq-mr0012_desc-SSDbandsEnv8Caps_multimodal.pkl
2025-03-31 09:55:56 - eeg_brain_state_prediction.data_pipeline.tools.multimodal - INFO - Successfully saved data
2025-03-31 09:55:56 - eeg_brain_state_prediction.data_pipeline.tools.multimodal - INFO - Loading data for modality: brainstates
2025-03-31 09:55:56 - eeg_brain_state_prediction.data_pipeline.tools.multimodal - INFO - Loading data for modality: eeg
2025-03-31 09:55:59 - eeg_brain_state_prediction.data_pipeline.tools.multimodal - INFO - Saving data to: /data2/Projects/eeg_fmri_natview/chang_data/derivatives/sub-0014/ses-01/multimodal/sub-0014_ses-01_task-MeRest_acq-mr0018_desc-SSDbandsEnv8Caps_multimodal.pkl
2025-03-31 09:55:59 - eeg_brain_state_prediction.data_pipeline.tools.multimodal - INFO - Successfully saved data
2025-03-31 09:55:59 - eeg_brain_state_prediction.data_pipeline.tools.multimodal - INFO - Loading data for modality: brainstates
2025-03-31 09:55:59 - eeg_brain_state_prediction.data_pipeline.tools.multimodal - INFO - Loading data for modality: eeg
2025-03-31 09:56:02 - eeg_brain_state_prediction.data_pipeline.tools.multimodal - INFO - Saving data to: /data2/Projects/eeg_fmri_natview/chang_data/derivatives/sub-0014/ses-01/multimodal/sub-0014_ses-01_task-MeRest_acq-mr0012_desc-SSDbandsEnv8Caps_multimodal.pkl
2025-03-31 09:56:02 - eeg_brain_state_prediction.data_pipeline.tools.multimodal - INFO - Successfully saved data
2025-03-31 09:56:02 - eeg_brain_state_prediction.data_pipeline.tools.multimodal - INFO - Loading data for modality: brainstates
2025-03-31 09:56:02 - eeg_brain_state_prediction.data_pipeline.tools.multimodal - INFO - Loading data for modality: eeg
2025-03-31 09:56:05 - eeg_brain_state_prediction.data_pipeline.tools.multimodal - INFO - Saving data to: /data2/Projects/eeg_fmri_natview/chang_data/derivatives/sub-0014/ses-01/multimodal/sub-0014_ses-01_task-MeRest_acq-mr0018_desc-SSDbandsEnv8Caps_multimodal.pkl
2025-03-31 09:56:05 - eeg_brain_state_prediction.data_pipeline.tools.multimodal - INFO - Successfully saved data
2025-03-31 09:56:05 - eeg_brain_state_prediction.data_pipeline.tools.multimodal - INFO - Loading data for modality: brainstates
2025-03-31 09:56:05 - eeg_brain_state_prediction.data_pipeline.tools.multimodal - INFO - Loading data for modality: eeg
2025-03-31 09:56:08 - eeg_brain_state_prediction.data_pipeline.tools.multimodal - INFO - Saving data to: /data2/Projects/eeg_fmri_natview/chang_data/derivatives/sub-0014/ses-01/multimodal/sub-0014_ses-01_task-MeRest_acq-mr0012_desc-SSDbandsEnv8Caps_multimodal.pkl
2025-03-31 09:56:08 - eeg_brain_state_prediction.data_pipeline.tools.multimodal - INFO - Successfully saved data
2025-03-31 09:56:08 - eeg_brain_state_prediction.data_pipeline.tools.multimodal - INFO - Loading data for modality: brainstates
2025-03-31 09:56:08 - eeg_brain_state_prediction.data_pipeline.tools.multimodal - INFO - Loading data for modality: eeg
2025-03-31 09:56:11 - eeg_brain_state_prediction.data_pipeline.tools.multimodal - INFO - Saving data to: /data2/Projects/eeg_fmri_natview/chang_data/derivatives/sub-0014/ses-01/multimodal/sub-0014_ses-01_task-MeRest_acq-mr0018_desc-SSDbandsEnv8Caps_multimodal.pkl
2025-03-31 09:56:11 - eeg_brain_state_prediction.data_pipeline.tools.multimodal - INFO - Successfully saved data
2025-03-31 09:56:11 - eeg_brain_state_prediction.data_pipeline.tools.multimodal - INFO - Loading data for modality: brainstates
2025-03-31 09:56:11 - eeg_brain_state_prediction.data_pipeline.tools.multimodal - INFO - Loading data for modality: eeg
2025-03-31 09:56:14 - eeg_brain_state_prediction.data_pipeline.tools.multimodal - INFO - Saving data to: /data2/Projects/eeg_fmri_natview/chang_data/derivatives/sub-0014/ses-01/multimodal/sub-0014_ses-01_task-MeRest_acq-mr0012_desc-SSDbandsEnv8Caps_multimodal.pkl
2025-03-31 09:56:14 - eeg_brain_state_prediction.data_pipeline.tools.multimodal - INFO - Successfully saved data
2025-03-31 09:56:14 - eeg_brain_state_prediction.data_pipeline.tools.multimodal - INFO - Loading data for modality: brainstates
2025-03-31 09:56:14 - eeg_brain_state_prediction.data_pipeline.tools.multimodal - INFO - Loading data for modality: eeg
2025-03-31 09:56:16 - eeg_brain_state_prediction.data_pipeline.tools.multimodal - INFO - Saving data to: /data2/Projects/eeg_fmri_natview/chang_data/derivatives/sub-0014/ses-01/multimodal/sub-0014_ses-01_task-MeRest_acq-mr0018_desc-SSDbandsEnv8Caps_multimodal.pkl
2025-03-31 09:56:16 - eeg_brain_state_prediction.data_pipeline.tools.multimodal - INFO - Successfully saved data
2025-03-31 09:56:16 - eeg_brain_state_prediction.data_pipeline.tools.multimodal - INFO - Loading data for modality: brainstates
2025-03-31 09:56:16 - eeg_brain_state_prediction.data_pipeline.tools.multimodal - INFO - Loading data for modality: eeg
2025-03-31 09:56:19 - eeg_brain_state_prediction.data_pipeline.tools.multimodal - INFO - Saving data to: /data2/Projects/eeg_fmri_natview/chang_data/derivatives/sub-0014/ses-01/multimodal/sub-0014_ses-01_task-MeRest_acq-mr0012_desc-SSDbandsEnv8Caps_multimodal.pkl
2025-03-31 09:56:19 - eeg_brain_state_prediction.data_pipeline.tools.multimodal - INFO - Successfully saved data
2025-03-31 09:56:19 - eeg_brain_state_prediction.data_pipeline.tools.multimodal - INFO - Loading data for modality: brainstates
2025-03-31 09:56:19 - eeg_brain_state_prediction.data_pipeline.tools.multimodal - INFO - Loading data for modality: eeg
2025-03-31 09:56:22 - eeg_brain_state_prediction.data_pipeline.tools.multimodal - INFO - Saving data to: /data2/Projects/eeg_fmri_natview/chang_data/derivatives/sub-0014/ses-01/multimodal/sub-0014_ses-01_task-MeRest_acq-mr0018_desc-SSDbandsEnv8Caps_multimodal.pkl
2025-03-31 09:56:22 - eeg_brain_state_prediction.data_pipeline.tools.multimodal - INFO - Successfully saved data
2025-03-31 09:56:22 - eeg_brain_state_prediction.data_pipeline.tools.multimodal - INFO - Loading data for modality: brainstates
2025-03-31 09:56:22 - eeg_brain_state_prediction.data_pipeline.tools.multimodal - INFO - Loading data for modality: eeg
2025-03-31 09:56:25 - eeg_brain_state_prediction.data_pipeline.tools.multimodal - INFO - Saving data to: /data2/Projects/eeg_fmri_natview/chang_data/derivatives/sub-0014/ses-01/multimodal/sub-0014_ses-01_task-MeRest_acq-mr0018_desc-SSDbandsEnv8Caps_multimodal.pkl
2025-03-31 09:56:25 - eeg_brain_state_prediction.data_pipeline.tools.multimodal - INFO - Successfully saved data
2025-03-31 09:56:25 - eeg_brain_state_prediction.data_pipeline.tools.multimodal - INFO - Loading data for modality: brainstates
2025-03-31 09:56:25 - eeg_brain_state_prediction.data_pipeline.tools.multimodal - INFO - Loading data for modality: eeg
2025-03-31 09:56:28 - eeg_brain_state_prediction.data_pipeline.tools.multimodal - INFO - Saving data to: /data2/Projects/eeg_fmri_natview/chang_data/derivatives/sub-0014/ses-01/multimodal/sub-0014_ses-01_task-MeRest_acq-mr0012_desc-SSDbandsEnv8Caps_multimodal.pkl
2025-03-31 09:56:28 - eeg_brain_state_prediction.data_pipeline.tools.multimodal - INFO - Successfully saved data
2025-03-31 09:56:28 - eeg_brain_state_prediction.data_pipeline.tools.multimodal - INFO - Loading data for modality: brainstates
2025-03-31 09:56:28 - eeg_brain_state_prediction.data_pipeline.tools.multimodal - INFO - Loading data for modality: eeg
2025-03-31 09:56:31 - eeg_brain_state_prediction.data_pipeline.tools.multimodal - INFO - Saving data to: /data2/Projects/eeg_fmri_natview/chang_data/derivatives/sub-0014/ses-01/multimodal/sub-0014_ses-01_task-MeRest_acq-mr0018_desc-SSDbandsEnv8Caps_multimodal.pkl
2025-03-31 09:56:31 - eeg_brain_state_prediction.data_pipeline.tools.multimodal - INFO - Successfully saved data
2025-03-31 09:56:31 - eeg_brain_state_prediction.data_pipeline.tools.multimodal - INFO - Loading data for modality: brainstates
2025-03-31 09:56:31 - eeg_brain_state_prediction.data_pipeline.tools.multimodal - INFO - Loading data for modality: eeg
2025-03-31 09:56:31 - eeg_brain_state_prediction.data_pipeline.tools.multimodal - INFO - Loading data for modality: brainstates
2025-03-31 09:56:31 - eeg_brain_state_prediction.data_pipeline.tools.multimodal - INFO - Loading data for modality: eeg
2025-03-31 09:56:34 - eeg_brain_state_prediction.data_pipeline.tools.multimodal - INFO - Saving data to: /data2/Projects/eeg_fmri_natview/chang_data/derivatives/sub-0014/ses-01/multimodal/sub-0014_ses-01_task-MeRest_acq-mr0012_desc-SSDbandsEnv8Caps_multimodal.pkl
2025-03-31 09:56:34 - eeg_brain_state_prediction.data_pipeline.tools.multimodal - INFO - Successfully saved data
2025-03-31 09:56:34 - eeg_brain_state_prediction.data_pipeline.tools.multimodal - INFO - Loading data for modality: brainstates
2025-03-31 09:56:34 - eeg_brain_state_prediction.data_pipeline.tools.multimodal - INFO - Loading data for modality: eeg
2025-03-31 09:56:35 - eeg_brain_state_prediction.data_pipeline.tools.multimodal - INFO - Saving data to: /data2/Projects/eeg_fmri_natview/chang_data/derivatives/sub-0010/ses-01/multimodal/sub-0010_ses-01_task-MeRest_acq-mr0009_desc-SSDbandsEnv8Caps_multimodal.pkl
2025-03-31 09:56:35 - eeg_brain_state_prediction.data_pipeline.tools.multimodal - INFO - Successfully saved data
2025-03-31 09:56:35 - eeg_brain_state_prediction.data_pipeline.tools.multimodal - INFO - Loading data for modality: brainstates
2025-03-31 09:56:35 - eeg_brain_state_prediction.data_pipeline.tools.multimodal - INFO - Loading data for modality: eeg
2025-03-31 09:56:38 - eeg_brain_state_prediction.data_pipeline.tools.multimodal - INFO - Saving data to: /data2/Projects/eeg_fmri_natview/chang_data/derivatives/sub-0010/ses-01/multimodal/sub-0010_ses-01_task-MeRest_acq-mr0009_desc-SSDbandsEnv8Caps_multimodal.pkl
2025-03-31 09:56:38 - eeg_brain_state_prediction.data_pipeline.tools.multimodal - INFO - Successfully saved data
2025-03-31 09:56:38 - eeg_brain_state_prediction.data_pipeline.tools.multimodal - INFO - Loading data for modality: brainstates
2025-03-31 09:56:38 - eeg_brain_state_prediction.data_pipeline.tools.multimodal - INFO - Loading data for modality: eeg
2025-03-31 09:56:41 - eeg_brain_state_prediction.data_pipeline.tools.multimodal - INFO - Saving data to: /data2/Projects/eeg_fmri_natview/chang_data/derivatives/sub-0016/ses-01/multimodal/sub-0016_ses-01_task-MeRest_acq-mr0006_desc-SSDbandsEnv8Caps_multimodal.pkl
2025-03-31 09:56:41 - eeg_brain_state_prediction.data_pipeline.tools.multimodal - INFO - Successfully saved data
2025-03-31 09:56:41 - eeg_brain_state_prediction.data_pipeline.tools.multimodal - INFO - Loading data for modality: brainstates
2025-03-31 09:56:41 - eeg_brain_state_prediction.data_pipeline.tools.multimodal - INFO - Loading data for modality: eeg
2025-03-31 09:56:41 - eeg_brain_state_prediction.data_pipeline.tools.multimodal - INFO - Saving data to: /data2/Projects/eeg_fmri_natview/chang_data/derivatives/sub-0010/ses-01/multimodal/sub-0010_ses-01_task-MeRest_acq-mr0015_desc-SSDbandsEnv8Caps_multimodal.pkl
2025-03-31 09:56:41 - eeg_brain_state_prediction.data_pipeline.tools.multimodal - INFO - Successfully saved data
2025-03-31 09:56:41 - eeg_brain_state_prediction.data_pipeline.tools.multimodal - INFO - Loading data for modality: brainstates
2025-03-31 09:56:41 - eeg_brain_state_prediction.data_pipeline.tools.multimodal - INFO - Loading data for modality: eeg
2025-03-31 09:56:44 - eeg_brain_state_prediction.data_pipeline.tools.multimodal - INFO - Saving data to: /data2/Projects/eeg_fmri_natview/chang_data/derivatives/sub-0016/ses-01/multimodal/sub-0016_ses-01_task-MeRest_acq-mr0006_desc-SSDbandsEnv8Caps_multimodal.pkl
2025-03-31 09:56:44 - eeg_brain_state_prediction.data_pipeline.tools.multimodal - INFO - Successfully saved data
2025-03-31 09:56:44 - eeg_brain_state_prediction.data_pipeline.tools.multimodal - INFO - Loading data for modality: brainstates
2025-03-31 09:56:44 - eeg_brain_state_prediction.data_pipeline.tools.multimodal - INFO - Loading data for modality: eeg
2025-03-31 09:56:44 - eeg_brain_state_prediction.data_pipeline.tools.multimodal - INFO - Saving data to: /data2/Projects/eeg_fmri_natview/chang_data/derivatives/sub-0010/ses-01/multimodal/sub-0010_ses-01_task-MeRest_acq-mr0015_desc-SSDbandsEnv8Caps_multimodal.pkl
2025-03-31 09:56:44 - eeg_brain_state_prediction.data_pipeline.tools.multimodal - INFO - Successfully saved data
2025-03-31 09:56:44 - eeg_brain_state_prediction.data_pipeline.tools.multimodal - INFO - Loading data for modality: brainstates
2025-03-31 09:56:44 - eeg_brain_state_prediction.data_pipeline.tools.multimodal - INFO - Loading data for modality: eeg
2025-03-31 09:56:47 - eeg_brain_state_prediction.data_pipeline.tools.multimodal - INFO - Saving data to: /data2/Projects/eeg_fmri_natview/chang_data/derivatives/sub-0010/ses-01/multimodal/sub-0010_ses-01_task-MeRest_acq-mr0009_desc-SSDbandsEnv8Caps_multimodal.pkl
2025-03-31 09:56:47 - eeg_brain_state_prediction.data_pipeline.tools.multimodal - INFO - Successfully saved data
2025-03-31 09:56:47 - eeg_brain_state_prediction.data_pipeline.tools.multimodal - INFO - Loading data for modality: brainstates
2025-03-31 09:56:47 - eeg_brain_state_prediction.data_pipeline.tools.multimodal - INFO - Loading data for modality: eeg
2025-03-31 09:56:50 - eeg_brain_state_prediction.data_pipeline.tools.multimodal - INFO - Saving data to: /data2/Projects/eeg_fmri_natview/chang_data/derivatives/sub-0010/ses-01/multimodal/sub-0010_ses-01_task-MeRest_acq-mr0009_desc-SSDbandsEnv8Caps_multimodal.pkl
2025-03-31 09:56:50 - eeg_brain_state_prediction.data_pipeline.tools.multimodal - INFO - Successfully saved data
2025-03-31 09:56:50 - eeg_brain_state_prediction.data_pipeline.tools.multimodal - INFO - Loading data for modality: brainstates
2025-03-31 09:56:50 - eeg_brain_state_prediction.data_pipeline.tools.multimodal - INFO - Loading data for modality: eeg
2025-03-31 09:56:51 - eeg_brain_state_prediction.data_pipeline.tools.multimodal - INFO - Saving data to: /data2/Projects/eeg_fmri_natview/chang_data/derivatives/sub-0016/ses-01/multimodal/sub-0016_ses-01_task-MeRest_acq-mr0015_desc-SSDbandsEnv8Caps_multimodal.pkl
2025-03-31 09:56:51 - eeg_brain_state_prediction.data_pipeline.tools.multimodal - INFO - Successfully saved data
2025-03-31 09:56:51 - eeg_brain_state_prediction.data_pipeline.tools.multimodal - INFO - Loading data for modality: brainstates
2025-03-31 09:56:51 - eeg_brain_state_prediction.data_pipeline.tools.multimodal - INFO - Loading data for modality: eeg
2025-03-31 09:56:53 - eeg_brain_state_prediction.data_pipeline.tools.multimodal - INFO - Saving data to: /data2/Projects/eeg_fmri_natview/chang_data/derivatives/sub-0010/ses-01/multimodal/sub-0010_ses-01_task-MeRest_acq-mr0015_desc-SSDbandsEnv8Caps_multimodal.pkl
2025-03-31 09:56:53 - eeg_brain_state_prediction.data_pipeline.tools.multimodal - INFO - Successfully saved data
2025-03-31 09:56:53 - eeg_brain_state_prediction.data_pipeline.tools.multimodal - INFO - Loading data for modality: brainstates
2025-03-31 09:56:53 - eeg_brain_state_prediction.data_pipeline.tools.multimodal - INFO - Loading data for modality: eeg
2025-03-31 09:56:54 - eeg_brain_state_prediction.data_pipeline.tools.multimodal - INFO - Saving data to: /data2/Projects/eeg_fmri_natview/chang_data/derivatives/sub-0016/ses-01/multimodal/sub-0016_ses-01_task-MeRest_acq-mr0015_desc-SSDbandsEnv8Caps_multimodal.pkl
2025-03-31 09:56:54 - eeg_brain_state_prediction.data_pipeline.tools.multimodal - INFO - Successfully saved data
2025-03-31 09:56:54 - eeg_brain_state_prediction.data_pipeline.tools.multimodal - INFO - Loading data for modality: brainstates
2025-03-31 09:56:54 - eeg_brain_state_prediction.data_pipeline.tools.multimodal - INFO - Loading data for modality: eeg
2025-03-31 09:56:56 - eeg_brain_state_prediction.data_pipeline.tools.multimodal - INFO - Saving data to: /data2/Projects/eeg_fmri_natview/chang_data/derivatives/sub-0016/ses-01/multimodal/sub-0016_ses-01_task-MeRest_acq-mr0015_desc-SSDbandsEnv8Caps_multimodal.pkl
2025-03-31 09:56:56 - eeg_brain_state_prediction.data_pipeline.tools.multimodal - INFO - Saving data to: /data2/Projects/eeg_fmri_natview/chang_data/derivatives/sub-0010/ses-01/multimodal/sub-0010_ses-01_task-MeRest_acq-mr0015_desc-SSDbandsEnv8Caps_multimodal.pkl
2025-03-31 09:56:57 - eeg_brain_state_prediction.data_pipeline.tools.multimodal - INFO - Successfully saved data
2025-03-31 09:56:57 - eeg_brain_state_prediction.data_pipeline.tools.multimodal - INFO - Loading data for modality: brainstates
2025-03-31 09:56:57 - eeg_brain_state_prediction.data_pipeline.tools.multimodal - INFO - Loading data for modality: eeg
2025-03-31 09:56:57 - eeg_brain_state_prediction.data_pipeline.tools.multimodal - INFO - Successfully saved data
2025-03-31 09:56:57 - eeg_brain_state_prediction.data_pipeline.tools.multimodal - INFO - Loading data for modality: brainstates
2025-03-31 09:56:57 - eeg_brain_state_prediction.data_pipeline.tools.multimodal - INFO - Loading data for modality: eeg
2025-03-31 09:56:59 - eeg_brain_state_prediction.data_pipeline.tools.multimodal - INFO - Saving data to: /data2/Projects/eeg_fmri_natview/chang_data/derivatives/sub-0016/ses-01/multimodal/sub-0016_ses-01_task-MeRest_acq-mr0006_desc-SSDbandsEnv8Caps_multimodal.pkl
2025-03-31 09:57:00 - eeg_brain_state_prediction.data_pipeline.tools.multimodal - INFO - Successfully saved data
2025-03-31 09:57:00 - eeg_brain_state_prediction.data_pipeline.tools.multimodal - INFO - Loading data for modality: brainstates
2025-03-31 09:57:00 - eeg_brain_state_prediction.data_pipeline.tools.multimodal - INFO - Saving data to: /data2/Projects/eeg_fmri_natview/chang_data/derivatives/sub-0010/ses-01/multimodal/sub-0010_ses-01_task-MeRest_acq-mr0009_desc-SSDbandsEnv8Caps_multimodal.pkl
2025-03-31 09:57:00 - eeg_brain_state_prediction.data_pipeline.tools.multimodal - INFO - Loading data for modality: eeg
2025-03-31 09:57:00 - eeg_brain_state_prediction.data_pipeline.tools.multimodal - INFO - Successfully saved data
2025-03-31 09:57:00 - eeg_brain_state_prediction.data_pipeline.tools.multimodal - INFO - Loading data for modality: brainstates
2025-03-31 09:57:00 - eeg_brain_state_prediction.data_pipeline.tools.multimodal - INFO - Loading data for modality: eeg
2025-03-31 09:57:02 - eeg_brain_state_prediction.data_pipeline.tools.multimodal - INFO - Saving data to: /data2/Projects/eeg_fmri_natview/chang_data/derivatives/sub-0016/ses-01/multimodal/sub-0016_ses-01_task-MeRest_acq-mr0015_desc-SSDbandsEnv8Caps_multimodal.pkl
2025-03-31 09:57:03 - eeg_brain_state_prediction.data_pipeline.tools.multimodal - INFO - Successfully saved data
2025-03-31 09:57:03 - eeg_brain_state_prediction.data_pipeline.tools.multimodal - INFO - Loading data for modality: brainstates
2025-03-31 09:57:03 - eeg_brain_state_prediction.data_pipeline.tools.multimodal - INFO - Loading data for modality: eeg
2025-03-31 09:57:03 - eeg_brain_state_prediction.data_pipeline.tools.multimodal - INFO - Saving data to: /data2/Projects/eeg_fmri_natview/chang_data/derivatives/sub-0010/ses-01/multimodal/sub-0010_ses-01_task-MeRest_acq-mr0015_desc-SSDbandsEnv8Caps_multimodal.pkl
2025-03-31 09:57:03 - eeg_brain_state_prediction.data_pipeline.tools.multimodal - INFO - Successfully saved data
2025-03-31 09:57:03 - eeg_brain_state_prediction.data_pipeline.tools.multimodal - INFO - Loading data for modality: brainstates
2025-03-31 09:57:03 - eeg_brain_state_prediction.data_pipeline.tools.multimodal - INFO - Loading data for modality: eeg
2025-03-31 09:57:05 - eeg_brain_state_prediction.data_pipeline.tools.multimodal - INFO - Saving data to: /data2/Projects/eeg_fmri_natview/chang_data/derivatives/sub-0016/ses-01/multimodal/sub-0016_ses-01_task-MeRest_acq-mr0006_desc-SSDbandsEnv8Caps_multimodal.pkl
2025-03-31 09:57:06 - eeg_brain_state_prediction.data_pipeline.tools.multimodal - INFO - Successfully saved data
2025-03-31 09:57:06 - eeg_brain_state_prediction.data_pipeline.tools.multimodal - INFO - Loading data for modality: brainstates
2025-03-31 09:57:06 - eeg_brain_state_prediction.data_pipeline.tools.multimodal - INFO - Loading data for modality: eeg
2025-03-31 09:57:06 - eeg_brain_state_prediction.data_pipeline.tools.multimodal - INFO - Saving data to: /data2/Projects/eeg_fmri_natview/chang_data/derivatives/sub-0010/ses-01/multimodal/sub-0010_ses-01_task-MeRest_acq-mr0009_desc-SSDbandsEnv8Caps_multimodal.pkl
2025-03-31 09:57:06 - eeg_brain_state_prediction.data_pipeline.tools.multimodal - INFO - Successfully saved data
2025-03-31 09:57:06 - eeg_brain_state_prediction.data_pipeline.tools.multimodal - INFO - Loading data for modality: brainstates
2025-03-31 09:57:06 - eeg_brain_state_prediction.data_pipeline.tools.multimodal - INFO - Loading data for modality: eeg
2025-03-31 09:57:08 - eeg_brain_state_prediction.data_pipeline.tools.multimodal - INFO - Saving data to: /data2/Projects/eeg_fmri_natview/chang_data/derivatives/sub-0016/ses-01/multimodal/sub-0016_ses-01_task-MeRest_acq-mr0015_desc-SSDbandsEnv8Caps_multimodal.pkl
2025-03-31 09:57:08 - eeg_brain_state_prediction.data_pipeline.tools.multimodal - INFO - Successfully saved data
2025-03-31 09:57:08 - eeg_brain_state_prediction.data_pipeline.tools.multimodal - INFO - Loading data for modality: brainstates
2025-03-31 09:57:08 - eeg_brain_state_prediction.data_pipeline.tools.multimodal - INFO - Loading data for modality: eeg
2025-03-31 09:57:09 - eeg_brain_state_prediction.data_pipeline.tools.multimodal - INFO - Saving data to: /data2/Projects/eeg_fmri_natview/chang_data/derivatives/sub-0010/ses-01/multimodal/sub-0010_ses-01_task-MeRest_acq-mr0015_desc-SSDbandsEnv8Caps_multimodal.pkl
2025-03-31 09:57:09 - eeg_brain_state_prediction.data_pipeline.tools.multimodal - INFO - Successfully saved data
2025-03-31 09:57:09 - eeg_brain_state_prediction.data_pipeline.tools.multimodal - INFO - Loading data for modality: brainstates
2025-03-31 09:57:09 - eeg_brain_state_prediction.data_pipeline.tools.multimodal - INFO - Loading data for modality: eeg
2025-03-31 09:57:11 - eeg_brain_state_prediction.data_pipeline.tools.multimodal - INFO - Saving data to: /data2/Projects/eeg_fmri_natview/chang_data/derivatives/sub-0016/ses-01/multimodal/sub-0016_ses-01_task-MeRest_acq-mr0006_desc-SSDbandsEnv8Caps_multimodal.pkl
2025-03-31 09:57:11 - eeg_brain_state_prediction.data_pipeline.tools.multimodal - INFO - Successfully saved data
2025-03-31 09:57:11 - eeg_brain_state_prediction.data_pipeline.tools.multimodal - INFO - Loading data for modality: brainstates
2025-03-31 09:57:11 - eeg_brain_state_prediction.data_pipeline.tools.multimodal - INFO - Loading data for modality: eeg
2025-03-31 09:57:12 - eeg_brain_state_prediction.data_pipeline.tools.multimodal - INFO - Saving data to: /data2/Projects/eeg_fmri_natview/chang_data/derivatives/sub-0010/ses-01/multimodal/sub-0010_ses-01_task-MeRest_acq-mr0009_desc-SSDbandsEnv8Caps_multimodal.pkl
2025-03-31 09:57:12 - eeg_brain_state_prediction.data_pipeline.tools.multimodal - INFO - Successfully saved data
2025-03-31 09:57:12 - eeg_brain_state_prediction.data_pipeline.tools.multimodal - INFO - Loading data for modality: brainstates
2025-03-31 09:57:12 - eeg_brain_state_prediction.data_pipeline.tools.multimodal - INFO - Loading data for modality: eeg
2025-03-31 09:57:14 - eeg_brain_state_prediction.data_pipeline.tools.multimodal - INFO - Saving data to: /data2/Projects/eeg_fmri_natview/chang_data/derivatives/sub-0016/ses-01/multimodal/sub-0016_ses-01_task-MeRest_acq-mr0015_desc-SSDbandsEnv8Caps_multimodal.pkl
2025-03-31 09:57:14 - eeg_brain_state_prediction.data_pipeline.tools.multimodal - INFO - Successfully saved data
2025-03-31 09:57:14 - eeg_brain_state_prediction.data_pipeline.tools.multimodal - INFO - Loading data for modality: brainstates
2025-03-31 09:57:14 - eeg_brain_state_prediction.data_pipeline.tools.multimodal - INFO - Loading data for modality: eeg
2025-03-31 09:57:15 - eeg_brain_state_prediction.data_pipeline.tools.multimodal - INFO - Saving data to: /data2/Projects/eeg_fmri_natview/chang_data/derivatives/sub-0010/ses-01/multimodal/sub-0010_ses-01_task-MeRest_acq-mr0015_desc-SSDbandsEnv8Caps_multimodal.pkl
2025-03-31 09:57:15 - eeg_brain_state_prediction.data_pipeline.tools.multimodal - INFO - Successfully saved data
2025-03-31 09:57:15 - eeg_brain_state_prediction.data_pipeline.tools.multimodal - INFO - Loading data for modality: brainstates
2025-03-31 09:57:15 - eeg_brain_state_prediction.data_pipeline.tools.multimodal - INFO - Loading data for modality: eeg
2025-03-31 09:57:17 - eeg_brain_state_prediction.data_pipeline.tools.multimodal - INFO - Saving data to: /data2/Projects/eeg_fmri_natview/chang_data/derivatives/sub-0016/ses-01/multimodal/sub-0016_ses-01_task-MeRest_acq-mr0006_desc-SSDbandsEnv8Caps_multimodal.pkl
2025-03-31 09:57:17 - eeg_brain_state_prediction.data_pipeline.tools.multimodal - INFO - Successfully saved data
2025-03-31 09:57:17 - eeg_brain_state_prediction.data_pipeline.tools.multimodal - INFO - Loading data for modality: brainstates
2025-03-31 09:57:17 - eeg_brain_state_prediction.data_pipeline.tools.multimodal - INFO - Loading data for modality: eeg
2025-03-31 09:57:18 - eeg_brain_state_prediction.data_pipeline.tools.multimodal - INFO - Saving data to: /data2/Projects/eeg_fmri_natview/chang_data/derivatives/sub-0010/ses-01/multimodal/sub-0010_ses-01_task-MeRest_acq-mr0009_desc-SSDbandsEnv8Caps_multimodal.pkl
2025-03-31 09:57:18 - eeg_brain_state_prediction.data_pipeline.tools.multimodal - INFO - Successfully saved data
2025-03-31 09:57:18 - eeg_brain_state_prediction.data_pipeline.tools.multimodal - INFO - Loading data for modality: brainstates
2025-03-31 09:57:18 - eeg_brain_state_prediction.data_pipeline.tools.multimodal - INFO - Loading data for modality: eeg
2025-03-31 09:57:20 - eeg_brain_state_prediction.data_pipeline.tools.multimodal - INFO - Saving data to: /data2/Projects/eeg_fmri_natview/chang_data/derivatives/sub-0016/ses-01/multimodal/sub-0016_ses-01_task-MeRest_acq-mr0015_desc-SSDbandsEnv8Caps_multimodal.pkl
2025-03-31 09:57:21 - eeg_brain_state_prediction.data_pipeline.tools.multimodal - INFO - Successfully saved data
2025-03-31 09:57:21 - eeg_brain_state_prediction.data_pipeline.tools.multimodal - INFO - Loading data for modality: brainstates
2025-03-31 09:57:21 - eeg_brain_state_prediction.data_pipeline.tools.multimodal - INFO - Loading data for modality: eeg
2025-03-31 09:57:21 - eeg_brain_state_prediction.data_pipeline.tools.multimodal - INFO - Saving data to: /data2/Projects/eeg_fmri_natview/chang_data/derivatives/sub-0010/ses-01/multimodal/sub-0010_ses-01_task-MeRest_acq-mr0015_desc-SSDbandsEnv8Caps_multimodal.pkl
2025-03-31 09:57:21 - eeg_brain_state_prediction.data_pipeline.tools.multimodal - INFO - Successfully saved data
2025-03-31 09:57:21 - eeg_brain_state_prediction.data_pipeline.tools.multimodal - INFO - Loading data for modality: brainstates
2025-03-31 09:57:21 - eeg_brain_state_prediction.data_pipeline.tools.multimodal - INFO - Loading data for modality: eeg
2025-03-31 09:57:24 - eeg_brain_state_prediction.data_pipeline.tools.multimodal - INFO - Saving data to: /data2/Projects/eeg_fmri_natview/chang_data/derivatives/sub-0016/ses-01/multimodal/sub-0016_ses-01_task-MeRest_acq-mr0006_desc-SSDbandsEnv8Caps_multimodal.pkl
2025-03-31 09:57:24 - eeg_brain_state_prediction.data_pipeline.tools.multimodal - INFO - Successfully saved data
2025-03-31 09:57:24 - eeg_brain_state_prediction.data_pipeline.tools.multimodal - INFO - Loading data for modality: brainstates
2025-03-31 09:57:24 - eeg_brain_state_prediction.data_pipeline.tools.multimodal - INFO - Loading data for modality: eeg
2025-03-31 09:57:24 - eeg_brain_state_prediction.data_pipeline.tools.multimodal - INFO - Saving data to: /data2/Projects/eeg_fmri_natview/chang_data/derivatives/sub-0010/ses-01/multimodal/sub-0010_ses-01_task-MeRest_acq-mr0009_desc-SSDbandsEnv8Caps_multimodal.pkl
2025-03-31 09:57:24 - eeg_brain_state_prediction.data_pipeline.tools.multimodal - INFO - Successfully saved data
2025-03-31 09:57:24 - eeg_brain_state_prediction.data_pipeline.tools.multimodal - INFO - Loading data for modality: brainstates
2025-03-31 09:57:24 - eeg_brain_state_prediction.data_pipeline.tools.multimodal - INFO - Loading data for modality: eeg
2025-03-31 09:57:27 - eeg_brain_state_prediction.data_pipeline.tools.multimodal - INFO - Saving data to: /data2/Projects/eeg_fmri_natview/chang_data/derivatives/sub-0016/ses-01/multimodal/sub-0016_ses-01_task-MeRest_acq-mr0006_desc-SSDbandsEnv8Caps_multimodal.pkl
2025-03-31 09:57:27 - eeg_brain_state_prediction.data_pipeline.tools.multimodal - INFO - Successfully saved data
2025-03-31 09:57:27 - eeg_brain_state_prediction.data_pipeline.tools.multimodal - INFO - Loading data for modality: brainstates
2025-03-31 09:57:27 - eeg_brain_state_prediction.data_pipeline.tools.multimodal - INFO - Loading data for modality: eeg
2025-03-31 09:57:27 - eeg_brain_state_prediction.data_pipeline.tools.multimodal - INFO - Saving data to: /data2/Projects/eeg_fmri_natview/chang_data/derivatives/sub-0010/ses-01/multimodal/sub-0010_ses-01_task-MeRest_acq-mr0015_desc-SSDbandsEnv8Caps_multimodal.pkl
2025-03-31 09:57:27 - eeg_brain_state_prediction.data_pipeline.tools.multimodal - INFO - Successfully saved data
2025-03-31 09:57:27 - eeg_brain_state_prediction.data_pipeline.tools.multimodal - INFO - Loading data for modality: brainstates
2025-03-31 09:57:27 - eeg_brain_state_prediction.data_pipeline.tools.multimodal - INFO - Loading data for modality: eeg
2025-03-31 09:57:30 - eeg_brain_state_prediction.data_pipeline.tools.multimodal - INFO - Saving data to: /data2/Projects/eeg_fmri_natview/chang_data/derivatives/sub-0016/ses-01/multimodal/sub-0016_ses-01_task-MeRest_acq-mr0015_desc-SSDbandsEnv8Caps_multimodal.pkl
2025-03-31 09:57:30 - eeg_brain_state_prediction.data_pipeline.tools.multimodal - INFO - Successfully saved data
2025-03-31 09:57:30 - eeg_brain_state_prediction.data_pipeline.tools.multimodal - INFO - Loading data for modality: brainstates
2025-03-31 09:57:30 - eeg_brain_state_prediction.data_pipeline.tools.multimodal - INFO - Loading data for modality: eeg
2025-03-31 09:57:30 - eeg_brain_state_prediction.data_pipeline.tools.multimodal - INFO - Saving data to: /data2/Projects/eeg_fmri_natview/chang_data/derivatives/sub-0010/ses-01/multimodal/sub-0010_ses-01_task-MeRest_acq-mr0009_desc-SSDbandsEnv8Caps_multimodal.pkl
2025-03-31 09:57:30 - eeg_brain_state_prediction.data_pipeline.tools.multimodal - INFO - Successfully saved data
2025-03-31 09:57:30 - eeg_brain_state_prediction.data_pipeline.tools.multimodal - INFO - Loading data for modality: brainstates
2025-03-31 09:57:30 - eeg_brain_state_prediction.data_pipeline.tools.multimodal - INFO - Loading data for modality: eeg
2025-03-31 09:57:33 - eeg_brain_state_prediction.data_pipeline.tools.multimodal - INFO - Saving data to: /data2/Projects/eeg_fmri_natview/chang_data/derivatives/sub-0016/ses-01/multimodal/sub-0016_ses-01_task-MeRest_acq-mr0006_desc-SSDbandsEnv8Caps_multimodal.pkl
2025-03-31 09:57:33 - eeg_brain_state_prediction.data_pipeline.tools.multimodal - INFO - Successfully saved data
2025-03-31 09:57:33 - eeg_brain_state_prediction.data_pipeline.tools.multimodal - INFO - Loading data for modality: brainstates
2025-03-31 09:57:33 - eeg_brain_state_prediction.data_pipeline.tools.multimodal - INFO - Loading data for modality: eeg
2025-03-31 09:57:33 - eeg_brain_state_prediction.data_pipeline.tools.multimodal - INFO - Saving data to: /data2/Projects/eeg_fmri_natview/chang_data/derivatives/sub-0010/ses-01/multimodal/sub-0010_ses-01_task-MeRest_acq-mr0015_desc-SSDbandsEnv8Caps_multimodal.pkl
2025-03-31 09:57:33 - eeg_brain_state_prediction.data_pipeline.tools.multimodal - INFO - Successfully saved data
2025-03-31 09:57:33 - eeg_brain_state_prediction.data_pipeline.tools.multimodal - INFO - Loading data for modality: brainstates
2025-03-31 09:57:33 - eeg_brain_state_prediction.data_pipeline.tools.multimodal - INFO - Loading data for modality: eeg
2025-03-31 09:57:36 - eeg_brain_state_prediction.data_pipeline.tools.multimodal - INFO - Saving data to: /data2/Projects/eeg_fmri_natview/chang_data/derivatives/sub-0016/ses-01/multimodal/sub-0016_ses-01_task-MeRest_acq-mr0015_desc-SSDbandsEnv8Caps_multimodal.pkl
2025-03-31 09:57:36 - eeg_brain_state_prediction.data_pipeline.tools.multimodal - INFO - Successfully saved data
2025-03-31 09:57:36 - eeg_brain_state_prediction.data_pipeline.tools.multimodal - INFO - Loading data for modality: brainstates
2025-03-31 09:57:36 - eeg_brain_state_prediction.data_pipeline.tools.multimodal - INFO - Loading data for modality: eeg
2025-03-31 09:57:36 - eeg_brain_state_prediction.data_pipeline.tools.multimodal - INFO - Saving data to: /data2/Projects/eeg_fmri_natview/chang_data/derivatives/sub-0012/ses-01/multimodal/sub-0012_ses-01_task-MeRest_acq-mr0018_desc-SSDbandsEnv8Caps_multimodal.pkl
2025-03-31 09:57:37 - eeg_brain_state_prediction.data_pipeline.tools.multimodal - INFO - Successfully saved data
2025-03-31 09:57:37 - eeg_brain_state_prediction.data_pipeline.tools.multimodal - INFO - Loading data for modality: brainstates
2025-03-31 09:57:37 - eeg_brain_state_prediction.data_pipeline.tools.multimodal - INFO - Loading data for modality: eeg
2025-03-31 09:57:40 - eeg_brain_state_prediction.data_pipeline.tools.multimodal - INFO - Saving data to: /data2/Projects/eeg_fmri_natview/chang_data/derivatives/sub-0012/ses-01/multimodal/sub-0012_ses-01_task-MeRest_acq-mr0018_desc-SSDbandsEnv8Caps_multimodal.pkl
2025-03-31 09:57:40 - eeg_brain_state_prediction.data_pipeline.tools.multimodal - INFO - Successfully saved data
2025-03-31 09:57:40 - eeg_brain_state_prediction.data_pipeline.tools.multimodal - INFO - Loading data for modality: brainstates
2025-03-31 09:57:40 - eeg_brain_state_prediction.data_pipeline.tools.multimodal - INFO - Loading data for modality: eeg
2025-03-31 09:57:43 - eeg_brain_state_prediction.data_pipeline.tools.multimodal - INFO - Saving data to: /data2/Projects/eeg_fmri_natview/chang_data/derivatives/sub-0012/ses-01/multimodal/sub-0012_ses-01_task-MeRest_acq-mr0012_desc-SSDbandsEnv8Caps_multimodal.pkl
2025-03-31 09:57:43 - eeg_brain_state_prediction.data_pipeline.tools.multimodal - INFO - Successfully saved data
2025-03-31 09:57:43 - eeg_brain_state_prediction.data_pipeline.tools.multimodal - INFO - Loading data for modality: brainstates
2025-03-31 09:57:43 - eeg_brain_state_prediction.data_pipeline.tools.multimodal - INFO - Loading data for modality: eeg
2025-03-31 09:57:43 - eeg_brain_state_prediction.data_pipeline.tools.multimodal - INFO - Saving data to: /data2/Projects/eeg_fmri_natview/chang_data/derivatives/sub-0021/ses-01/multimodal/sub-0021_ses-01_task-MeRest_acq-mr0012_desc-SSDbandsEnv8Caps_multimodal.pkl
2025-03-31 09:57:43 - eeg_brain_state_prediction.data_pipeline.tools.multimodal - INFO - Successfully saved data
2025-03-31 09:57:43 - eeg_brain_state_prediction.data_pipeline.tools.multimodal - INFO - Loading data for modality: brainstates
2025-03-31 09:57:43 - eeg_brain_state_prediction.data_pipeline.tools.multimodal - INFO - Loading data for modality: eeg
2025-03-31 09:57:46 - eeg_brain_state_prediction.data_pipeline.tools.multimodal - INFO - Saving data to: /data2/Projects/eeg_fmri_natview/chang_data/derivatives/sub-0012/ses-01/multimodal/sub-0012_ses-01_task-MeRest_acq-mr0012_desc-SSDbandsEnv8Caps_multimodal.pkl
2025-03-31 09:57:46 - eeg_brain_state_prediction.data_pipeline.tools.multimodal - INFO - Successfully saved data
2025-03-31 09:57:46 - eeg_brain_state_prediction.data_pipeline.tools.multimodal - INFO - Loading data for modality: brainstates
2025-03-31 09:57:46 - eeg_brain_state_prediction.data_pipeline.tools.multimodal - INFO - Loading data for modality: eeg
2025-03-31 09:57:46 - eeg_brain_state_prediction.data_pipeline.tools.multimodal - INFO - Saving data to: /data2/Projects/eeg_fmri_natview/chang_data/derivatives/sub-0021/ses-01/multimodal/sub-0021_ses-01_task-MeRest_acq-mr0012_desc-SSDbandsEnv8Caps_multimodal.pkl
2025-03-31 09:57:46 - eeg_brain_state_prediction.data_pipeline.tools.multimodal - INFO - Successfully saved data
2025-03-31 09:57:46 - eeg_brain_state_prediction.data_pipeline.tools.multimodal - INFO - Loading data for modality: brainstates
2025-03-31 09:57:46 - eeg_brain_state_prediction.data_pipeline.tools.multimodal - INFO - Loading data for modality: eeg
2025-03-31 09:57:49 - eeg_brain_state_prediction.data_pipeline.tools.multimodal - INFO - Saving data to: /data2/Projects/eeg_fmri_natview/chang_data/derivatives/sub-0012/ses-01/multimodal/sub-0012_ses-01_task-MeRest_acq-mr0012_desc-SSDbandsEnv8Caps_multimodal.pkl
2025-03-31 09:57:49 - eeg_brain_state_prediction.data_pipeline.tools.multimodal - INFO - Successfully saved data
2025-03-31 09:57:49 - eeg_brain_state_prediction.data_pipeline.tools.multimodal - INFO - Saving data to: /data2/Projects/eeg_fmri_natview/chang_data/derivatives/sub-0021/ses-01/multimodal/sub-0021_ses-01_task-MeRest_acq-mr0012_desc-SSDbandsEnv8Caps_multimodal.pkl
2025-03-31 09:57:49 - eeg_brain_state_prediction.data_pipeline.tools.multimodal - INFO - Loading data for modality: brainstates
2025-03-31 09:57:49 - eeg_brain_state_prediction.data_pipeline.tools.multimodal - INFO - Loading data for modality: eeg
2025-03-31 09:57:49 - eeg_brain_state_prediction.data_pipeline.tools.multimodal - INFO - Successfully saved data
2025-03-31 09:57:49 - eeg_brain_state_prediction.data_pipeline.tools.multimodal - INFO - Loading data for modality: brainstates
2025-03-31 09:57:49 - eeg_brain_state_prediction.data_pipeline.tools.multimodal - INFO - Loading data for modality: eeg
2025-03-31 09:57:52 - eeg_brain_state_prediction.data_pipeline.tools.multimodal - INFO - Saving data to: /data2/Projects/eeg_fmri_natview/chang_data/derivatives/sub-0021/ses-01/multimodal/sub-0021_ses-01_task-MeRest_acq-mr0012_desc-SSDbandsEnv8Caps_multimodal.pkl
2025-03-31 09:57:52 - eeg_brain_state_prediction.data_pipeline.tools.multimodal - INFO - Successfully saved data
2025-03-31 09:57:52 - eeg_brain_state_prediction.data_pipeline.tools.multimodal - INFO - Loading data for modality: brainstates
2025-03-31 09:57:52 - eeg_brain_state_prediction.data_pipeline.tools.multimodal - INFO - Loading data for modality: eeg
2025-03-31 09:57:52 - eeg_brain_state_prediction.data_pipeline.tools.multimodal - INFO - Saving data to: /data2/Projects/eeg_fmri_natview/chang_data/derivatives/sub-0012/ses-01/multimodal/sub-0012_ses-01_task-MeRest_acq-mr0018_desc-SSDbandsEnv8Caps_multimodal.pkl
2025-03-31 09:57:52 - eeg_brain_state_prediction.data_pipeline.tools.multimodal - INFO - Successfully saved data
2025-03-31 09:57:52 - eeg_brain_state_prediction.data_pipeline.tools.multimodal - INFO - Loading data for modality: brainstates
2025-03-31 09:57:52 - eeg_brain_state_prediction.data_pipeline.tools.multimodal - INFO - Loading data for modality: eeg
2025-03-31 09:57:55 - eeg_brain_state_prediction.data_pipeline.tools.multimodal - INFO - Saving data to: /data2/Projects/eeg_fmri_natview/chang_data/derivatives/sub-0021/ses-01/multimodal/sub-0021_ses-01_task-MeRest_acq-mr0012_desc-SSDbandsEnv8Caps_multimodal.pkl
2025-03-31 09:57:55 - eeg_brain_state_prediction.data_pipeline.tools.multimodal - INFO - Successfully saved data
2025-03-31 09:57:55 - eeg_brain_state_prediction.data_pipeline.tools.multimodal - INFO - Loading data for modality: brainstates
2025-03-31 09:57:55 - eeg_brain_state_prediction.data_pipeline.tools.multimodal - INFO - Loading data for modality: eeg
2025-03-31 09:57:55 - eeg_brain_state_prediction.data_pipeline.tools.multimodal - INFO - Saving data to: /data2/Projects/eeg_fmri_natview/chang_data/derivatives/sub-0012/ses-01/multimodal/sub-0012_ses-01_task-MeRest_acq-mr0012_desc-SSDbandsEnv8Caps_multimodal.pkl
2025-03-31 09:57:55 - eeg_brain_state_prediction.data_pipeline.tools.multimodal - INFO - Successfully saved data
2025-03-31 09:57:55 - eeg_brain_state_prediction.data_pipeline.tools.multimodal - INFO - Loading data for modality: brainstates
2025-03-31 09:57:55 - eeg_brain_state_prediction.data_pipeline.tools.multimodal - INFO - Loading data for modality: eeg
2025-03-31 09:57:58 - eeg_brain_state_prediction.data_pipeline.tools.multimodal - INFO - Saving data to: /data2/Projects/eeg_fmri_natview/chang_data/derivatives/sub-0021/ses-01/multimodal/sub-0021_ses-01_task-MeRest_acq-mr0012_desc-SSDbandsEnv8Caps_multimodal.pkl
2025-03-31 09:57:58 - eeg_brain_state_prediction.data_pipeline.tools.multimodal - INFO - Successfully saved data
2025-03-31 09:57:58 - eeg_brain_state_prediction.data_pipeline.tools.multimodal - INFO - Loading data for modality: brainstates
2025-03-31 09:57:58 - eeg_brain_state_prediction.data_pipeline.tools.multimodal - INFO - Loading data for modality: eeg
2025-03-31 09:57:58 - eeg_brain_state_prediction.data_pipeline.tools.multimodal - INFO - Saving data to: /data2/Projects/eeg_fmri_natview/chang_data/derivatives/sub-0012/ses-01/multimodal/sub-0012_ses-01_task-MeRest_acq-mr0018_desc-SSDbandsEnv8Caps_multimodal.pkl
2025-03-31 09:57:58 - eeg_brain_state_prediction.data_pipeline.tools.multimodal - INFO - Successfully saved data
2025-03-31 09:57:58 - eeg_brain_state_prediction.data_pipeline.tools.multimodal - INFO - Loading data for modality: brainstates
2025-03-31 09:57:58 - eeg_brain_state_prediction.data_pipeline.tools.multimodal - INFO - Loading data for modality: eeg
2025-03-31 09:58:01 - eeg_brain_state_prediction.data_pipeline.tools.multimodal - INFO - Saving data to: /data2/Projects/eeg_fmri_natview/chang_data/derivatives/sub-0021/ses-01/multimodal/sub-0021_ses-01_task-MeRest_acq-mr0012_desc-SSDbandsEnv8Caps_multimodal.pkl
2025-03-31 09:58:01 - eeg_brain_state_prediction.data_pipeline.tools.multimodal - INFO - Successfully saved data
2025-03-31 09:58:01 - eeg_brain_state_prediction.data_pipeline.tools.multimodal - INFO - Loading data for modality: brainstates
2025-03-31 09:58:01 - eeg_brain_state_prediction.data_pipeline.tools.multimodal - INFO - Loading data for modality: eeg
2025-03-31 09:58:01 - eeg_brain_state_prediction.data_pipeline.tools.multimodal - INFO - Saving data to: /data2/Projects/eeg_fmri_natview/chang_data/derivatives/sub-0012/ses-01/multimodal/sub-0012_ses-01_task-MeRest_acq-mr0012_desc-SSDbandsEnv8Caps_multimodal.pkl
2025-03-31 09:58:01 - eeg_brain_state_prediction.data_pipeline.tools.multimodal - INFO - Successfully saved data
2025-03-31 09:58:01 - eeg_brain_state_prediction.data_pipeline.tools.multimodal - INFO - Loading data for modality: brainstates
2025-03-31 09:58:01 - eeg_brain_state_prediction.data_pipeline.tools.multimodal - INFO - Loading data for modality: eeg
2025-03-31 09:58:03 - eeg_brain_state_prediction.data_pipeline.tools.multimodal - INFO - Saving data to: /data2/Projects/eeg_fmri_natview/chang_data/derivatives/sub-0021/ses-01/multimodal/sub-0021_ses-01_task-MeRest_acq-mr0012_desc-SSDbandsEnv8Caps_multimodal.pkl
2025-03-31 09:58:03 - eeg_brain_state_prediction.data_pipeline.tools.multimodal - INFO - Successfully saved data
2025-03-31 09:58:03 - eeg_brain_state_prediction.data_pipeline.tools.multimodal - INFO - Loading data for modality: brainstates
2025-03-31 09:58:03 - eeg_brain_state_prediction.data_pipeline.tools.multimodal - INFO - Loading data for modality: eeg
2025-03-31 09:58:04 - eeg_brain_state_prediction.data_pipeline.tools.multimodal - INFO - Saving data to: /data2/Projects/eeg_fmri_natview/chang_data/derivatives/sub-0012/ses-01/multimodal/sub-0012_ses-01_task-MeRest_acq-mr0018_desc-SSDbandsEnv8Caps_multimodal.pkl
2025-03-31 09:58:04 - eeg_brain_state_prediction.data_pipeline.tools.multimodal - INFO - Successfully saved data
2025-03-31 09:58:04 - eeg_brain_state_prediction.data_pipeline.tools.multimodal - INFO - Loading data for modality: brainstates
2025-03-31 09:58:04 - eeg_brain_state_prediction.data_pipeline.tools.multimodal - INFO - Loading data for modality: eeg
2025-03-31 09:58:06 - eeg_brain_state_prediction.data_pipeline.tools.multimodal - INFO - Saving data to: /data2/Projects/eeg_fmri_natview/chang_data/derivatives/sub-0021/ses-01/multimodal/sub-0021_ses-01_task-MeRest_acq-mr0012_desc-SSDbandsEnv8Caps_multimodal.pkl
2025-03-31 09:58:06 - eeg_brain_state_prediction.data_pipeline.tools.multimodal - INFO - Successfully saved data
2025-03-31 09:58:06 - eeg_brain_state_prediction.data_pipeline.tools.multimodal - INFO - Loading data for modality: brainstates
2025-03-31 09:58:07 - eeg_brain_state_prediction.data_pipeline.tools.multimodal - INFO - Loading data for modality: eeg
2025-03-31 09:58:07 - eeg_brain_state_prediction.data_pipeline.tools.multimodal - INFO - Saving data to: /data2/Projects/eeg_fmri_natview/chang_data/derivatives/sub-0012/ses-01/multimodal/sub-0012_ses-01_task-MeRest_acq-mr0012_desc-SSDbandsEnv8Caps_multimodal.pkl
2025-03-31 09:58:07 - eeg_brain_state_prediction.data_pipeline.tools.multimodal - INFO - Successfully saved data
2025-03-31 09:58:07 - eeg_brain_state_prediction.data_pipeline.tools.multimodal - INFO - Loading data for modality: brainstates
2025-03-31 09:58:07 - eeg_brain_state_prediction.data_pipeline.tools.multimodal - INFO - Loading data for modality: eeg
2025-03-31 09:58:10 - eeg_brain_state_prediction.data_pipeline.tools.multimodal - INFO - Saving data to: /data2/Projects/eeg_fmri_natview/chang_data/derivatives/sub-0012/ses-01/multimodal/sub-0012_ses-01_task-MeRest_acq-mr0018_desc-SSDbandsEnv8Caps_multimodal.pkl
2025-03-31 09:58:11 - eeg_brain_state_prediction.data_pipeline.tools.multimodal - INFO - Successfully saved data
2025-03-31 09:58:11 - eeg_brain_state_prediction.data_pipeline.tools.multimodal - INFO - Loading data for modality: brainstates
2025-03-31 09:58:11 - eeg_brain_state_prediction.data_pipeline.tools.multimodal - INFO - Loading data for modality: eeg
2025-03-31 09:58:14 - eeg_brain_state_prediction.data_pipeline.tools.multimodal - INFO - Saving data to: /data2/Projects/eeg_fmri_natview/chang_data/derivatives/sub-0012/ses-01/multimodal/sub-0012_ses-01_task-MeRest_acq-mr0012_desc-SSDbandsEnv8Caps_multimodal.pkl
2025-03-31 09:58:14 - eeg_brain_state_prediction.data_pipeline.tools.multimodal - INFO - Successfully saved data
2025-03-31 09:58:14 - eeg_brain_state_prediction.data_pipeline.tools.multimodal - INFO - Loading data for modality: brainstates
2025-03-31 09:58:14 - eeg_brain_state_prediction.data_pipeline.tools.multimodal - INFO - Loading data for modality: eeg
2025-03-31 09:58:14 - eeg_brain_state_prediction.data_pipeline.tools.multimodal - INFO - Saving data to: /data2/Projects/eeg_fmri_natview/chang_data/derivatives/sub-0027/ses-01/multimodal/sub-0027_ses-01_task-MeRest_acq-mr0009_desc-SSDbandsEnv8Caps_multimodal.pkl
2025-03-31 09:58:14 - eeg_brain_state_prediction.data_pipeline.tools.multimodal - INFO - Successfully saved data
2025-03-31 09:58:14 - eeg_brain_state_prediction.data_pipeline.tools.multimodal - INFO - Loading data for modality: brainstates
2025-03-31 09:58:14 - eeg_brain_state_prediction.data_pipeline.tools.multimodal - INFO - Loading data for modality: eeg
2025-03-31 09:58:17 - eeg_brain_state_prediction.data_pipeline.tools.multimodal - INFO - Saving data to: /data2/Projects/eeg_fmri_natview/chang_data/derivatives/sub-0012/ses-01/multimodal/sub-0012_ses-01_task-MeRest_acq-mr0018_desc-SSDbandsEnv8Caps_multimodal.pkl
2025-03-31 09:58:17 - eeg_brain_state_prediction.data_pipeline.tools.multimodal - INFO - Successfully saved data
2025-03-31 09:58:17 - eeg_brain_state_prediction.data_pipeline.tools.multimodal - INFO - Loading data for modality: brainstates
2025-03-31 09:58:17 - eeg_brain_state_prediction.data_pipeline.tools.multimodal - INFO - Loading data for modality: eeg
2025-03-31 09:58:17 - eeg_brain_state_prediction.data_pipeline.tools.multimodal - INFO - Saving data to: /data2/Projects/eeg_fmri_natview/chang_data/derivatives/sub-0027/ses-01/multimodal/sub-0027_ses-01_task-MeRest_acq-mr0009_desc-SSDbandsEnv8Caps_multimodal.pkl
2025-03-31 09:58:17 - eeg_brain_state_prediction.data_pipeline.tools.multimodal - INFO - Successfully saved data
2025-03-31 09:58:17 - eeg_brain_state_prediction.data_pipeline.tools.multimodal - INFO - Loading data for modality: brainstates
2025-03-31 09:58:17 - eeg_brain_state_prediction.data_pipeline.tools.multimodal - INFO - Loading data for modality: eeg
2025-03-31 09:58:20 - eeg_brain_state_prediction.data_pipeline.tools.multimodal - INFO - Saving data to: /data2/Projects/eeg_fmri_natview/chang_data/derivatives/sub-0027/ses-01/multimodal/sub-0027_ses-01_task-MeRest_acq-mr0009_desc-SSDbandsEnv8Caps_multimodal.pkl
2025-03-31 09:58:20 - eeg_brain_state_prediction.data_pipeline.tools.multimodal - INFO - Saving data to: /data2/Projects/eeg_fmri_natview/chang_data/derivatives/sub-0012/ses-01/multimodal/sub-0012_ses-01_task-MeRest_acq-mr0018_desc-SSDbandsEnv8Caps_multimodal.pkl
2025-03-31 09:58:20 - eeg_brain_state_prediction.data_pipeline.tools.multimodal - INFO - Successfully saved data
2025-03-31 09:58:20 - eeg_brain_state_prediction.data_pipeline.tools.multimodal - INFO - Loading data for modality: brainstates
2025-03-31 09:58:20 - eeg_brain_state_prediction.data_pipeline.tools.multimodal - INFO - Loading data for modality: eeg
2025-03-31 09:58:20 - eeg_brain_state_prediction.data_pipeline.tools.multimodal - INFO - Successfully saved data
2025-03-31 09:58:20 - eeg_brain_state_prediction.data_pipeline.tools.multimodal - INFO - Loading data for modality: brainstates
2025-03-31 09:58:20 - eeg_brain_state_prediction.data_pipeline.tools.multimodal - INFO - Loading data for modality: eeg
2025-03-31 09:58:23 - eeg_brain_state_prediction.data_pipeline.tools.multimodal - INFO - Saving data to: /data2/Projects/eeg_fmri_natview/chang_data/derivatives/sub-0027/ses-01/multimodal/sub-0027_ses-01_task-MeRest_acq-mr0009_desc-SSDbandsEnv8Caps_multimodal.pkl
2025-03-31 09:58:23 - eeg_brain_state_prediction.data_pipeline.tools.multimodal - INFO - Successfully saved data
2025-03-31 09:58:23 - eeg_brain_state_prediction.data_pipeline.tools.multimodal - INFO - Saving data to: /data2/Projects/eeg_fmri_natview/chang_data/derivatives/sub-0012/ses-01/multimodal/sub-0012_ses-01_task-MeRest_acq-mr0012_desc-SSDbandsEnv8Caps_multimodal.pkl
2025-03-31 09:58:23 - eeg_brain_state_prediction.data_pipeline.tools.multimodal - INFO - Loading data for modality: brainstates
2025-03-31 09:58:23 - eeg_brain_state_prediction.data_pipeline.tools.multimodal - INFO - Loading data for modality: eeg
2025-03-31 09:58:23 - eeg_brain_state_prediction.data_pipeline.tools.multimodal - INFO - Successfully saved data
2025-03-31 09:58:23 - eeg_brain_state_prediction.data_pipeline.tools.multimodal - INFO - Loading data for modality: brainstates
2025-03-31 09:58:23 - eeg_brain_state_prediction.data_pipeline.tools.multimodal - INFO - Loading data for modality: eeg
2025-03-31 09:58:26 - eeg_brain_state_prediction.data_pipeline.tools.multimodal - INFO - Saving data to: /data2/Projects/eeg_fmri_natview/chang_data/derivatives/sub-0027/ses-01/multimodal/sub-0027_ses-01_task-MeRest_acq-mr0009_desc-SSDbandsEnv8Caps_multimodal.pkl
2025-03-31 09:58:26 - eeg_brain_state_prediction.data_pipeline.tools.multimodal - INFO - Successfully saved data
2025-03-31 09:58:26 - eeg_brain_state_prediction.data_pipeline.tools.multimodal - INFO - Loading data for modality: brainstates
2025-03-31 09:58:26 - eeg_brain_state_prediction.data_pipeline.tools.multimodal - INFO - Loading data for modality: eeg
2025-03-31 09:58:26 - eeg_brain_state_prediction.data_pipeline.tools.multimodal - INFO - Saving data to: /data2/Projects/eeg_fmri_natview/chang_data/derivatives/sub-0012/ses-01/multimodal/sub-0012_ses-01_task-MeRest_acq-mr0018_desc-SSDbandsEnv8Caps_multimodal.pkl
2025-03-31 09:58:26 - eeg_brain_state_prediction.data_pipeline.tools.multimodal - INFO - Successfully saved data
2025-03-31 09:58:26 - eeg_brain_state_prediction.data_pipeline.tools.multimodal - INFO - Loading data for modality: brainstates
2025-03-31 09:58:26 - eeg_brain_state_prediction.data_pipeline.tools.multimodal - INFO - Loading data for modality: eeg
2025-03-31 09:58:29 - eeg_brain_state_prediction.data_pipeline.tools.multimodal - INFO - Saving data to: /data2/Projects/eeg_fmri_natview/chang_data/derivatives/sub-0027/ses-01/multimodal/sub-0027_ses-01_task-MeRest_acq-mr0009_desc-SSDbandsEnv8Caps_multimodal.pkl
2025-03-31 09:58:29 - eeg_brain_state_prediction.data_pipeline.tools.multimodal - INFO - Successfully saved data
2025-03-31 09:58:29 - eeg_brain_state_prediction.data_pipeline.tools.multimodal - INFO - Loading data for modality: brainstates
2025-03-31 09:58:29 - eeg_brain_state_prediction.data_pipeline.tools.multimodal - INFO - Loading data for modality: eeg
2025-03-31 09:58:29 - eeg_brain_state_prediction.data_pipeline.tools.multimodal - INFO - Saving data to: /data2/Projects/eeg_fmri_natview/chang_data/derivatives/sub-0012/ses-01/multimodal/sub-0012_ses-01_task-MeRest_acq-mr0012_desc-SSDbandsEnv8Caps_multimodal.pkl
2025-03-31 09:58:29 - eeg_brain_state_prediction.data_pipeline.tools.multimodal - INFO - Successfully saved data
2025-03-31 09:58:29 - eeg_brain_state_prediction.data_pipeline.tools.multimodal - INFO - Loading data for modality: brainstates
2025-03-31 09:58:29 - eeg_brain_state_prediction.data_pipeline.tools.multimodal - INFO - Loading data for modality: eeg
2025-03-31 09:58:32 - eeg_brain_state_prediction.data_pipeline.tools.multimodal - INFO - Saving data to: /data2/Projects/eeg_fmri_natview/chang_data/derivatives/sub-0027/ses-01/multimodal/sub-0027_ses-01_task-MeRest_acq-mr0009_desc-SSDbandsEnv8Caps_multimodal.pkl
2025-03-31 09:58:32 - eeg_brain_state_prediction.data_pipeline.tools.multimodal - INFO - Successfully saved data
2025-03-31 09:58:32 - eeg_brain_state_prediction.data_pipeline.tools.multimodal - INFO - Loading data for modality: brainstates
2025-03-31 09:58:32 - eeg_brain_state_prediction.data_pipeline.tools.multimodal - INFO - Loading data for modality: eeg
2025-03-31 09:58:32 - eeg_brain_state_prediction.data_pipeline.tools.multimodal - INFO - Saving data to: /data2/Projects/eeg_fmri_natview/chang_data/derivatives/sub-0012/ses-01/multimodal/sub-0012_ses-01_task-MeRest_acq-mr0018_desc-SSDbandsEnv8Caps_multimodal.pkl
2025-03-31 09:58:32 - eeg_brain_state_prediction.data_pipeline.tools.multimodal - INFO - Successfully saved data
2025-03-31 09:58:32 - eeg_brain_state_prediction.data_pipeline.tools.multimodal - INFO - Loading data for modality: brainstates
2025-03-31 09:58:32 - eeg_brain_state_prediction.data_pipeline.tools.multimodal - INFO - Loading data for modality: eeg
2025-03-31 09:58:34 - eeg_brain_state_prediction.data_pipeline.tools.multimodal - INFO - Saving data to: /data2/Projects/eeg_fmri_natview/chang_data/derivatives/sub-0027/ses-01/multimodal/sub-0027_ses-01_task-MeRest_acq-mr0009_desc-SSDbandsEnv8Caps_multimodal.pkl
2025-03-31 09:58:34 - eeg_brain_state_prediction.data_pipeline.tools.multimodal - INFO - Successfully saved data
2025-03-31 09:58:34 - eeg_brain_state_prediction.data_pipeline.tools.multimodal - INFO - Loading data for modality: brainstates
2025-03-31 09:58:34 - eeg_brain_state_prediction.data_pipeline.tools.multimodal - INFO - Loading data for modality: eeg
2025-03-31 09:58:35 - eeg_brain_state_prediction.data_pipeline.tools.multimodal - INFO - Saving data to: /data2/Projects/eeg_fmri_natview/chang_data/derivatives/sub-0012/ses-01/multimodal/sub-0012_ses-01_task-MeRest_acq-mr0012_desc-SSDbandsEnv8Caps_multimodal.pkl
2025-03-31 09:58:35 - eeg_brain_state_prediction.data_pipeline.tools.multimodal - INFO - Successfully saved data
2025-03-31 09:58:35 - eeg_brain_state_prediction.data_pipeline.tools.multimodal - INFO - Loading data for modality: brainstates
2025-03-31 09:58:35 - eeg_brain_state_prediction.data_pipeline.tools.multimodal - INFO - Loading data for modality: eeg
2025-03-31 09:58:37 - eeg_brain_state_prediction.data_pipeline.tools.multimodal - INFO - Saving data to: /data2/Projects/eeg_fmri_natview/chang_data/derivatives/sub-0027/ses-01/multimodal/sub-0027_ses-01_task-MeRest_acq-mr0009_desc-SSDbandsEnv8Caps_multimodal.pkl
2025-03-31 09:58:37 - eeg_brain_state_prediction.data_pipeline.tools.multimodal - INFO - Successfully saved data
2025-03-31 09:58:37 - eeg_brain_state_prediction.data_pipeline.tools.multimodal - INFO - Loading data for modality: brainstates
2025-03-31 09:58:38 - eeg_brain_state_prediction.data_pipeline.tools.multimodal - INFO - Loading data for modality: eeg
2025-03-31 09:58:38 - eeg_brain_state_prediction.data_pipeline.tools.multimodal - INFO - Saving data to: /data2/Projects/eeg_fmri_natview/chang_data/derivatives/sub-0014/ses-01/multimodal/sub-0014_ses-01_task-MeRest_acq-mr0018_desc-SSDbandsEnv8Caps_multimodal.pkl
2025-03-31 09:58:38 - eeg_brain_state_prediction.data_pipeline.tools.multimodal - INFO - Successfully saved data
2025-03-31 09:58:38 - eeg_brain_state_prediction.data_pipeline.tools.multimodal - INFO - Loading data for modality: brainstates
2025-03-31 09:58:38 - eeg_brain_state_prediction.data_pipeline.tools.multimodal - INFO - Loading data for modality: eeg
2025-03-31 09:58:41 - eeg_brain_state_prediction.data_pipeline.tools.multimodal - INFO - Saving data to: /data2/Projects/eeg_fmri_natview/chang_data/derivatives/sub-0014/ses-01/multimodal/sub-0014_ses-01_task-MeRest_acq-mr0018_desc-SSDbandsEnv8Caps_multimodal.pkl
2025-03-31 09:58:41 - eeg_brain_state_prediction.data_pipeline.tools.multimodal - INFO - Successfully saved data
2025-03-31 09:58:41 - eeg_brain_state_prediction.data_pipeline.tools.multimodal - INFO - Loading data for modality: brainstates
2025-03-31 09:58:41 - eeg_brain_state_prediction.data_pipeline.tools.multimodal - INFO - Loading data for modality: eeg
2025-03-31 09:58:44 - eeg_brain_state_prediction.data_pipeline.tools.multimodal - INFO - Saving data to: /data2/Projects/eeg_fmri_natview/chang_data/derivatives/sub-0014/ses-01/multimodal/sub-0014_ses-01_task-MeRest_acq-mr0012_desc-SSDbandsEnv8Caps_multimodal.pkl
2025-03-31 09:58:44 - eeg_brain_state_prediction.data_pipeline.tools.multimodal - INFO - Successfully saved data
2025-03-31 09:58:44 - eeg_brain_state_prediction.data_pipeline.tools.multimodal - INFO - Loading data for modality: brainstates
2025-03-31 09:58:44 - eeg_brain_state_prediction.data_pipeline.tools.multimodal - INFO - Loading data for modality: eeg
2025-03-31 09:58:45 - eeg_brain_state_prediction.data_pipeline.tools.multimodal - INFO - Saving data to: /data2/Projects/eeg_fmri_natview/chang_data/derivatives/sub-0028/ses-01/multimodal/sub-0028_ses-01_task-MeRest_acq-mr0012_desc-SSDbandsEnv8Caps_multimodal.pkl
2025-03-31 09:58:45 - eeg_brain_state_prediction.data_pipeline.tools.multimodal - INFO - Successfully saved data
2025-03-31 09:58:45 - eeg_brain_state_prediction.data_pipeline.tools.multimodal - INFO - Loading data for modality: brainstates
2025-03-31 09:58:45 - eeg_brain_state_prediction.data_pipeline.tools.multimodal - INFO - Loading data for modality: eeg
2025-03-31 09:58:47 - eeg_brain_state_prediction.data_pipeline.tools.multimodal - INFO - Saving data to: /data2/Projects/eeg_fmri_natview/chang_data/derivatives/sub-0014/ses-01/multimodal/sub-0014_ses-01_task-MeRest_acq-mr0012_desc-SSDbandsEnv8Caps_multimodal.pkl
2025-03-31 09:58:47 - eeg_brain_state_prediction.data_pipeline.tools.multimodal - INFO - Successfully saved data
2025-03-31 09:58:47 - eeg_brain_state_prediction.data_pipeline.tools.multimodal - INFO - Loading data for modality: brainstates
2025-03-31 09:58:47 - eeg_brain_state_prediction.data_pipeline.tools.multimodal - INFO - Loading data for modality: eeg
2025-03-31 09:58:48 - eeg_brain_state_prediction.data_pipeline.tools.multimodal - INFO - Saving data to: /data2/Projects/eeg_fmri_natview/chang_data/derivatives/sub-0028/ses-01/multimodal/sub-0028_ses-01_task-MeRest_acq-mr0012_desc-SSDbandsEnv8Caps_multimodal.pkl
2025-03-31 09:58:48 - eeg_brain_state_prediction.data_pipeline.tools.multimodal - INFO - Successfully saved data
2025-03-31 09:58:48 - eeg_brain_state_prediction.data_pipeline.tools.multimodal - INFO - Loading data for modality: brainstates
2025-03-31 09:58:48 - eeg_brain_state_prediction.data_pipeline.tools.multimodal - INFO - Loading data for modality: eeg
2025-03-31 09:58:50 - eeg_brain_state_prediction.data_pipeline.tools.multimodal - INFO - Saving data to: /data2/Projects/eeg_fmri_natview/chang_data/derivatives/sub-0014/ses-01/multimodal/sub-0014_ses-01_task-MeRest_acq-mr0012_desc-SSDbandsEnv8Caps_multimodal.pkl
2025-03-31 09:58:51 - eeg_brain_state_prediction.data_pipeline.tools.multimodal - INFO - Successfully saved data
2025-03-31 09:58:51 - eeg_brain_state_prediction.data_pipeline.tools.multimodal - INFO - Saving data to: /data2/Projects/eeg_fmri_natview/chang_data/derivatives/sub-0028/ses-01/multimodal/sub-0028_ses-01_task-MeRest_acq-mr0012_desc-SSDbandsEnv8Caps_multimodal.pkl
2025-03-31 09:58:51 - eeg_brain_state_prediction.data_pipeline.tools.multimodal - INFO - Loading data for modality: brainstates
2025-03-31 09:58:51 - eeg_brain_state_prediction.data_pipeline.tools.multimodal - INFO - Loading data for modality: eeg
2025-03-31 09:58:51 - eeg_brain_state_prediction.data_pipeline.tools.multimodal - INFO - Successfully saved data
2025-03-31 09:58:51 - eeg_brain_state_prediction.data_pipeline.tools.multimodal - INFO - Loading data for modality: brainstates
2025-03-31 09:58:51 - eeg_brain_state_prediction.data_pipeline.tools.multimodal - INFO - Loading data for modality: eeg
2025-03-31 09:58:53 - eeg_brain_state_prediction.data_pipeline.tools.multimodal - INFO - Saving data to: /data2/Projects/eeg_fmri_natview/chang_data/derivatives/sub-0028/ses-01/multimodal/sub-0028_ses-01_task-MeRest_acq-mr0012_desc-SSDbandsEnv8Caps_multimodal.pkl
2025-03-31 09:58:53 - eeg_brain_state_prediction.data_pipeline.tools.multimodal - INFO - Successfully saved data
2025-03-31 09:58:53 - eeg_brain_state_prediction.data_pipeline.tools.multimodal - INFO - Loading data for modality: brainstates
2025-03-31 09:58:53 - eeg_brain_state_prediction.data_pipeline.tools.multimodal - INFO - Loading data for modality: eeg
2025-03-31 09:58:53 - eeg_brain_state_prediction.data_pipeline.tools.multimodal - INFO - Saving data to: /data2/Projects/eeg_fmri_natview/chang_data/derivatives/sub-0014/ses-01/multimodal/sub-0014_ses-01_task-MeRest_acq-mr0018_desc-SSDbandsEnv8Caps_multimodal.pkl
2025-03-31 09:58:54 - eeg_brain_state_prediction.data_pipeline.tools.multimodal - INFO - Successfully saved data
2025-03-31 09:58:54 - eeg_brain_state_prediction.data_pipeline.tools.multimodal - INFO - Loading data for modality: brainstates
2025-03-31 09:58:54 - eeg_brain_state_prediction.data_pipeline.tools.multimodal - INFO - Loading data for modality: eeg
2025-03-31 09:58:56 - eeg_brain_state_prediction.data_pipeline.tools.multimodal - INFO - Saving data to: /data2/Projects/eeg_fmri_natview/chang_data/derivatives/sub-0028/ses-01/multimodal/sub-0028_ses-01_task-MeRest_acq-mr0012_desc-SSDbandsEnv8Caps_multimodal.pkl
2025-03-31 09:58:56 - eeg_brain_state_prediction.data_pipeline.tools.multimodal - INFO - Successfully saved data
2025-03-31 09:58:56 - eeg_brain_state_prediction.data_pipeline.tools.multimodal - INFO - Loading data for modality: brainstates
2025-03-31 09:58:56 - eeg_brain_state_prediction.data_pipeline.tools.multimodal - INFO - Loading data for modality: eeg
2025-03-31 09:58:57 - eeg_brain_state_prediction.data_pipeline.tools.multimodal - INFO - Saving data to: /data2/Projects/eeg_fmri_natview/chang_data/derivatives/sub-0014/ses-01/multimodal/sub-0014_ses-01_task-MeRest_acq-mr0012_desc-SSDbandsEnv8Caps_multimodal.pkl
2025-03-31 09:58:57 - eeg_brain_state_prediction.data_pipeline.tools.multimodal - INFO - Successfully saved data
2025-03-31 09:58:57 - eeg_brain_state_prediction.data_pipeline.tools.multimodal - INFO - Loading data for modality: brainstates
2025-03-31 09:58:57 - eeg_brain_state_prediction.data_pipeline.tools.multimodal - INFO - Loading data for modality: eeg
2025-03-31 09:58:59 - eeg_brain_state_prediction.data_pipeline.tools.multimodal - INFO - Saving data to: /data2/Projects/eeg_fmri_natview/chang_data/derivatives/sub-0028/ses-01/multimodal/sub-0028_ses-01_task-MeRest_acq-mr0012_desc-SSDbandsEnv8Caps_multimodal.pkl
2025-03-31 09:58:59 - eeg_brain_state_prediction.data_pipeline.tools.multimodal - INFO - Successfully saved data
2025-03-31 09:58:59 - eeg_brain_state_prediction.data_pipeline.tools.multimodal - INFO - Loading data for modality: brainstates
2025-03-31 09:58:59 - eeg_brain_state_prediction.data_pipeline.tools.multimodal - INFO - Loading data for modality: eeg
2025-03-31 09:59:00 - eeg_brain_state_prediction.data_pipeline.tools.multimodal - INFO - Saving data to: /data2/Projects/eeg_fmri_natview/chang_data/derivatives/sub-0014/ses-01/multimodal/sub-0014_ses-01_task-MeRest_acq-mr0018_desc-SSDbandsEnv8Caps_multimodal.pkl
2025-03-31 09:59:00 - eeg_brain_state_prediction.data_pipeline.tools.multimodal - INFO - Successfully saved data
2025-03-31 09:59:00 - eeg_brain_state_prediction.data_pipeline.tools.multimodal - INFO - Loading data for modality: brainstates
2025-03-31 09:59:00 - eeg_brain_state_prediction.data_pipeline.tools.multimodal - INFO - Loading data for modality: eeg
2025-03-31 09:59:02 - eeg_brain_state_prediction.data_pipeline.tools.multimodal - INFO - Saving data to: /data2/Projects/eeg_fmri_natview/chang_data/derivatives/sub-0028/ses-01/multimodal/sub-0028_ses-01_task-MeRest_acq-mr0012_desc-SSDbandsEnv8Caps_multimodal.pkl
2025-03-31 09:59:02 - eeg_brain_state_prediction.data_pipeline.tools.multimodal - INFO - Successfully saved data
2025-03-31 09:59:02 - eeg_brain_state_prediction.data_pipeline.tools.multimodal - INFO - Loading data for modality: brainstates
2025-03-31 09:59:02 - eeg_brain_state_prediction.data_pipeline.tools.multimodal - INFO - Loading data for modality: eeg
2025-03-31 09:59:03 - eeg_brain_state_prediction.data_pipeline.tools.multimodal - INFO - Saving data to: /data2/Projects/eeg_fmri_natview/chang_data/derivatives/sub-0014/ses-01/multimodal/sub-0014_ses-01_task-MeRest_acq-mr0012_desc-SSDbandsEnv8Caps_multimodal.pkl
2025-03-31 09:59:03 - eeg_brain_state_prediction.data_pipeline.tools.multimodal - INFO - Successfully saved data
2025-03-31 09:59:03 - eeg_brain_state_prediction.data_pipeline.tools.multimodal - INFO - Loading data for modality: brainstates
2025-03-31 09:59:03 - eeg_brain_state_prediction.data_pipeline.tools.multimodal - INFO - Loading data for modality: eeg
2025-03-31 09:59:05 - eeg_brain_state_prediction.data_pipeline.tools.multimodal - INFO - Saving data to: /data2/Projects/eeg_fmri_natview/chang_data/derivatives/sub-0028/ses-01/multimodal/sub-0028_ses-01_task-MeRest_acq-mr0012_desc-SSDbandsEnv8Caps_multimodal.pkl
2025-03-31 09:59:05 - eeg_brain_state_prediction.data_pipeline.tools.multimodal - INFO - Successfully saved data
2025-03-31 09:59:05 - eeg_brain_state_prediction.data_pipeline.tools.multimodal - INFO - Loading data for modality: brainstates
2025-03-31 09:59:05 - eeg_brain_state_prediction.data_pipeline.tools.multimodal - INFO - Loading data for modality: eeg
2025-03-31 09:59:06 - eeg_brain_state_prediction.data_pipeline.tools.multimodal - INFO - Saving data to: /data2/Projects/eeg_fmri_natview/chang_data/derivatives/sub-0014/ses-01/multimodal/sub-0014_ses-01_task-MeRest_acq-mr0018_desc-SSDbandsEnv8Caps_multimodal.pkl
2025-03-31 09:59:06 - eeg_brain_state_prediction.data_pipeline.tools.multimodal - INFO - Successfully saved data
2025-03-31 09:59:06 - eeg_brain_state_prediction.data_pipeline.tools.multimodal - INFO - Loading data for modality: brainstates
2025-03-31 09:59:06 - eeg_brain_state_prediction.data_pipeline.tools.multimodal - INFO - Loading data for modality: eeg
2025-03-31 09:59:08 - eeg_brain_state_prediction.data_pipeline.tools.multimodal - INFO - Saving data to: /data2/Projects/eeg_fmri_natview/chang_data/derivatives/sub-0028/ses-01/multimodal/sub-0028_ses-01_task-MeRest_acq-mr0012_desc-SSDbandsEnv8Caps_multimodal.pkl
2025-03-31 09:59:08 - eeg_brain_state_prediction.data_pipeline.tools.multimodal - INFO - Successfully saved data
2025-03-31 09:59:08 - eeg_brain_state_prediction.data_pipeline.tools.multimodal - INFO - Loading data for modality: brainstates
2025-03-31 09:59:08 - eeg_brain_state_prediction.data_pipeline.tools.multimodal - INFO - Loading data for modality: eeg
2025-03-31 09:59:09 - eeg_brain_state_prediction.data_pipeline.tools.multimodal - INFO - Saving data to: /data2/Projects/eeg_fmri_natview/chang_data/derivatives/sub-0014/ses-01/multimodal/sub-0014_ses-01_task-MeRest_acq-mr0012_desc-SSDbandsEnv8Caps_multimodal.pkl
2025-03-31 09:59:09 - eeg_brain_state_prediction.data_pipeline.tools.multimodal - INFO - Successfully saved data
2025-03-31 09:59:09 - eeg_brain_state_prediction.data_pipeline.tools.multimodal - INFO - Loading data for modality: brainstates
2025-03-31 09:59:09 - eeg_brain_state_prediction.data_pipeline.tools.multimodal - INFO - Loading data for modality: eeg
2025-03-31 09:59:12 - eeg_brain_state_prediction.data_pipeline.tools.multimodal - INFO - Saving data to: /data2/Projects/eeg_fmri_natview/chang_data/derivatives/sub-0014/ses-01/multimodal/sub-0014_ses-01_task-MeRest_acq-mr0018_desc-SSDbandsEnv8Caps_multimodal.pkl
2025-03-31 09:59:12 - eeg_brain_state_prediction.data_pipeline.tools.multimodal - INFO - Successfully saved data
2025-03-31 09:59:12 - eeg_brain_state_prediction.data_pipeline.tools.multimodal - INFO - Loading data for modality: brainstates
2025-03-31 09:59:12 - eeg_brain_state_prediction.data_pipeline.tools.multimodal - INFO - Loading data for modality: eeg
2025-03-31 09:59:15 - eeg_brain_state_prediction.data_pipeline.tools.multimodal - INFO - Saving data to: /data2/Projects/eeg_fmri_natview/chang_data/derivatives/sub-0014/ses-01/multimodal/sub-0014_ses-01_task-MeRest_acq-mr0012_desc-SSDbandsEnv8Caps_multimodal.pkl
2025-03-31 09:59:15 - eeg_brain_state_prediction.data_pipeline.tools.multimodal - INFO - Successfully saved data
2025-03-31 09:59:15 - eeg_brain_state_prediction.data_pipeline.tools.multimodal - INFO - Loading data for modality: brainstates
2025-03-31 09:59:15 - eeg_brain_state_prediction.data_pipeline.tools.multimodal - INFO - Loading data for modality: eeg
2025-03-31 09:59:15 - eeg_brain_state_prediction.data_pipeline.tools.multimodal - INFO - Saving data to: /data2/Projects/eeg_fmri_natview/chang_data/derivatives/sub-0029/ses-01/multimodal/sub-0029_ses-01_task-MeRest_acq-mr0012_desc-SSDbandsEnv8Caps_multimodal.pkl
2025-03-31 09:59:16 - eeg_brain_state_prediction.data_pipeline.tools.multimodal - INFO - Successfully saved data
2025-03-31 09:59:16 - eeg_brain_state_prediction.data_pipeline.tools.multimodal - INFO - Loading data for modality: brainstates
2025-03-31 09:59:16 - eeg_brain_state_prediction.data_pipeline.tools.multimodal - INFO - Loading data for modality: eeg
2025-03-31 09:59:18 - eeg_brain_state_prediction.data_pipeline.tools.multimodal - INFO - Saving data to: /data2/Projects/eeg_fmri_natview/chang_data/derivatives/sub-0014/ses-01/multimodal/sub-0014_ses-01_task-MeRest_acq-mr0018_desc-SSDbandsEnv8Caps_multimodal.pkl
2025-03-31 09:59:18 - eeg_brain_state_prediction.data_pipeline.tools.multimodal - INFO - Successfully saved data
2025-03-31 09:59:18 - eeg_brain_state_prediction.data_pipeline.tools.multimodal - INFO - Loading data for modality: brainstates
2025-03-31 09:59:18 - eeg_brain_state_prediction.data_pipeline.tools.multimodal - INFO - Loading data for modality: eeg
2025-03-31 09:59:19 - eeg_brain_state_prediction.data_pipeline.tools.multimodal - INFO - Saving data to: /data2/Projects/eeg_fmri_natview/chang_data/derivatives/sub-0029/ses-01/multimodal/sub-0029_ses-01_task-MeRest_acq-mr0012_desc-SSDbandsEnv8Caps_multimodal.pkl
2025-03-31 09:59:19 - eeg_brain_state_prediction.data_pipeline.tools.multimodal - INFO - Successfully saved data
2025-03-31 09:59:19 - eeg_brain_state_prediction.data_pipeline.tools.multimodal - INFO - Loading data for modality: brainstates
2025-03-31 09:59:19 - eeg_brain_state_prediction.data_pipeline.tools.multimodal - INFO - Loading data for modality: eeg
2025-03-31 09:59:21 - eeg_brain_state_prediction.data_pipeline.tools.multimodal - INFO - Saving data to: /data2/Projects/eeg_fmri_natview/chang_data/derivatives/sub-0014/ses-01/multimodal/sub-0014_ses-01_task-MeRest_acq-mr0018_desc-SSDbandsEnv8Caps_multimodal.pkl
2025-03-31 09:59:21 - eeg_brain_state_prediction.data_pipeline.tools.multimodal - INFO - Successfully saved data
2025-03-31 09:59:21 - eeg_brain_state_prediction.data_pipeline.tools.multimodal - INFO - Loading data for modality: brainstates
2025-03-31 09:59:21 - eeg_brain_state_prediction.data_pipeline.tools.multimodal - INFO - Loading data for modality: eeg
2025-03-31 09:59:22 - eeg_brain_state_prediction.data_pipeline.tools.multimodal - INFO - Saving data to: /data2/Projects/eeg_fmri_natview/chang_data/derivatives/sub-0029/ses-01/multimodal/sub-0029_ses-01_task-MeRest_acq-mr0012_desc-SSDbandsEnv8Caps_multimodal.pkl
2025-03-31 09:59:22 - eeg_brain_state_prediction.data_pipeline.tools.multimodal - INFO - Successfully saved data
2025-03-31 09:59:22 - eeg_brain_state_prediction.data_pipeline.tools.multimodal - INFO - Loading data for modality: brainstates
2025-03-31 09:59:22 - eeg_brain_state_prediction.data_pipeline.tools.multimodal - INFO - Loading data for modality: eeg
2025-03-31 09:59:24 - eeg_brain_state_prediction.data_pipeline.tools.multimodal - INFO - Saving data to: /data2/Projects/eeg_fmri_natview/chang_data/derivatives/sub-0014/ses-01/multimodal/sub-0014_ses-01_task-MeRest_acq-mr0012_desc-SSDbandsEnv8Caps_multimodal.pkl
2025-03-31 09:59:24 - eeg_brain_state_prediction.data_pipeline.tools.multimodal - INFO - Successfully saved data
2025-03-31 09:59:24 - eeg_brain_state_prediction.data_pipeline.tools.multimodal - INFO - Loading data for modality: brainstates
2025-03-31 09:59:24 - eeg_brain_state_prediction.data_pipeline.tools.multimodal - INFO - Loading data for modality: eeg
2025-03-31 09:59:25 - eeg_brain_state_prediction.data_pipeline.tools.multimodal - INFO - Saving data to: /data2/Projects/eeg_fmri_natview/chang_data/derivatives/sub-0029/ses-01/multimodal/sub-0029_ses-01_task-MeRest_acq-mr0012_desc-SSDbandsEnv8Caps_multimodal.pkl
2025-03-31 09:59:25 - eeg_brain_state_prediction.data_pipeline.tools.multimodal - INFO - Successfully saved data
2025-03-31 09:59:25 - eeg_brain_state_prediction.data_pipeline.tools.multimodal - INFO - Loading data for modality: brainstates
2025-03-31 09:59:25 - eeg_brain_state_prediction.data_pipeline.tools.multimodal - INFO - Loading data for modality: eeg
2025-03-31 09:59:27 - eeg_brain_state_prediction.data_pipeline.tools.multimodal - INFO - Saving data to: /data2/Projects/eeg_fmri_natview/chang_data/derivatives/sub-0014/ses-01/multimodal/sub-0014_ses-01_task-MeRest_acq-mr0018_desc-SSDbandsEnv8Caps_multimodal.pkl
2025-03-31 09:59:27 - eeg_brain_state_prediction.data_pipeline.tools.multimodal - INFO - Successfully saved data
2025-03-31 09:59:27 - eeg_brain_state_prediction.data_pipeline.tools.multimodal - INFO - Loading data for modality: brainstates
2025-03-31 09:59:27 - eeg_brain_state_prediction.data_pipeline.tools.multimodal - INFO - Loading data for modality: eeg
2025-03-31 09:59:28 - eeg_brain_state_prediction.data_pipeline.tools.multimodal - INFO - Saving data to: /data2/Projects/eeg_fmri_natview/chang_data/derivatives/sub-0029/ses-01/multimodal/sub-0029_ses-01_task-MeRest_acq-mr0012_desc-SSDbandsEnv8Caps_multimodal.pkl
2025-03-31 09:59:28 - eeg_brain_state_prediction.data_pipeline.tools.multimodal - INFO - Successfully saved data
2025-03-31 09:59:28 - eeg_brain_state_prediction.data_pipeline.tools.multimodal - INFO - Loading data for modality: brainstates
2025-03-31 09:59:28 - eeg_brain_state_prediction.data_pipeline.tools.multimodal - INFO - Loading data for modality: eeg
2025-03-31 09:59:30 - eeg_brain_state_prediction.data_pipeline.tools.multimodal - INFO - Saving data to: /data2/Projects/eeg_fmri_natview/chang_data/derivatives/sub-0014/ses-01/multimodal/sub-0014_ses-01_task-MeRest_acq-mr0012_desc-SSDbandsEnv8Caps_multimodal.pkl
2025-03-31 09:59:30 - eeg_brain_state_prediction.data_pipeline.tools.multimodal - INFO - Successfully saved data
2025-03-31 09:59:30 - eeg_brain_state_prediction.data_pipeline.tools.multimodal - INFO - Loading data for modality: brainstates
2025-03-31 09:59:30 - eeg_brain_state_prediction.data_pipeline.tools.multimodal - INFO - Loading data for modality: eeg
2025-03-31 09:59:31 - eeg_brain_state_prediction.data_pipeline.tools.multimodal - INFO - Saving data to: /data2/Projects/eeg_fmri_natview/chang_data/derivatives/sub-0029/ses-01/multimodal/sub-0029_ses-01_task-MeRest_acq-mr0012_desc-SSDbandsEnv8Caps_multimodal.pkl
2025-03-31 09:59:31 - eeg_brain_state_prediction.data_pipeline.tools.multimodal - INFO - Successfully saved data
2025-03-31 09:59:31 - eeg_brain_state_prediction.data_pipeline.tools.multimodal - INFO - Loading data for modality: brainstates
2025-03-31 09:59:31 - eeg_brain_state_prediction.data_pipeline.tools.multimodal - INFO - Loading data for modality: eeg
2025-03-31 09:59:33 - eeg_brain_state_prediction.data_pipeline.tools.multimodal - INFO - Saving data to: /data2/Projects/eeg_fmri_natview/chang_data/derivatives/sub-0014/ses-01/multimodal/sub-0014_ses-01_task-MeRest_acq-mr0018_desc-SSDbandsEnv8Caps_multimodal.pkl
2025-03-31 09:59:33 - eeg_brain_state_prediction.data_pipeline.tools.multimodal - INFO - Successfully saved data
2025-03-31 09:59:33 - eeg_brain_state_prediction.data_pipeline.tools.multimodal - INFO - Loading data for modality: brainstates
2025-03-31 09:59:33 - eeg_brain_state_prediction.data_pipeline.tools.multimodal - INFO - Loading data for modality: eeg
2025-03-31 09:59:34 - eeg_brain_state_prediction.data_pipeline.tools.multimodal - INFO - Saving data to: /data2/Projects/eeg_fmri_natview/chang_data/derivatives/sub-0029/ses-01/multimodal/sub-0029_ses-01_task-MeRest_acq-mr0012_desc-SSDbandsEnv8Caps_multimodal.pkl
2025-03-31 09:59:34 - eeg_brain_state_prediction.data_pipeline.tools.multimodal - INFO - Successfully saved data
2025-03-31 09:59:34 - eeg_brain_state_prediction.data_pipeline.tools.multimodal - INFO - Loading data for modality: brainstates
2025-03-31 09:59:34 - eeg_brain_state_prediction.data_pipeline.tools.multimodal - INFO - Loading data for modality: eeg
2025-03-31 09:59:36 - eeg_brain_state_prediction.data_pipeline.tools.multimodal - INFO - Saving data to: /data2/Projects/eeg_fmri_natview/chang_data/derivatives/sub-0014/ses-01/multimodal/sub-0014_ses-01_task-MeRest_acq-mr0012_desc-SSDbandsEnv8Caps_multimodal.pkl
2025-03-31 09:59:36 - eeg_brain_state_prediction.data_pipeline.tools.multimodal - INFO - Successfully saved data
2025-03-31 09:59:36 - eeg_brain_state_prediction.data_pipeline.tools.multimodal - INFO - Loading data for modality: brainstates
2025-03-31 09:59:36 - eeg_brain_state_prediction.data_pipeline.tools.multimodal - INFO - Loading data for modality: eeg
2025-03-31 09:59:37 - eeg_brain_state_prediction.data_pipeline.tools.multimodal - INFO - Saving data to: /data2/Projects/eeg_fmri_natview/chang_data/derivatives/sub-0029/ses-01/multimodal/sub-0029_ses-01_task-MeRest_acq-mr0012_desc-SSDbandsEnv8Caps_multimodal.pkl
2025-03-31 09:59:37 - eeg_brain_state_prediction.data_pipeline.tools.multimodal - INFO - Successfully saved data
2025-03-31 09:59:37 - eeg_brain_state_prediction.data_pipeline.tools.multimodal - INFO - Loading data for modality: brainstates
2025-03-31 09:59:37 - eeg_brain_state_prediction.data_pipeline.tools.multimodal - INFO - Loading data for modality: eeg
2025-03-31 09:59:39 - eeg_brain_state_prediction.data_pipeline.tools.multimodal - INFO - Saving data to: /data2/Projects/eeg_fmri_natview/chang_data/derivatives/sub-0016/ses-01/multimodal/sub-0016_ses-01_task-MeRest_acq-mr0006_desc-SSDbandsEnv8Caps_multimodal.pkl
2025-03-31 09:59:39 - eeg_brain_state_prediction.data_pipeline.tools.multimodal - INFO - Successfully saved data
2025-03-31 09:59:39 - eeg_brain_state_prediction.data_pipeline.tools.multimodal - INFO - Loading data for modality: brainstates
2025-03-31 09:59:39 - eeg_brain_state_prediction.data_pipeline.tools.multimodal - INFO - Loading data for modality: eeg
2025-03-31 09:59:40 - eeg_brain_state_prediction.data_pipeline.tools.multimodal - INFO - Saving data to: /data2/Projects/eeg_fmri_natview/chang_data/derivatives/sub-0029/ses-01/multimodal/sub-0029_ses-01_task-MeRest_acq-mr0012_desc-SSDbandsEnv8Caps_multimodal.pkl
2025-03-31 09:59:40 - eeg_brain_state_prediction.data_pipeline.tools.multimodal - INFO - Successfully saved data
2025-03-31 09:59:40 - eeg_brain_state_prediction.data_pipeline.tools.multimodal - INFO - Loading data for modality: brainstates
2025-03-31 09:59:40 - eeg_brain_state_prediction.data_pipeline.tools.multimodal - INFO - Loading data for modality: eeg
2025-03-31 09:59:42 - eeg_brain_state_prediction.data_pipeline.tools.multimodal - INFO - Saving data to: /data2/Projects/eeg_fmri_natview/chang_data/derivatives/sub-0016/ses-01/multimodal/sub-0016_ses-01_task-MeRest_acq-mr0006_desc-SSDbandsEnv8Caps_multimodal.pkl
2025-03-31 09:59:42 - eeg_brain_state_prediction.data_pipeline.tools.multimodal - INFO - Successfully saved data
2025-03-31 09:59:42 - eeg_brain_state_prediction.data_pipeline.tools.multimodal - INFO - Loading data for modality: brainstates
2025-03-31 09:59:42 - eeg_brain_state_prediction.data_pipeline.tools.multimodal - INFO - Loading data for modality: eeg
2025-03-31 09:59:45 - eeg_brain_state_prediction.data_pipeline.tools.multimodal - INFO - Saving data to: /data2/Projects/eeg_fmri_natview/chang_data/derivatives/sub-0016/ses-01/multimodal/sub-0016_ses-01_task-MeRest_acq-mr0015_desc-SSDbandsEnv8Caps_multimodal.pkl
2025-03-31 09:59:45 - eeg_brain_state_prediction.data_pipeline.tools.multimodal - INFO - Successfully saved data
2025-03-31 09:59:46 - eeg_brain_state_prediction.data_pipeline.tools.multimodal - INFO - Loading data for modality: brainstates
2025-03-31 09:59:46 - eeg_brain_state_prediction.data_pipeline.tools.multimodal - INFO - Loading data for modality: eeg
2025-03-31 09:59:48 - eeg_brain_state_prediction.data_pipeline.tools.multimodal - INFO - Saving data to: /data2/Projects/eeg_fmri_natview/chang_data/derivatives/sub-0030/ses-01/multimodal/sub-0030_ses-01_task-MeRest_acq-mr0009_desc-SSDbandsEnv8Caps_multimodal.pkl
2025-03-31 09:59:48 - eeg_brain_state_prediction.data_pipeline.tools.multimodal - INFO - Successfully saved data
2025-03-31 09:59:48 - eeg_brain_state_prediction.data_pipeline.tools.multimodal - INFO - Loading data for modality: brainstates
2025-03-31 09:59:48 - eeg_brain_state_prediction.data_pipeline.tools.multimodal - INFO - Loading data for modality: eeg
2025-03-31 09:59:49 - eeg_brain_state_prediction.data_pipeline.tools.multimodal - INFO - Saving data to: /data2/Projects/eeg_fmri_natview/chang_data/derivatives/sub-0016/ses-01/multimodal/sub-0016_ses-01_task-MeRest_acq-mr0015_desc-SSDbandsEnv8Caps_multimodal.pkl
2025-03-31 09:59:49 - eeg_brain_state_prediction.data_pipeline.tools.multimodal - INFO - Successfully saved data
2025-03-31 09:59:49 - eeg_brain_state_prediction.data_pipeline.tools.multimodal - INFO - Loading data for modality: brainstates
2025-03-31 09:59:49 - eeg_brain_state_prediction.data_pipeline.tools.multimodal - INFO - Loading data for modality: eeg
2025-03-31 09:59:51 - eeg_brain_state_prediction.data_pipeline.tools.multimodal - INFO - Saving data to: /data2/Projects/eeg_fmri_natview/chang_data/derivatives/sub-0030/ses-01/multimodal/sub-0030_ses-01_task-MeRest_acq-mr0009_desc-SSDbandsEnv8Caps_multimodal.pkl
2025-03-31 09:59:51 - eeg_brain_state_prediction.data_pipeline.tools.multimodal - INFO - Successfully saved data
2025-03-31 09:59:51 - eeg_brain_state_prediction.data_pipeline.tools.multimodal - INFO - Loading data for modality: brainstates
2025-03-31 09:59:51 - eeg_brain_state_prediction.data_pipeline.tools.multimodal - INFO - Loading data for modality: eeg
2025-03-31 09:59:52 - eeg_brain_state_prediction.data_pipeline.tools.multimodal - INFO - Saving data to: /data2/Projects/eeg_fmri_natview/chang_data/derivatives/sub-0016/ses-01/multimodal/sub-0016_ses-01_task-MeRest_acq-mr0015_desc-SSDbandsEnv8Caps_multimodal.pkl
2025-03-31 09:59:52 - eeg_brain_state_prediction.data_pipeline.tools.multimodal - INFO - Successfully saved data
2025-03-31 09:59:52 - eeg_brain_state_prediction.data_pipeline.tools.multimodal - INFO - Loading data for modality: brainstates
2025-03-31 09:59:52 - eeg_brain_state_prediction.data_pipeline.tools.multimodal - INFO - Loading data for modality: eeg
2025-03-31 09:59:54 - eeg_brain_state_prediction.data_pipeline.tools.multimodal - INFO - Saving data to: /data2/Projects/eeg_fmri_natview/chang_data/derivatives/sub-0030/ses-01/multimodal/sub-0030_ses-01_task-MeRest_acq-mr0009_desc-SSDbandsEnv8Caps_multimodal.pkl
2025-03-31 09:59:54 - eeg_brain_state_prediction.data_pipeline.tools.multimodal - INFO - Successfully saved data
2025-03-31 09:59:54 - eeg_brain_state_prediction.data_pipeline.tools.multimodal - INFO - Loading data for modality: brainstates
2025-03-31 09:59:54 - eeg_brain_state_prediction.data_pipeline.tools.multimodal - INFO - Loading data for modality: eeg
2025-03-31 09:59:55 - eeg_brain_state_prediction.data_pipeline.tools.multimodal - INFO - Saving data to: /data2/Projects/eeg_fmri_natview/chang_data/derivatives/sub-0016/ses-01/multimodal/sub-0016_ses-01_task-MeRest_acq-mr0006_desc-SSDbandsEnv8Caps_multimodal.pkl
2025-03-31 09:59:55 - eeg_brain_state_prediction.data_pipeline.tools.multimodal - INFO - Successfully saved data
2025-03-31 09:59:55 - eeg_brain_state_prediction.data_pipeline.tools.multimodal - INFO - Loading data for modality: brainstates
2025-03-31 09:59:55 - eeg_brain_state_prediction.data_pipeline.tools.multimodal - INFO - Loading data for modality: eeg
2025-03-31 09:59:57 - eeg_brain_state_prediction.data_pipeline.tools.multimodal - INFO - Saving data to: /data2/Projects/eeg_fmri_natview/chang_data/derivatives/sub-0030/ses-01/multimodal/sub-0030_ses-01_task-MeRest_acq-mr0009_desc-SSDbandsEnv8Caps_multimodal.pkl
2025-03-31 09:59:57 - eeg_brain_state_prediction.data_pipeline.tools.multimodal - INFO - Successfully saved data
2025-03-31 09:59:57 - eeg_brain_state_prediction.data_pipeline.tools.multimodal - INFO - Loading data for modality: brainstates
2025-03-31 09:59:57 - eeg_brain_state_prediction.data_pipeline.tools.multimodal - INFO - Loading data for modality: eeg
2025-03-31 09:59:58 - eeg_brain_state_prediction.data_pipeline.tools.multimodal - INFO - Saving data to: /data2/Projects/eeg_fmri_natview/chang_data/derivatives/sub-0016/ses-01/multimodal/sub-0016_ses-01_task-MeRest_acq-mr0015_desc-SSDbandsEnv8Caps_multimodal.pkl
2025-03-31 09:59:58 - eeg_brain_state_prediction.data_pipeline.tools.multimodal - INFO - Successfully saved data
2025-03-31 09:59:58 - eeg_brain_state_prediction.data_pipeline.tools.multimodal - INFO - Loading data for modality: brainstates
2025-03-31 09:59:58 - eeg_brain_state_prediction.data_pipeline.tools.multimodal - INFO - Loading data for modality: eeg
2025-03-31 10:00:00 - eeg_brain_state_prediction.data_pipeline.tools.multimodal - INFO - Saving data to: /data2/Projects/eeg_fmri_natview/chang_data/derivatives/sub-0030/ses-01/multimodal/sub-0030_ses-01_task-MeRest_acq-mr0009_desc-SSDbandsEnv8Caps_multimodal.pkl
2025-03-31 10:00:00 - eeg_brain_state_prediction.data_pipeline.tools.multimodal - INFO - Successfully saved data
2025-03-31 10:00:00 - eeg_brain_state_prediction.data_pipeline.tools.multimodal - INFO - Loading data for modality: brainstates
2025-03-31 10:00:00 - eeg_brain_state_prediction.data_pipeline.tools.multimodal - INFO - Loading data for modality: eeg
2025-03-31 10:00:01 - eeg_brain_state_prediction.data_pipeline.tools.multimodal - INFO - Saving data to: /data2/Projects/eeg_fmri_natview/chang_data/derivatives/sub-0016/ses-01/multimodal/sub-0016_ses-01_task-MeRest_acq-mr0006_desc-SSDbandsEnv8Caps_multimodal.pkl
2025-03-31 10:00:01 - eeg_brain_state_prediction.data_pipeline.tools.multimodal - INFO - Successfully saved data
2025-03-31 10:00:01 - eeg_brain_state_prediction.data_pipeline.tools.multimodal - INFO - Loading data for modality: brainstates
2025-03-31 10:00:01 - eeg_brain_state_prediction.data_pipeline.tools.multimodal - INFO - Loading data for modality: eeg
2025-03-31 10:00:03 - eeg_brain_state_prediction.data_pipeline.tools.multimodal - INFO - Saving data to: /data2/Projects/eeg_fmri_natview/chang_data/derivatives/sub-0030/ses-01/multimodal/sub-0030_ses-01_task-MeRest_acq-mr0009_desc-SSDbandsEnv8Caps_multimodal.pkl
2025-03-31 10:00:04 - eeg_brain_state_prediction.data_pipeline.tools.multimodal - INFO - Successfully saved data
2025-03-31 10:00:04 - eeg_brain_state_prediction.data_pipeline.tools.multimodal - INFO - Loading data for modality: brainstates
2025-03-31 10:00:04 - eeg_brain_state_prediction.data_pipeline.tools.multimodal - INFO - Loading data for modality: eeg
2025-03-31 10:00:04 - eeg_brain_state_prediction.data_pipeline.tools.multimodal - INFO - Saving data to: /data2/Projects/eeg_fmri_natview/chang_data/derivatives/sub-0016/ses-01/multimodal/sub-0016_ses-01_task-MeRest_acq-mr0015_desc-SSDbandsEnv8Caps_multimodal.pkl
2025-03-31 10:00:04 - eeg_brain_state_prediction.data_pipeline.tools.multimodal - INFO - Successfully saved data
2025-03-31 10:00:04 - eeg_brain_state_prediction.data_pipeline.tools.multimodal - INFO - Loading data for modality: brainstates
2025-03-31 10:00:04 - eeg_brain_state_prediction.data_pipeline.tools.multimodal - INFO - Loading data for modality: eeg
2025-03-31 10:00:07 - eeg_brain_state_prediction.data_pipeline.tools.multimodal - INFO - Saving data to: /data2/Projects/eeg_fmri_natview/chang_data/derivatives/sub-0030/ses-01/multimodal/sub-0030_ses-01_task-MeRest_acq-mr0009_desc-SSDbandsEnv8Caps_multimodal.pkl
2025-03-31 10:00:07 - eeg_brain_state_prediction.data_pipeline.tools.multimodal - INFO - Successfully saved data
2025-03-31 10:00:07 - eeg_brain_state_prediction.data_pipeline.tools.multimodal - INFO - Loading data for modality: brainstates
2025-03-31 10:00:07 - eeg_brain_state_prediction.data_pipeline.tools.multimodal - INFO - Loading data for modality: eeg
2025-03-31 10:00:07 - eeg_brain_state_prediction.data_pipeline.tools.multimodal - INFO - Saving data to: /data2/Projects/eeg_fmri_natview/chang_data/derivatives/sub-0016/ses-01/multimodal/sub-0016_ses-01_task-MeRest_acq-mr0006_desc-SSDbandsEnv8Caps_multimodal.pkl
2025-03-31 10:00:07 - eeg_brain_state_prediction.data_pipeline.tools.multimodal - INFO - Successfully saved data
2025-03-31 10:00:07 - eeg_brain_state_prediction.data_pipeline.tools.multimodal - INFO - Loading data for modality: brainstates
2025-03-31 10:00:07 - eeg_brain_state_prediction.data_pipeline.tools.multimodal - INFO - Loading data for modality: eeg
2025-03-31 10:00:10 - eeg_brain_state_prediction.data_pipeline.tools.multimodal - INFO - Saving data to: /data2/Projects/eeg_fmri_natview/chang_data/derivatives/sub-0030/ses-01/multimodal/sub-0030_ses-01_task-MeRest_acq-mr0009_desc-SSDbandsEnv8Caps_multimodal.pkl
2025-03-31 10:00:10 - eeg_brain_state_prediction.data_pipeline.tools.multimodal - INFO - Successfully saved data
2025-03-31 10:00:10 - eeg_brain_state_prediction.data_pipeline.tools.multimodal - INFO - Loading data for modality: brainstates
2025-03-31 10:00:10 - eeg_brain_state_prediction.data_pipeline.tools.multimodal - INFO - Loading data for modality: eeg
2025-03-31 10:00:10 - eeg_brain_state_prediction.data_pipeline.tools.multimodal - INFO - Saving data to: /data2/Projects/eeg_fmri_natview/chang_data/derivatives/sub-0016/ses-01/multimodal/sub-0016_ses-01_task-MeRest_acq-mr0015_desc-SSDbandsEnv8Caps_multimodal.pkl
2025-03-31 10:00:10 - eeg_brain_state_prediction.data_pipeline.tools.multimodal - INFO - Successfully saved data
2025-03-31 10:00:10 - eeg_brain_state_prediction.data_pipeline.tools.multimodal - INFO - Loading data for modality: brainstates
2025-03-31 10:00:10 - eeg_brain_state_prediction.data_pipeline.tools.multimodal - INFO - Loading data for modality: eeg
2025-03-31 10:00:13 - eeg_brain_state_prediction.data_pipeline.tools.multimodal - INFO - Saving data to: /data2/Projects/eeg_fmri_natview/chang_data/derivatives/sub-0030/ses-01/multimodal/sub-0030_ses-01_task-MeRest_acq-mr0009_desc-SSDbandsEnv8Caps_multimodal.pkl
2025-03-31 10:00:13 - eeg_brain_state_prediction.data_pipeline.tools.multimodal - INFO - Successfully saved data
2025-03-31 10:00:13 - eeg_brain_state_prediction.data_pipeline.tools.multimodal - INFO - Saving data to: /data2/Projects/eeg_fmri_natview/chang_data/derivatives/sub-0016/ses-01/multimodal/sub-0016_ses-01_task-MeRest_acq-mr0006_desc-SSDbandsEnv8Caps_multimodal.pkl
2025-03-31 10:00:13 - eeg_brain_state_prediction.data_pipeline.tools.multimodal - INFO - Loading data for modality: brainstates
2025-03-31 10:00:13 - eeg_brain_state_prediction.data_pipeline.tools.multimodal - INFO - Successfully saved data
2025-03-31 10:00:13 - eeg_brain_state_prediction.data_pipeline.tools.multimodal - INFO - Loading data for modality: brainstates
2025-03-31 10:00:13 - eeg_brain_state_prediction.data_pipeline.tools.multimodal - INFO - Loading data for modality: eeg
2025-03-31 10:00:13 - eeg_brain_state_prediction.data_pipeline.tools.multimodal - INFO - Loading data for modality: eeg
2025-03-31 10:00:16 - eeg_brain_state_prediction.data_pipeline.tools.multimodal - INFO - Saving data to: /data2/Projects/eeg_fmri_natview/chang_data/derivatives/sub-0016/ses-01/multimodal/sub-0016_ses-01_task-MeRest_acq-mr0015_desc-SSDbandsEnv8Caps_multimodal.pkl
2025-03-31 10:00:16 - eeg_brain_state_prediction.data_pipeline.tools.multimodal - INFO - Successfully saved data
2025-03-31 10:00:16 - eeg_brain_state_prediction.data_pipeline.tools.multimodal - INFO - Loading data for modality: brainstates
2025-03-31 10:00:16 - eeg_brain_state_prediction.data_pipeline.tools.multimodal - INFO - Loading data for modality: eeg
2025-03-31 10:00:19 - eeg_brain_state_prediction.data_pipeline.tools.multimodal - INFO - Saving data to: /data2/Projects/eeg_fmri_natview/chang_data/derivatives/sub-0016/ses-01/multimodal/sub-0016_ses-01_task-MeRest_acq-mr0006_desc-SSDbandsEnv8Caps_multimodal.pkl
2025-03-31 10:00:19 - eeg_brain_state_prediction.data_pipeline.tools.multimodal - INFO - Successfully saved data
2025-03-31 10:00:19 - eeg_brain_state_prediction.data_pipeline.tools.multimodal - INFO - Loading data for modality: brainstates
2025-03-31 10:00:19 - eeg_brain_state_prediction.data_pipeline.tools.multimodal - INFO - Loading data for modality: eeg
2025-03-31 10:00:21 - eeg_brain_state_prediction.data_pipeline.tools.multimodal - INFO - Saving data to: /data2/Projects/eeg_fmri_natview/chang_data/derivatives/sub-0031/ses-01/multimodal/sub-0031_ses-01_task-MeRest_acq-mr0015_desc-SSDbandsEnv8Caps_multimodal.pkl
2025-03-31 10:00:21 - eeg_brain_state_prediction.data_pipeline.tools.multimodal - INFO - Successfully saved data
2025-03-31 10:00:21 - eeg_brain_state_prediction.data_pipeline.tools.multimodal - INFO - Loading data for modality: brainstates
2025-03-31 10:00:21 - eeg_brain_state_prediction.data_pipeline.tools.multimodal - INFO - Loading data for modality: eeg
2025-03-31 10:00:22 - eeg_brain_state_prediction.data_pipeline.tools.multimodal - INFO - Saving data to: /data2/Projects/eeg_fmri_natview/chang_data/derivatives/sub-0016/ses-01/multimodal/sub-0016_ses-01_task-MeRest_acq-mr0006_desc-SSDbandsEnv8Caps_multimodal.pkl
2025-03-31 10:00:22 - eeg_brain_state_prediction.data_pipeline.tools.multimodal - INFO - Successfully saved data
2025-03-31 10:00:23 - eeg_brain_state_prediction.data_pipeline.tools.multimodal - INFO - Loading data for modality: brainstates
2025-03-31 10:00:23 - eeg_brain_state_prediction.data_pipeline.tools.multimodal - INFO - Loading data for modality: eeg
2025-03-31 10:00:24 - eeg_brain_state_prediction.data_pipeline.tools.multimodal - INFO - Saving data to: /data2/Projects/eeg_fmri_natview/chang_data/derivatives/sub-0031/ses-01/multimodal/sub-0031_ses-01_task-MeRest_acq-mr0015_desc-SSDbandsEnv8Caps_multimodal.pkl
2025-03-31 10:00:24 - eeg_brain_state_prediction.data_pipeline.tools.multimodal - INFO - Successfully saved data
2025-03-31 10:00:24 - eeg_brain_state_prediction.data_pipeline.tools.multimodal - INFO - Loading data for modality: brainstates
2025-03-31 10:00:24 - eeg_brain_state_prediction.data_pipeline.tools.multimodal - INFO - Loading data for modality: eeg
2025-03-31 10:00:26 - eeg_brain_state_prediction.data_pipeline.tools.multimodal - INFO - Saving data to: /data2/Projects/eeg_fmri_natview/chang_data/derivatives/sub-0016/ses-01/multimodal/sub-0016_ses-01_task-MeRest_acq-mr0015_desc-SSDbandsEnv8Caps_multimodal.pkl
2025-03-31 10:00:26 - eeg_brain_state_prediction.data_pipeline.tools.multimodal - INFO - Successfully saved data
2025-03-31 10:00:26 - eeg_brain_state_prediction.data_pipeline.tools.multimodal - INFO - Loading data for modality: brainstates
2025-03-31 10:00:26 - eeg_brain_state_prediction.data_pipeline.tools.multimodal - INFO - Loading data for modality: eeg
2025-03-31 10:00:27 - eeg_brain_state_prediction.data_pipeline.tools.multimodal - INFO - Saving data to: /data2/Projects/eeg_fmri_natview/chang_data/derivatives/sub-0031/ses-01/multimodal/sub-0031_ses-01_task-MeRest_acq-mr0015_desc-SSDbandsEnv8Caps_multimodal.pkl
2025-03-31 10:00:27 - eeg_brain_state_prediction.data_pipeline.tools.multimodal - INFO - Successfully saved data
2025-03-31 10:00:27 - eeg_brain_state_prediction.data_pipeline.tools.multimodal - INFO - Loading data for modality: brainstates
2025-03-31 10:00:27 - eeg_brain_state_prediction.data_pipeline.tools.multimodal - INFO - Loading data for modality: eeg
2025-03-31 10:00:29 - eeg_brain_state_prediction.data_pipeline.tools.multimodal - INFO - Saving data to: /data2/Projects/eeg_fmri_natview/chang_data/derivatives/sub-0016/ses-01/multimodal/sub-0016_ses-01_task-MeRest_acq-mr0006_desc-SSDbandsEnv8Caps_multimodal.pkl
2025-03-31 10:00:29 - eeg_brain_state_prediction.data_pipeline.tools.multimodal - INFO - Successfully saved data
2025-03-31 10:00:29 - eeg_brain_state_prediction.data_pipeline.tools.multimodal - INFO - Loading data for modality: brainstates
2025-03-31 10:00:29 - eeg_brain_state_prediction.data_pipeline.tools.multimodal - INFO - Loading data for modality: eeg
2025-03-31 10:00:30 - eeg_brain_state_prediction.data_pipeline.tools.multimodal - INFO - Saving data to: /data2/Projects/eeg_fmri_natview/chang_data/derivatives/sub-0031/ses-01/multimodal/sub-0031_ses-01_task-MeRest_acq-mr0015_desc-SSDbandsEnv8Caps_multimodal.pkl
2025-03-31 10:00:30 - eeg_brain_state_prediction.data_pipeline.tools.multimodal - INFO - Successfully saved data
2025-03-31 10:00:30 - eeg_brain_state_prediction.data_pipeline.tools.multimodal - INFO - Loading data for modality: brainstates
2025-03-31 10:00:30 - eeg_brain_state_prediction.data_pipeline.tools.multimodal - INFO - Loading data for modality: eeg
2025-03-31 10:00:32 - eeg_brain_state_prediction.data_pipeline.tools.multimodal - INFO - Saving data to: /data2/Projects/eeg_fmri_natview/chang_data/derivatives/sub-0016/ses-01/multimodal/sub-0016_ses-01_task-MeRest_acq-mr0015_desc-SSDbandsEnv8Caps_multimodal.pkl
2025-03-31 10:00:32 - eeg_brain_state_prediction.data_pipeline.tools.multimodal - INFO - Successfully saved data
2025-03-31 10:00:32 - eeg_brain_state_prediction.data_pipeline.tools.multimodal - INFO - Loading data for modality: brainstates
2025-03-31 10:00:32 - eeg_brain_state_prediction.data_pipeline.tools.multimodal - INFO - Loading data for modality: eeg
2025-03-31 10:00:34 - eeg_brain_state_prediction.data_pipeline.tools.multimodal - INFO - Saving data to: /data2/Projects/eeg_fmri_natview/chang_data/derivatives/sub-0031/ses-01/multimodal/sub-0031_ses-01_task-MeRest_acq-mr0015_desc-SSDbandsEnv8Caps_multimodal.pkl
2025-03-31 10:00:34 - eeg_brain_state_prediction.data_pipeline.tools.multimodal - INFO - Successfully saved data
2025-03-31 10:00:34 - eeg_brain_state_prediction.data_pipeline.tools.multimodal - INFO - Loading data for modality: brainstates
2025-03-31 10:00:34 - eeg_brain_state_prediction.data_pipeline.tools.multimodal - INFO - Loading data for modality: eeg
2025-03-31 10:00:35 - eeg_brain_state_prediction.data_pipeline.tools.multimodal - INFO - Saving data to: /data2/Projects/eeg_fmri_natview/chang_data/derivatives/sub-0021/ses-01/multimodal/sub-0021_ses-01_task-MeRest_acq-mr0012_desc-SSDbandsEnv8Caps_multimodal.pkl
2025-03-31 10:00:35 - eeg_brain_state_prediction.data_pipeline.tools.multimodal - INFO - Successfully saved data
2025-03-31 10:00:35 - eeg_brain_state_prediction.data_pipeline.tools.multimodal - INFO - Loading data for modality: brainstates
2025-03-31 10:00:35 - eeg_brain_state_prediction.data_pipeline.tools.multimodal - INFO - Loading data for modality: eeg
2025-03-31 10:00:37 - eeg_brain_state_prediction.data_pipeline.tools.multimodal - INFO - Saving data to: /data2/Projects/eeg_fmri_natview/chang_data/derivatives/sub-0031/ses-01/multimodal/sub-0031_ses-01_task-MeRest_acq-mr0015_desc-SSDbandsEnv8Caps_multimodal.pkl
2025-03-31 10:00:37 - eeg_brain_state_prediction.data_pipeline.tools.multimodal - INFO - Successfully saved data
2025-03-31 10:00:37 - eeg_brain_state_prediction.data_pipeline.tools.multimodal - INFO - Loading data for modality: brainstates
2025-03-31 10:00:37 - eeg_brain_state_prediction.data_pipeline.tools.multimodal - INFO - Loading data for modality: eeg
2025-03-31 10:00:38 - eeg_brain_state_prediction.data_pipeline.tools.multimodal - INFO - Saving data to: /data2/Projects/eeg_fmri_natview/chang_data/derivatives/sub-0021/ses-01/multimodal/sub-0021_ses-01_task-MeRest_acq-mr0012_desc-SSDbandsEnv8Caps_multimodal.pkl
2025-03-31 10:00:38 - eeg_brain_state_prediction.data_pipeline.tools.multimodal - INFO - Successfully saved data
2025-03-31 10:00:38 - eeg_brain_state_prediction.data_pipeline.tools.multimodal - INFO - Loading data for modality: brainstates
2025-03-31 10:00:38 - eeg_brain_state_prediction.data_pipeline.tools.multimodal - INFO - Loading data for modality: eeg
2025-03-31 10:00:40 - eeg_brain_state_prediction.data_pipeline.tools.multimodal - INFO - Saving data to: /data2/Projects/eeg_fmri_natview/chang_data/derivatives/sub-0031/ses-01/multimodal/sub-0031_ses-01_task-MeRest_acq-mr0015_desc-SSDbandsEnv8Caps_multimodal.pkl
2025-03-31 10:00:40 - eeg_brain_state_prediction.data_pipeline.tools.multimodal - INFO - Successfully saved data
2025-03-31 10:00:40 - eeg_brain_state_prediction.data_pipeline.tools.multimodal - INFO - Loading data for modality: brainstates
2025-03-31 10:00:40 - eeg_brain_state_prediction.data_pipeline.tools.multimodal - INFO - Loading data for modality: eeg
2025-03-31 10:00:41 - eeg_brain_state_prediction.data_pipeline.tools.multimodal - INFO - Saving data to: /data2/Projects/eeg_fmri_natview/chang_data/derivatives/sub-0021/ses-01/multimodal/sub-0021_ses-01_task-MeRest_acq-mr0012_desc-SSDbandsEnv8Caps_multimodal.pkl
2025-03-31 10:00:41 - eeg_brain_state_prediction.data_pipeline.tools.multimodal - INFO - Successfully saved data
2025-03-31 10:00:41 - eeg_brain_state_prediction.data_pipeline.tools.multimodal - INFO - Loading data for modality: brainstates
2025-03-31 10:00:41 - eeg_brain_state_prediction.data_pipeline.tools.multimodal - INFO - Loading data for modality: eeg
2025-03-31 10:00:43 - eeg_brain_state_prediction.data_pipeline.tools.multimodal - INFO - Saving data to: /data2/Projects/eeg_fmri_natview/chang_data/derivatives/sub-0031/ses-01/multimodal/sub-0031_ses-01_task-MeRest_acq-mr0015_desc-SSDbandsEnv8Caps_multimodal.pkl
2025-03-31 10:00:43 - eeg_brain_state_prediction.data_pipeline.tools.multimodal - INFO - Successfully saved data
2025-03-31 10:00:43 - eeg_brain_state_prediction.data_pipeline.tools.multimodal - INFO - Loading data for modality: brainstates
2025-03-31 10:00:43 - eeg_brain_state_prediction.data_pipeline.tools.multimodal - INFO - Loading data for modality: eeg
2025-03-31 10:00:44 - eeg_brain_state_prediction.data_pipeline.tools.multimodal - INFO - Saving data to: /data2/Projects/eeg_fmri_natview/chang_data/derivatives/sub-0021/ses-01/multimodal/sub-0021_ses-01_task-MeRest_acq-mr0012_desc-SSDbandsEnv8Caps_multimodal.pkl
2025-03-31 10:00:44 - eeg_brain_state_prediction.data_pipeline.tools.multimodal - INFO - Successfully saved data
2025-03-31 10:00:44 - eeg_brain_state_prediction.data_pipeline.tools.multimodal - INFO - Loading data for modality: brainstates
2025-03-31 10:00:44 - eeg_brain_state_prediction.data_pipeline.tools.multimodal - INFO - Loading data for modality: eeg
2025-03-31 10:00:46 - eeg_brain_state_prediction.data_pipeline.tools.multimodal - INFO - Saving data to: /data2/Projects/eeg_fmri_natview/chang_data/derivatives/sub-0031/ses-01/multimodal/sub-0031_ses-01_task-MeRest_acq-mr0015_desc-SSDbandsEnv8Caps_multimodal.pkl
2025-03-31 10:00:46 - eeg_brain_state_prediction.data_pipeline.tools.multimodal - INFO - Successfully saved data
2025-03-31 10:00:46 - eeg_brain_state_prediction.data_pipeline.tools.multimodal - INFO - Loading data for modality: brainstates
2025-03-31 10:00:46 - eeg_brain_state_prediction.data_pipeline.tools.multimodal - INFO - Loading data for modality: eeg
2025-03-31 10:00:47 - eeg_brain_state_prediction.data_pipeline.tools.multimodal - INFO - Saving data to: /data2/Projects/eeg_fmri_natview/chang_data/derivatives/sub-0021/ses-01/multimodal/sub-0021_ses-01_task-MeRest_acq-mr0012_desc-SSDbandsEnv8Caps_multimodal.pkl
2025-03-31 10:00:47 - eeg_brain_state_prediction.data_pipeline.tools.multimodal - INFO - Successfully saved data
2025-03-31 10:00:47 - eeg_brain_state_prediction.data_pipeline.tools.multimodal - INFO - Loading data for modality: brainstates
2025-03-31 10:00:47 - eeg_brain_state_prediction.data_pipeline.tools.multimodal - INFO - Loading data for modality: eeg
2025-03-31 10:00:50 - eeg_brain_state_prediction.data_pipeline.tools.multimodal - INFO - Saving data to: /data2/Projects/eeg_fmri_natview/chang_data/derivatives/sub-0021/ses-01/multimodal/sub-0021_ses-01_task-MeRest_acq-mr0012_desc-SSDbandsEnv8Caps_multimodal.pkl
2025-03-31 10:00:50 - eeg_brain_state_prediction.data_pipeline.tools.multimodal - INFO - Successfully saved data
2025-03-31 10:00:50 - eeg_brain_state_prediction.data_pipeline.tools.multimodal - INFO - Loading data for modality: brainstates
2025-03-31 10:00:50 - eeg_brain_state_prediction.data_pipeline.tools.multimodal - INFO - Loading data for modality: eeg
2025-03-31 10:00:53 - eeg_brain_state_prediction.data_pipeline.tools.multimodal - INFO - Saving data to: /data2/Projects/eeg_fmri_natview/chang_data/derivatives/sub-0021/ses-01/multimodal/sub-0021_ses-01_task-MeRest_acq-mr0012_desc-SSDbandsEnv8Caps_multimodal.pkl
2025-03-31 10:00:53 - eeg_brain_state_prediction.data_pipeline.tools.multimodal - INFO - Successfully saved data
2025-03-31 10:00:53 - eeg_brain_state_prediction.data_pipeline.tools.multimodal - INFO - Loading data for modality: brainstates
2025-03-31 10:00:53 - eeg_brain_state_prediction.data_pipeline.tools.multimodal - INFO - Loading data for modality: eeg
2025-03-31 10:00:54 - eeg_brain_state_prediction.data_pipeline.tools.multimodal - INFO - Saving data to: /data2/Projects/eeg_fmri_natview/chang_data/derivatives/sub-0032/ses-01/multimodal/sub-0032_ses-01_task-MeRest_acq-mr0009_desc-SSDbandsEnv8Caps_multimodal.pkl
2025-03-31 10:00:54 - eeg_brain_state_prediction.data_pipeline.tools.multimodal - INFO - Successfully saved data
2025-03-31 10:00:54 - eeg_brain_state_prediction.data_pipeline.tools.multimodal - INFO - Loading data for modality: brainstates
2025-03-31 10:00:54 - eeg_brain_state_prediction.data_pipeline.tools.multimodal - INFO - Loading data for modality: eeg
2025-03-31 10:00:56 - eeg_brain_state_prediction.data_pipeline.tools.multimodal - INFO - Saving data to: /data2/Projects/eeg_fmri_natview/chang_data/derivatives/sub-0021/ses-01/multimodal/sub-0021_ses-01_task-MeRest_acq-mr0012_desc-SSDbandsEnv8Caps_multimodal.pkl
2025-03-31 10:00:57 - eeg_brain_state_prediction.data_pipeline.tools.multimodal - INFO - Successfully saved data
2025-03-31 10:00:57 - eeg_brain_state_prediction.data_pipeline.tools.multimodal - INFO - Loading data for modality: brainstates
2025-03-31 10:00:57 - eeg_brain_state_prediction.data_pipeline.tools.multimodal - INFO - Loading data for modality: eeg
2025-03-31 10:00:57 - eeg_brain_state_prediction.data_pipeline.tools.multimodal - INFO - Saving data to: /data2/Projects/eeg_fmri_natview/chang_data/derivatives/sub-0032/ses-01/multimodal/sub-0032_ses-01_task-MeRest_acq-mr0009_desc-SSDbandsEnv8Caps_multimodal.pkl
2025-03-31 10:00:57 - eeg_brain_state_prediction.data_pipeline.tools.multimodal - INFO - Successfully saved data
2025-03-31 10:00:57 - eeg_brain_state_prediction.data_pipeline.tools.multimodal - INFO - Loading data for modality: brainstates
2025-03-31 10:00:57 - eeg_brain_state_prediction.data_pipeline.tools.multimodal - INFO - Loading data for modality: eeg
2025-03-31 10:01:00 - eeg_brain_state_prediction.data_pipeline.tools.multimodal - INFO - Saving data to: /data2/Projects/eeg_fmri_natview/chang_data/derivatives/sub-0021/ses-01/multimodal/sub-0021_ses-01_task-MeRest_acq-mr0012_desc-SSDbandsEnv8Caps_multimodal.pkl
2025-03-31 10:01:00 - eeg_brain_state_prediction.data_pipeline.tools.multimodal - INFO - Successfully saved data
2025-03-31 10:01:00 - eeg_brain_state_prediction.data_pipeline.tools.multimodal - INFO - Loading data for modality: brainstates
2025-03-31 10:01:00 - eeg_brain_state_prediction.data_pipeline.tools.multimodal - INFO - Loading data for modality: eeg
2025-03-31 10:01:00 - eeg_brain_state_prediction.data_pipeline.tools.multimodal - INFO - Saving data to: /data2/Projects/eeg_fmri_natview/chang_data/derivatives/sub-0032/ses-01/multimodal/sub-0032_ses-01_task-MeRest_acq-mr0009_desc-SSDbandsEnv8Caps_multimodal.pkl
2025-03-31 10:01:00 - eeg_brain_state_prediction.data_pipeline.tools.multimodal - INFO - Successfully saved data
2025-03-31 10:01:00 - eeg_brain_state_prediction.data_pipeline.tools.multimodal - INFO - Loading data for modality: brainstates
2025-03-31 10:01:00 - eeg_brain_state_prediction.data_pipeline.tools.multimodal - INFO - Loading data for modality: eeg
2025-03-31 10:01:03 - eeg_brain_state_prediction.data_pipeline.tools.multimodal - INFO - Saving data to: /data2/Projects/eeg_fmri_natview/chang_data/derivatives/sub-0027/ses-01/multimodal/sub-0027_ses-01_task-MeRest_acq-mr0009_desc-SSDbandsEnv8Caps_multimodal.pkl
2025-03-31 10:01:03 - eeg_brain_state_prediction.data_pipeline.tools.multimodal - INFO - Successfully saved data
2025-03-31 10:01:03 - eeg_brain_state_prediction.data_pipeline.tools.multimodal - INFO - Loading data for modality: brainstates
2025-03-31 10:01:03 - eeg_brain_state_prediction.data_pipeline.tools.multimodal - INFO - Loading data for modality: eeg
2025-03-31 10:01:03 - eeg_brain_state_prediction.data_pipeline.tools.multimodal - INFO - Saving data to: /data2/Projects/eeg_fmri_natview/chang_data/derivatives/sub-0032/ses-01/multimodal/sub-0032_ses-01_task-MeRest_acq-mr0009_desc-SSDbandsEnv8Caps_multimodal.pkl
2025-03-31 10:01:03 - eeg_brain_state_prediction.data_pipeline.tools.multimodal - INFO - Successfully saved data
2025-03-31 10:01:03 - eeg_brain_state_prediction.data_pipeline.tools.multimodal - INFO - Loading data for modality: brainstates
2025-03-31 10:01:03 - eeg_brain_state_prediction.data_pipeline.tools.multimodal - INFO - Loading data for modality: eeg
2025-03-31 10:01:06 - eeg_brain_state_prediction.data_pipeline.tools.multimodal - INFO - Saving data to: /data2/Projects/eeg_fmri_natview/chang_data/derivatives/sub-0027/ses-01/multimodal/sub-0027_ses-01_task-MeRest_acq-mr0009_desc-SSDbandsEnv8Caps_multimodal.pkl
2025-03-31 10:01:06 - eeg_brain_state_prediction.data_pipeline.tools.multimodal - INFO - Successfully saved data
2025-03-31 10:01:06 - eeg_brain_state_prediction.data_pipeline.tools.multimodal - INFO - Loading data for modality: brainstates
2025-03-31 10:01:06 - eeg_brain_state_prediction.data_pipeline.tools.multimodal - INFO - Loading data for modality: eeg
2025-03-31 10:01:06 - eeg_brain_state_prediction.data_pipeline.tools.multimodal - INFO - Saving data to: /data2/Projects/eeg_fmri_natview/chang_data/derivatives/sub-0032/ses-01/multimodal/sub-0032_ses-01_task-MeRest_acq-mr0009_desc-SSDbandsEnv8Caps_multimodal.pkl
2025-03-31 10:01:07 - eeg_brain_state_prediction.data_pipeline.tools.multimodal - INFO - Successfully saved data
2025-03-31 10:01:07 - eeg_brain_state_prediction.data_pipeline.tools.multimodal - INFO - Loading data for modality: brainstates
2025-03-31 10:01:07 - eeg_brain_state_prediction.data_pipeline.tools.multimodal - INFO - Loading data for modality: eeg
2025-03-31 10:01:09 - eeg_brain_state_prediction.data_pipeline.tools.multimodal - INFO - Saving data to: /data2/Projects/eeg_fmri_natview/chang_data/derivatives/sub-0027/ses-01/multimodal/sub-0027_ses-01_task-MeRest_acq-mr0009_desc-SSDbandsEnv8Caps_multimodal.pkl
2025-03-31 10:01:09 - eeg_brain_state_prediction.data_pipeline.tools.multimodal - INFO - Successfully saved data
2025-03-31 10:01:09 - eeg_brain_state_prediction.data_pipeline.tools.multimodal - INFO - Loading data for modality: brainstates
2025-03-31 10:01:09 - eeg_brain_state_prediction.data_pipeline.tools.multimodal - INFO - Loading data for modality: eeg
2025-03-31 10:01:10 - eeg_brain_state_prediction.data_pipeline.tools.multimodal - INFO - Saving data to: /data2/Projects/eeg_fmri_natview/chang_data/derivatives/sub-0032/ses-01/multimodal/sub-0032_ses-01_task-MeRest_acq-mr0009_desc-SSDbandsEnv8Caps_multimodal.pkl
2025-03-31 10:01:10 - eeg_brain_state_prediction.data_pipeline.tools.multimodal - INFO - Successfully saved data
2025-03-31 10:01:10 - eeg_brain_state_prediction.data_pipeline.tools.multimodal - INFO - Loading data for modality: brainstates
2025-03-31 10:01:10 - eeg_brain_state_prediction.data_pipeline.tools.multimodal - INFO - Loading data for modality: eeg
2025-03-31 10:01:12 - eeg_brain_state_prediction.data_pipeline.tools.multimodal - INFO - Saving data to: /data2/Projects/eeg_fmri_natview/chang_data/derivatives/sub-0027/ses-01/multimodal/sub-0027_ses-01_task-MeRest_acq-mr0009_desc-SSDbandsEnv8Caps_multimodal.pkl
2025-03-31 10:01:12 - eeg_brain_state_prediction.data_pipeline.tools.multimodal - INFO - Successfully saved data
2025-03-31 10:01:12 - eeg_brain_state_prediction.data_pipeline.tools.multimodal - INFO - Loading data for modality: brainstates
2025-03-31 10:01:12 - eeg_brain_state_prediction.data_pipeline.tools.multimodal - INFO - Loading data for modality: eeg
2025-03-31 10:01:13 - eeg_brain_state_prediction.data_pipeline.tools.multimodal - INFO - Saving data to: /data2/Projects/eeg_fmri_natview/chang_data/derivatives/sub-0032/ses-01/multimodal/sub-0032_ses-01_task-MeRest_acq-mr0009_desc-SSDbandsEnv8Caps_multimodal.pkl
2025-03-31 10:01:13 - eeg_brain_state_prediction.data_pipeline.tools.multimodal - INFO - Successfully saved data
2025-03-31 10:01:13 - eeg_brain_state_prediction.data_pipeline.tools.multimodal - INFO - Loading data for modality: brainstates
2025-03-31 10:01:13 - eeg_brain_state_prediction.data_pipeline.tools.multimodal - INFO - Loading data for modality: eeg
2025-03-31 10:01:15 - eeg_brain_state_prediction.data_pipeline.tools.multimodal - INFO - Saving data to: /data2/Projects/eeg_fmri_natview/chang_data/derivatives/sub-0027/ses-01/multimodal/sub-0027_ses-01_task-MeRest_acq-mr0009_desc-SSDbandsEnv8Caps_multimodal.pkl
2025-03-31 10:01:15 - eeg_brain_state_prediction.data_pipeline.tools.multimodal - INFO - Successfully saved data
2025-03-31 10:01:15 - eeg_brain_state_prediction.data_pipeline.tools.multimodal - INFO - Loading data for modality: brainstates
2025-03-31 10:01:15 - eeg_brain_state_prediction.data_pipeline.tools.multimodal - INFO - Loading data for modality: eeg
2025-03-31 10:01:16 - eeg_brain_state_prediction.data_pipeline.tools.multimodal - INFO - Saving data to: /data2/Projects/eeg_fmri_natview/chang_data/derivatives/sub-0032/ses-01/multimodal/sub-0032_ses-01_task-MeRest_acq-mr0009_desc-SSDbandsEnv8Caps_multimodal.pkl
2025-03-31 10:01:16 - eeg_brain_state_prediction.data_pipeline.tools.multimodal - INFO - Successfully saved data
2025-03-31 10:01:16 - eeg_brain_state_prediction.data_pipeline.tools.multimodal - INFO - Loading data for modality: brainstates
2025-03-31 10:01:16 - eeg_brain_state_prediction.data_pipeline.tools.multimodal - INFO - Loading data for modality: eeg
2025-03-31 10:01:18 - eeg_brain_state_prediction.data_pipeline.tools.multimodal - INFO - Saving data to: /data2/Projects/eeg_fmri_natview/chang_data/derivatives/sub-0027/ses-01/multimodal/sub-0027_ses-01_task-MeRest_acq-mr0009_desc-SSDbandsEnv8Caps_multimodal.pkl
2025-03-31 10:01:19 - eeg_brain_state_prediction.data_pipeline.tools.multimodal - INFO - Successfully saved data
2025-03-31 10:01:19 - eeg_brain_state_prediction.data_pipeline.tools.multimodal - INFO - Loading data for modality: brainstates
2025-03-31 10:01:19 - eeg_brain_state_prediction.data_pipeline.tools.multimodal - INFO - Loading data for modality: eeg
2025-03-31 10:01:19 - eeg_brain_state_prediction.data_pipeline.tools.multimodal - INFO - Saving data to: /data2/Projects/eeg_fmri_natview/chang_data/derivatives/sub-0032/ses-01/multimodal/sub-0032_ses-01_task-MeRest_acq-mr0009_desc-SSDbandsEnv8Caps_multimodal.pkl
2025-03-31 10:01:19 - eeg_brain_state_prediction.data_pipeline.tools.multimodal - INFO - Successfully saved data
2025-03-31 10:01:22 - eeg_brain_state_prediction.data_pipeline.tools.multimodal - INFO - Saving data to: /data2/Projects/eeg_fmri_natview/chang_data/derivatives/sub-0027/ses-01/multimodal/sub-0027_ses-01_task-MeRest_acq-mr0009_desc-SSDbandsEnv8Caps_multimodal.pkl
2025-03-31 10:01:22 - eeg_brain_state_prediction.data_pipeline.tools.multimodal - INFO - Successfully saved data
2025-03-31 10:01:22 - eeg_brain_state_prediction.data_pipeline.tools.multimodal - INFO - Loading data for modality: brainstates
2025-03-31 10:01:22 - eeg_brain_state_prediction.data_pipeline.tools.multimodal - INFO - Loading data for modality: eeg
2025-03-31 10:01:25 - eeg_brain_state_prediction.data_pipeline.tools.multimodal - INFO - Saving data to: /data2/Projects/eeg_fmri_natview/chang_data/derivatives/sub-0027/ses-01/multimodal/sub-0027_ses-01_task-MeRest_acq-mr0009_desc-SSDbandsEnv8Caps_multimodal.pkl
2025-03-31 10:01:25 - eeg_brain_state_prediction.data_pipeline.tools.multimodal - INFO - Successfully saved data
2025-03-31 10:01:25 - eeg_brain_state_prediction.data_pipeline.tools.multimodal - INFO - Loading data for modality: brainstates
2025-03-31 10:01:25 - eeg_brain_state_prediction.data_pipeline.tools.multimodal - INFO - Loading data for modality: eeg
2025-03-31 10:01:28 - eeg_brain_state_prediction.data_pipeline.tools.multimodal - INFO - Saving data to: /data2/Projects/eeg_fmri_natview/chang_data/derivatives/sub-0027/ses-01/multimodal/sub-0027_ses-01_task-MeRest_acq-mr0009_desc-SSDbandsEnv8Caps_multimodal.pkl
2025-03-31 10:01:28 - eeg_brain_state_prediction.data_pipeline.tools.multimodal - INFO - Successfully saved data
2025-03-31 10:01:28 - eeg_brain_state_prediction.data_pipeline.tools.multimodal - INFO - Loading data for modality: brainstates
2025-03-31 10:01:28 - eeg_brain_state_prediction.data_pipeline.tools.multimodal - INFO - Loading data for modality: eeg
2025-03-31 10:01:31 - eeg_brain_state_prediction.data_pipeline.tools.multimodal - INFO - Saving data to: /data2/Projects/eeg_fmri_natview/chang_data/derivatives/sub-0028/ses-01/multimodal/sub-0028_ses-01_task-MeRest_acq-mr0012_desc-SSDbandsEnv8Caps_multimodal.pkl
2025-03-31 10:01:31 - eeg_brain_state_prediction.data_pipeline.tools.multimodal - INFO - Successfully saved data
2025-03-31 10:01:31 - eeg_brain_state_prediction.data_pipeline.tools.multimodal - INFO - Loading data for modality: brainstates
2025-03-31 10:01:31 - eeg_brain_state_prediction.data_pipeline.tools.multimodal - INFO - Loading data for modality: eeg
2025-03-31 10:01:34 - eeg_brain_state_prediction.data_pipeline.tools.multimodal - INFO - Saving data to: /data2/Projects/eeg_fmri_natview/chang_data/derivatives/sub-0028/ses-01/multimodal/sub-0028_ses-01_task-MeRest_acq-mr0012_desc-SSDbandsEnv8Caps_multimodal.pkl
2025-03-31 10:01:34 - eeg_brain_state_prediction.data_pipeline.tools.multimodal - INFO - Successfully saved data
2025-03-31 10:01:34 - eeg_brain_state_prediction.data_pipeline.tools.multimodal - INFO - Loading data for modality: brainstates
2025-03-31 10:01:34 - eeg_brain_state_prediction.data_pipeline.tools.multimodal - INFO - Loading data for modality: eeg
2025-03-31 10:01:37 - eeg_brain_state_prediction.data_pipeline.tools.multimodal - INFO - Saving data to: /data2/Projects/eeg_fmri_natview/chang_data/derivatives/sub-0028/ses-01/multimodal/sub-0028_ses-01_task-MeRest_acq-mr0012_desc-SSDbandsEnv8Caps_multimodal.pkl
2025-03-31 10:01:37 - eeg_brain_state_prediction.data_pipeline.tools.multimodal - INFO - Successfully saved data
2025-03-31 10:01:37 - eeg_brain_state_prediction.data_pipeline.tools.multimodal - INFO - Loading data for modality: brainstates
2025-03-31 10:01:37 - eeg_brain_state_prediction.data_pipeline.tools.multimodal - INFO - Loading data for modality: eeg
2025-03-31 10:01:40 - eeg_brain_state_prediction.data_pipeline.tools.multimodal - INFO - Saving data to: /data2/Projects/eeg_fmri_natview/chang_data/derivatives/sub-0028/ses-01/multimodal/sub-0028_ses-01_task-MeRest_acq-mr0012_desc-SSDbandsEnv8Caps_multimodal.pkl
2025-03-31 10:01:40 - eeg_brain_state_prediction.data_pipeline.tools.multimodal - INFO - Successfully saved data
2025-03-31 10:01:40 - eeg_brain_state_prediction.data_pipeline.tools.multimodal - INFO - Loading data for modality: brainstates
2025-03-31 10:01:40 - eeg_brain_state_prediction.data_pipeline.tools.multimodal - INFO - Loading data for modality: eeg
2025-03-31 10:01:43 - eeg_brain_state_prediction.data_pipeline.tools.multimodal - INFO - Saving data to: /data2/Projects/eeg_fmri_natview/chang_data/derivatives/sub-0028/ses-01/multimodal/sub-0028_ses-01_task-MeRest_acq-mr0012_desc-SSDbandsEnv8Caps_multimodal.pkl
2025-03-31 10:01:43 - eeg_brain_state_prediction.data_pipeline.tools.multimodal - INFO - Successfully saved data
2025-03-31 10:01:43 - eeg_brain_state_prediction.data_pipeline.tools.multimodal - INFO - Loading data for modality: brainstates
2025-03-31 10:01:43 - eeg_brain_state_prediction.data_pipeline.tools.multimodal - INFO - Loading data for modality: eeg
2025-03-31 10:01:46 - eeg_brain_state_prediction.data_pipeline.tools.multimodal - INFO - Saving data to: /data2/Projects/eeg_fmri_natview/chang_data/derivatives/sub-0028/ses-01/multimodal/sub-0028_ses-01_task-MeRest_acq-mr0012_desc-SSDbandsEnv8Caps_multimodal.pkl
2025-03-31 10:01:46 - eeg_brain_state_prediction.data_pipeline.tools.multimodal - INFO - Successfully saved data
2025-03-31 10:01:46 - eeg_brain_state_prediction.data_pipeline.tools.multimodal - INFO - Loading data for modality: brainstates
2025-03-31 10:01:46 - eeg_brain_state_prediction.data_pipeline.tools.multimodal - INFO - Loading data for modality: eeg
2025-03-31 10:01:49 - eeg_brain_state_prediction.data_pipeline.tools.multimodal - INFO - Saving data to: /data2/Projects/eeg_fmri_natview/chang_data/derivatives/sub-0028/ses-01/multimodal/sub-0028_ses-01_task-MeRest_acq-mr0012_desc-SSDbandsEnv8Caps_multimodal.pkl
2025-03-31 10:01:49 - eeg_brain_state_prediction.data_pipeline.tools.multimodal - INFO - Successfully saved data
2025-03-31 10:01:49 - eeg_brain_state_prediction.data_pipeline.tools.multimodal - INFO - Loading data for modality: brainstates
2025-03-31 10:01:49 - eeg_brain_state_prediction.data_pipeline.tools.multimodal - INFO - Loading data for modality: eeg
2025-03-31 10:01:52 - eeg_brain_state_prediction.data_pipeline.tools.multimodal - INFO - Saving data to: /data2/Projects/eeg_fmri_natview/chang_data/derivatives/sub-0028/ses-01/multimodal/sub-0028_ses-01_task-MeRest_acq-mr0012_desc-SSDbandsEnv8Caps_multimodal.pkl
2025-03-31 10:01:53 - eeg_brain_state_prediction.data_pipeline.tools.multimodal - INFO - Successfully saved data
2025-03-31 10:01:53 - eeg_brain_state_prediction.data_pipeline.tools.multimodal - INFO - Loading data for modality: brainstates
2025-03-31 10:01:53 - eeg_brain_state_prediction.data_pipeline.tools.multimodal - INFO - Loading data for modality: eeg
2025-03-31 10:01:56 - eeg_brain_state_prediction.data_pipeline.tools.multimodal - INFO - Saving data to: /data2/Projects/eeg_fmri_natview/chang_data/derivatives/sub-0028/ses-01/multimodal/sub-0028_ses-01_task-MeRest_acq-mr0012_desc-SSDbandsEnv8Caps_multimodal.pkl
2025-03-31 10:01:56 - eeg_brain_state_prediction.data_pipeline.tools.multimodal - INFO - Successfully saved data
2025-03-31 10:01:56 - eeg_brain_state_prediction.data_pipeline.tools.multimodal - INFO - Loading data for modality: brainstates
2025-03-31 10:01:56 - eeg_brain_state_prediction.data_pipeline.tools.multimodal - INFO - Loading data for modality: eeg
2025-03-31 10:01:59 - eeg_brain_state_prediction.data_pipeline.tools.multimodal - INFO - Saving data to: /data2/Projects/eeg_fmri_natview/chang_data/derivatives/sub-0029/ses-01/multimodal/sub-0029_ses-01_task-MeRest_acq-mr0012_desc-SSDbandsEnv8Caps_multimodal.pkl
2025-03-31 10:01:59 - eeg_brain_state_prediction.data_pipeline.tools.multimodal - INFO - Successfully saved data
2025-03-31 10:01:59 - eeg_brain_state_prediction.data_pipeline.tools.multimodal - INFO - Loading data for modality: brainstates
2025-03-31 10:01:59 - eeg_brain_state_prediction.data_pipeline.tools.multimodal - INFO - Loading data for modality: eeg
2025-03-31 10:02:02 - eeg_brain_state_prediction.data_pipeline.tools.multimodal - INFO - Saving data to: /data2/Projects/eeg_fmri_natview/chang_data/derivatives/sub-0029/ses-01/multimodal/sub-0029_ses-01_task-MeRest_acq-mr0012_desc-SSDbandsEnv8Caps_multimodal.pkl
2025-03-31 10:02:02 - eeg_brain_state_prediction.data_pipeline.tools.multimodal - INFO - Successfully saved data
2025-03-31 10:02:02 - eeg_brain_state_prediction.data_pipeline.tools.multimodal - INFO - Loading data for modality: brainstates
2025-03-31 10:02:02 - eeg_brain_state_prediction.data_pipeline.tools.multimodal - INFO - Loading data for modality: eeg
2025-03-31 10:02:05 - eeg_brain_state_prediction.data_pipeline.tools.multimodal - INFO - Saving data to: /data2/Projects/eeg_fmri_natview/chang_data/derivatives/sub-0029/ses-01/multimodal/sub-0029_ses-01_task-MeRest_acq-mr0012_desc-SSDbandsEnv8Caps_multimodal.pkl
2025-03-31 10:02:05 - eeg_brain_state_prediction.data_pipeline.tools.multimodal - INFO - Successfully saved data
2025-03-31 10:02:05 - eeg_brain_state_prediction.data_pipeline.tools.multimodal - INFO - Loading data for modality: brainstates
2025-03-31 10:02:05 - eeg_brain_state_prediction.data_pipeline.tools.multimodal - INFO - Loading data for modality: eeg
2025-03-31 10:02:08 - eeg_brain_state_prediction.data_pipeline.tools.multimodal - INFO - Saving data to: /data2/Projects/eeg_fmri_natview/chang_data/derivatives/sub-0029/ses-01/multimodal/sub-0029_ses-01_task-MeRest_acq-mr0012_desc-SSDbandsEnv8Caps_multimodal.pkl
2025-03-31 10:02:08 - eeg_brain_state_prediction.data_pipeline.tools.multimodal - INFO - Successfully saved data
2025-03-31 10:02:08 - eeg_brain_state_prediction.data_pipeline.tools.multimodal - INFO - Loading data for modality: brainstates
2025-03-31 10:02:08 - eeg_brain_state_prediction.data_pipeline.tools.multimodal - INFO - Loading data for modality: eeg
2025-03-31 10:02:11 - eeg_brain_state_prediction.data_pipeline.tools.multimodal - INFO - Saving data to: /data2/Projects/eeg_fmri_natview/chang_data/derivatives/sub-0029/ses-01/multimodal/sub-0029_ses-01_task-MeRest_acq-mr0012_desc-SSDbandsEnv8Caps_multimodal.pkl
2025-03-31 10:02:11 - eeg_brain_state_prediction.data_pipeline.tools.multimodal - INFO - Successfully saved data
2025-03-31 10:02:11 - eeg_brain_state_prediction.data_pipeline.tools.multimodal - INFO - Loading data for modality: brainstates
2025-03-31 10:02:11 - eeg_brain_state_prediction.data_pipeline.tools.multimodal - INFO - Loading data for modality: eeg
2025-03-31 10:02:14 - eeg_brain_state_prediction.data_pipeline.tools.multimodal - INFO - Saving data to: /data2/Projects/eeg_fmri_natview/chang_data/derivatives/sub-0029/ses-01/multimodal/sub-0029_ses-01_task-MeRest_acq-mr0012_desc-SSDbandsEnv8Caps_multimodal.pkl
2025-03-31 10:02:14 - eeg_brain_state_prediction.data_pipeline.tools.multimodal - INFO - Successfully saved data
2025-03-31 10:02:14 - eeg_brain_state_prediction.data_pipeline.tools.multimodal - INFO - Loading data for modality: brainstates
2025-03-31 10:02:14 - eeg_brain_state_prediction.data_pipeline.tools.multimodal - INFO - Loading data for modality: eeg
2025-03-31 10:02:17 - eeg_brain_state_prediction.data_pipeline.tools.multimodal - INFO - Saving data to: /data2/Projects/eeg_fmri_natview/chang_data/derivatives/sub-0029/ses-01/multimodal/sub-0029_ses-01_task-MeRest_acq-mr0012_desc-SSDbandsEnv8Caps_multimodal.pkl
2025-03-31 10:02:17 - eeg_brain_state_prediction.data_pipeline.tools.multimodal - INFO - Successfully saved data
2025-03-31 10:02:17 - eeg_brain_state_prediction.data_pipeline.tools.multimodal - INFO - Loading data for modality: brainstates
2025-03-31 10:02:17 - eeg_brain_state_prediction.data_pipeline.tools.multimodal - INFO - Loading data for modality: eeg
2025-03-31 10:02:20 - eeg_brain_state_prediction.data_pipeline.tools.multimodal - INFO - Saving data to: /data2/Projects/eeg_fmri_natview/chang_data/derivatives/sub-0029/ses-01/multimodal/sub-0029_ses-01_task-MeRest_acq-mr0012_desc-SSDbandsEnv8Caps_multimodal.pkl
2025-03-31 10:02:20 - eeg_brain_state_prediction.data_pipeline.tools.multimodal - INFO - Successfully saved data
2025-03-31 10:02:20 - eeg_brain_state_prediction.data_pipeline.tools.multimodal - INFO - Loading data for modality: brainstates
2025-03-31 10:02:20 - eeg_brain_state_prediction.data_pipeline.tools.multimodal - INFO - Loading data for modality: eeg
2025-03-31 10:02:23 - eeg_brain_state_prediction.data_pipeline.tools.multimodal - INFO - Saving data to: /data2/Projects/eeg_fmri_natview/chang_data/derivatives/sub-0029/ses-01/multimodal/sub-0029_ses-01_task-MeRest_acq-mr0012_desc-SSDbandsEnv8Caps_multimodal.pkl
2025-03-31 10:02:23 - eeg_brain_state_prediction.data_pipeline.tools.multimodal - INFO - Successfully saved data
2025-03-31 10:02:23 - eeg_brain_state_prediction.data_pipeline.tools.multimodal - INFO - Loading data for modality: brainstates
2025-03-31 10:02:23 - eeg_brain_state_prediction.data_pipeline.tools.multimodal - INFO - Loading data for modality: eeg
2025-03-31 10:02:26 - eeg_brain_state_prediction.data_pipeline.tools.multimodal - INFO - Saving data to: /data2/Projects/eeg_fmri_natview/chang_data/derivatives/sub-0030/ses-01/multimodal/sub-0030_ses-01_task-MeRest_acq-mr0009_desc-SSDbandsEnv8Caps_multimodal.pkl
2025-03-31 10:02:26 - eeg_brain_state_prediction.data_pipeline.tools.multimodal - INFO - Successfully saved data
2025-03-31 10:02:26 - eeg_brain_state_prediction.data_pipeline.tools.multimodal - INFO - Loading data for modality: brainstates
2025-03-31 10:02:26 - eeg_brain_state_prediction.data_pipeline.tools.multimodal - INFO - Loading data for modality: eeg
2025-03-31 10:02:29 - eeg_brain_state_prediction.data_pipeline.tools.multimodal - INFO - Saving data to: /data2/Projects/eeg_fmri_natview/chang_data/derivatives/sub-0030/ses-01/multimodal/sub-0030_ses-01_task-MeRest_acq-mr0009_desc-SSDbandsEnv8Caps_multimodal.pkl
2025-03-31 10:02:29 - eeg_brain_state_prediction.data_pipeline.tools.multimodal - INFO - Successfully saved data
2025-03-31 10:02:29 - eeg_brain_state_prediction.data_pipeline.tools.multimodal - INFO - Loading data for modality: brainstates
2025-03-31 10:02:29 - eeg_brain_state_prediction.data_pipeline.tools.multimodal - INFO - Loading data for modality: eeg
2025-03-31 10:02:32 - eeg_brain_state_prediction.data_pipeline.tools.multimodal - INFO - Saving data to: /data2/Projects/eeg_fmri_natview/chang_data/derivatives/sub-0030/ses-01/multimodal/sub-0030_ses-01_task-MeRest_acq-mr0009_desc-SSDbandsEnv8Caps_multimodal.pkl
2025-03-31 10:02:32 - eeg_brain_state_prediction.data_pipeline.tools.multimodal - INFO - Successfully saved data
2025-03-31 10:02:33 - eeg_brain_state_prediction.data_pipeline.tools.multimodal - INFO - Loading data for modality: brainstates
2025-03-31 10:02:33 - eeg_brain_state_prediction.data_pipeline.tools.multimodal - INFO - Loading data for modality: eeg
2025-03-31 10:02:36 - eeg_brain_state_prediction.data_pipeline.tools.multimodal - INFO - Saving data to: /data2/Projects/eeg_fmri_natview/chang_data/derivatives/sub-0030/ses-01/multimodal/sub-0030_ses-01_task-MeRest_acq-mr0009_desc-SSDbandsEnv8Caps_multimodal.pkl
2025-03-31 10:02:36 - eeg_brain_state_prediction.data_pipeline.tools.multimodal - INFO - Successfully saved data
2025-03-31 10:02:36 - eeg_brain_state_prediction.data_pipeline.tools.multimodal - INFO - Loading data for modality: brainstates
2025-03-31 10:02:36 - eeg_brain_state_prediction.data_pipeline.tools.multimodal - INFO - Loading data for modality: eeg
2025-03-31 10:02:39 - eeg_brain_state_prediction.data_pipeline.tools.multimodal - INFO - Saving data to: /data2/Projects/eeg_fmri_natview/chang_data/derivatives/sub-0030/ses-01/multimodal/sub-0030_ses-01_task-MeRest_acq-mr0009_desc-SSDbandsEnv8Caps_multimodal.pkl
2025-03-31 10:02:39 - eeg_brain_state_prediction.data_pipeline.tools.multimodal - INFO - Successfully saved data
2025-03-31 10:02:39 - eeg_brain_state_prediction.data_pipeline.tools.multimodal - INFO - Loading data for modality: brainstates
2025-03-31 10:02:39 - eeg_brain_state_prediction.data_pipeline.tools.multimodal - INFO - Loading data for modality: eeg
2025-03-31 10:02:42 - eeg_brain_state_prediction.data_pipeline.tools.multimodal - INFO - Saving data to: /data2/Projects/eeg_fmri_natview/chang_data/derivatives/sub-0030/ses-01/multimodal/sub-0030_ses-01_task-MeRest_acq-mr0009_desc-SSDbandsEnv8Caps_multimodal.pkl
2025-03-31 10:02:42 - eeg_brain_state_prediction.data_pipeline.tools.multimodal - INFO - Successfully saved data
2025-03-31 10:02:42 - eeg_brain_state_prediction.data_pipeline.tools.multimodal - INFO - Loading data for modality: brainstates
2025-03-31 10:02:42 - eeg_brain_state_prediction.data_pipeline.tools.multimodal - INFO - Loading data for modality: eeg
2025-03-31 10:02:45 - eeg_brain_state_prediction.data_pipeline.tools.multimodal - INFO - Saving data to: /data2/Projects/eeg_fmri_natview/chang_data/derivatives/sub-0030/ses-01/multimodal/sub-0030_ses-01_task-MeRest_acq-mr0009_desc-SSDbandsEnv8Caps_multimodal.pkl
2025-03-31 10:02:45 - eeg_brain_state_prediction.data_pipeline.tools.multimodal - INFO - Successfully saved data
2025-03-31 10:02:45 - eeg_brain_state_prediction.data_pipeline.tools.multimodal - INFO - Loading data for modality: brainstates
2025-03-31 10:02:45 - eeg_brain_state_prediction.data_pipeline.tools.multimodal - INFO - Loading data for modality: eeg
2025-03-31 10:02:48 - eeg_brain_state_prediction.data_pipeline.tools.multimodal - INFO - Saving data to: /data2/Projects/eeg_fmri_natview/chang_data/derivatives/sub-0030/ses-01/multimodal/sub-0030_ses-01_task-MeRest_acq-mr0009_desc-SSDbandsEnv8Caps_multimodal.pkl
2025-03-31 10:02:48 - eeg_brain_state_prediction.data_pipeline.tools.multimodal - INFO - Successfully saved data
2025-03-31 10:02:48 - eeg_brain_state_prediction.data_pipeline.tools.multimodal - INFO - Loading data for modality: brainstates
2025-03-31 10:02:48 - eeg_brain_state_prediction.data_pipeline.tools.multimodal - INFO - Loading data for modality: eeg
2025-03-31 10:02:51 - eeg_brain_state_prediction.data_pipeline.tools.multimodal - INFO - Saving data to: /data2/Projects/eeg_fmri_natview/chang_data/derivatives/sub-0030/ses-01/multimodal/sub-0030_ses-01_task-MeRest_acq-mr0009_desc-SSDbandsEnv8Caps_multimodal.pkl
2025-03-31 10:02:51 - eeg_brain_state_prediction.data_pipeline.tools.multimodal - INFO - Successfully saved data
2025-03-31 10:02:51 - eeg_brain_state_prediction.data_pipeline.tools.multimodal - INFO - Loading data for modality: brainstates
2025-03-31 10:02:51 - eeg_brain_state_prediction.data_pipeline.tools.multimodal - INFO - Loading data for modality: eeg
2025-03-31 10:02:54 - eeg_brain_state_prediction.data_pipeline.tools.multimodal - INFO - Saving data to: /data2/Projects/eeg_fmri_natview/chang_data/derivatives/sub-0031/ses-01/multimodal/sub-0031_ses-01_task-MeRest_acq-mr0015_desc-SSDbandsEnv8Caps_multimodal.pkl
2025-03-31 10:02:54 - eeg_brain_state_prediction.data_pipeline.tools.multimodal - INFO - Successfully saved data
2025-03-31 10:02:54 - eeg_brain_state_prediction.data_pipeline.tools.multimodal - INFO - Loading data for modality: brainstates
2025-03-31 10:02:54 - eeg_brain_state_prediction.data_pipeline.tools.multimodal - INFO - Loading data for modality: eeg
2025-03-31 10:02:57 - eeg_brain_state_prediction.data_pipeline.tools.multimodal - INFO - Saving data to: /data2/Projects/eeg_fmri_natview/chang_data/derivatives/sub-0031/ses-01/multimodal/sub-0031_ses-01_task-MeRest_acq-mr0015_desc-SSDbandsEnv8Caps_multimodal.pkl
2025-03-31 10:02:57 - eeg_brain_state_prediction.data_pipeline.tools.multimodal - INFO - Successfully saved data
2025-03-31 10:02:57 - eeg_brain_state_prediction.data_pipeline.tools.multimodal - INFO - Loading data for modality: brainstates
2025-03-31 10:02:57 - eeg_brain_state_prediction.data_pipeline.tools.multimodal - INFO - Loading data for modality: eeg
2025-03-31 10:03:00 - eeg_brain_state_prediction.data_pipeline.tools.multimodal - INFO - Saving data to: /data2/Projects/eeg_fmri_natview/chang_data/derivatives/sub-0031/ses-01/multimodal/sub-0031_ses-01_task-MeRest_acq-mr0015_desc-SSDbandsEnv8Caps_multimodal.pkl
2025-03-31 10:03:00 - eeg_brain_state_prediction.data_pipeline.tools.multimodal - INFO - Successfully saved data
2025-03-31 10:03:00 - eeg_brain_state_prediction.data_pipeline.tools.multimodal - INFO - Loading data for modality: brainstates
2025-03-31 10:03:00 - eeg_brain_state_prediction.data_pipeline.tools.multimodal - INFO - Loading data for modality: eeg
2025-03-31 10:03:03 - eeg_brain_state_prediction.data_pipeline.tools.multimodal - INFO - Saving data to: /data2/Projects/eeg_fmri_natview/chang_data/derivatives/sub-0031/ses-01/multimodal/sub-0031_ses-01_task-MeRest_acq-mr0015_desc-SSDbandsEnv8Caps_multimodal.pkl
2025-03-31 10:03:03 - eeg_brain_state_prediction.data_pipeline.tools.multimodal - INFO - Successfully saved data
2025-03-31 10:03:03 - eeg_brain_state_prediction.data_pipeline.tools.multimodal - INFO - Loading data for modality: brainstates
2025-03-31 10:03:03 - eeg_brain_state_prediction.data_pipeline.tools.multimodal - INFO - Loading data for modality: eeg
2025-03-31 10:03:06 - eeg_brain_state_prediction.data_pipeline.tools.multimodal - INFO - Saving data to: /data2/Projects/eeg_fmri_natview/chang_data/derivatives/sub-0031/ses-01/multimodal/sub-0031_ses-01_task-MeRest_acq-mr0015_desc-SSDbandsEnv8Caps_multimodal.pkl
2025-03-31 10:03:06 - eeg_brain_state_prediction.data_pipeline.tools.multimodal - INFO - Successfully saved data
2025-03-31 10:03:06 - eeg_brain_state_prediction.data_pipeline.tools.multimodal - INFO - Loading data for modality: brainstates
2025-03-31 10:03:06 - eeg_brain_state_prediction.data_pipeline.tools.multimodal - INFO - Loading data for modality: eeg
2025-03-31 10:03:09 - eeg_brain_state_prediction.data_pipeline.tools.multimodal - INFO - Saving data to: /data2/Projects/eeg_fmri_natview/chang_data/derivatives/sub-0031/ses-01/multimodal/sub-0031_ses-01_task-MeRest_acq-mr0015_desc-SSDbandsEnv8Caps_multimodal.pkl
2025-03-31 10:03:09 - eeg_brain_state_prediction.data_pipeline.tools.multimodal - INFO - Successfully saved data
2025-03-31 10:03:09 - eeg_brain_state_prediction.data_pipeline.tools.multimodal - INFO - Loading data for modality: brainstates
2025-03-31 10:03:09 - eeg_brain_state_prediction.data_pipeline.tools.multimodal - INFO - Loading data for modality: eeg
2025-03-31 10:03:12 - eeg_brain_state_prediction.data_pipeline.tools.multimodal - INFO - Saving data to: /data2/Projects/eeg_fmri_natview/chang_data/derivatives/sub-0031/ses-01/multimodal/sub-0031_ses-01_task-MeRest_acq-mr0015_desc-SSDbandsEnv8Caps_multimodal.pkl
2025-03-31 10:03:12 - eeg_brain_state_prediction.data_pipeline.tools.multimodal - INFO - Successfully saved data
2025-03-31 10:03:12 - eeg_brain_state_prediction.data_pipeline.tools.multimodal - INFO - Loading data for modality: brainstates
2025-03-31 10:03:12 - eeg_brain_state_prediction.data_pipeline.tools.multimodal - INFO - Loading data for modality: eeg
2025-03-31 10:03:15 - eeg_brain_state_prediction.data_pipeline.tools.multimodal - INFO - Saving data to: /data2/Projects/eeg_fmri_natview/chang_data/derivatives/sub-0031/ses-01/multimodal/sub-0031_ses-01_task-MeRest_acq-mr0015_desc-SSDbandsEnv8Caps_multimodal.pkl
2025-03-31 10:03:16 - eeg_brain_state_prediction.data_pipeline.tools.multimodal - INFO - Successfully saved data
2025-03-31 10:03:16 - eeg_brain_state_prediction.data_pipeline.tools.multimodal - INFO - Loading data for modality: brainstates
2025-03-31 10:03:16 - eeg_brain_state_prediction.data_pipeline.tools.multimodal - INFO - Loading data for modality: eeg
2025-03-31 10:03:19 - eeg_brain_state_prediction.data_pipeline.tools.multimodal - INFO - Saving data to: /data2/Projects/eeg_fmri_natview/chang_data/derivatives/sub-0031/ses-01/multimodal/sub-0031_ses-01_task-MeRest_acq-mr0015_desc-SSDbandsEnv8Caps_multimodal.pkl
2025-03-31 10:03:19 - eeg_brain_state_prediction.data_pipeline.tools.multimodal - INFO - Successfully saved data
2025-03-31 10:03:19 - eeg_brain_state_prediction.data_pipeline.tools.multimodal - INFO - Loading data for modality: brainstates
2025-03-31 10:03:19 - eeg_brain_state_prediction.data_pipeline.tools.multimodal - INFO - Loading data for modality: eeg
2025-03-31 10:03:22 - eeg_brain_state_prediction.data_pipeline.tools.multimodal - INFO - Saving data to: /data2/Projects/eeg_fmri_natview/chang_data/derivatives/sub-0032/ses-01/multimodal/sub-0032_ses-01_task-MeRest_acq-mr0009_desc-SSDbandsEnv8Caps_multimodal.pkl
2025-03-31 10:03:22 - eeg_brain_state_prediction.data_pipeline.tools.multimodal - INFO - Successfully saved data
2025-03-31 10:03:22 - eeg_brain_state_prediction.data_pipeline.tools.multimodal - INFO - Loading data for modality: brainstates
2025-03-31 10:03:22 - eeg_brain_state_prediction.data_pipeline.tools.multimodal - INFO - Loading data for modality: eeg
2025-03-31 10:03:25 - eeg_brain_state_prediction.data_pipeline.tools.multimodal - INFO - Saving data to: /data2/Projects/eeg_fmri_natview/chang_data/derivatives/sub-0032/ses-01/multimodal/sub-0032_ses-01_task-MeRest_acq-mr0009_desc-SSDbandsEnv8Caps_multimodal.pkl
2025-03-31 10:03:25 - eeg_brain_state_prediction.data_pipeline.tools.multimodal - INFO - Successfully saved data
2025-03-31 10:03:25 - eeg_brain_state_prediction.data_pipeline.tools.multimodal - INFO - Loading data for modality: brainstates
2025-03-31 10:03:25 - eeg_brain_state_prediction.data_pipeline.tools.multimodal - INFO - Loading data for modality: eeg
2025-03-31 10:03:28 - eeg_brain_state_prediction.data_pipeline.tools.multimodal - INFO - Saving data to: /data2/Projects/eeg_fmri_natview/chang_data/derivatives/sub-0032/ses-01/multimodal/sub-0032_ses-01_task-MeRest_acq-mr0009_desc-SSDbandsEnv8Caps_multimodal.pkl
2025-03-31 10:03:28 - eeg_brain_state_prediction.data_pipeline.tools.multimodal - INFO - Successfully saved data
2025-03-31 10:03:28 - eeg_brain_state_prediction.data_pipeline.tools.multimodal - INFO - Loading data for modality: brainstates
2025-03-31 10:03:28 - eeg_brain_state_prediction.data_pipeline.tools.multimodal - INFO - Loading data for modality: eeg
2025-03-31 10:03:31 - eeg_brain_state_prediction.data_pipeline.tools.multimodal - INFO - Saving data to: /data2/Projects/eeg_fmri_natview/chang_data/derivatives/sub-0032/ses-01/multimodal/sub-0032_ses-01_task-MeRest_acq-mr0009_desc-SSDbandsEnv8Caps_multimodal.pkl
2025-03-31 10:03:31 - eeg_brain_state_prediction.data_pipeline.tools.multimodal - INFO - Successfully saved data
2025-03-31 10:03:31 - eeg_brain_state_prediction.data_pipeline.tools.multimodal - INFO - Loading data for modality: brainstates
2025-03-31 10:03:31 - eeg_brain_state_prediction.data_pipeline.tools.multimodal - INFO - Loading data for modality: eeg
2025-03-31 10:03:34 - eeg_brain_state_prediction.data_pipeline.tools.multimodal - INFO - Saving data to: /data2/Projects/eeg_fmri_natview/chang_data/derivatives/sub-0032/ses-01/multimodal/sub-0032_ses-01_task-MeRest_acq-mr0009_desc-SSDbandsEnv8Caps_multimodal.pkl
2025-03-31 10:03:34 - eeg_brain_state_prediction.data_pipeline.tools.multimodal - INFO - Successfully saved data
2025-03-31 10:03:34 - eeg_brain_state_prediction.data_pipeline.tools.multimodal - INFO - Loading data for modality: brainstates
2025-03-31 10:03:34 - eeg_brain_state_prediction.data_pipeline.tools.multimodal - INFO - Loading data for modality: eeg
2025-03-31 10:03:37 - eeg_brain_state_prediction.data_pipeline.tools.multimodal - INFO - Saving data to: /data2/Projects/eeg_fmri_natview/chang_data/derivatives/sub-0032/ses-01/multimodal/sub-0032_ses-01_task-MeRest_acq-mr0009_desc-SSDbandsEnv8Caps_multimodal.pkl
2025-03-31 10:03:37 - eeg_brain_state_prediction.data_pipeline.tools.multimodal - INFO - Successfully saved data
2025-03-31 10:03:37 - eeg_brain_state_prediction.data_pipeline.tools.multimodal - INFO - Loading data for modality: brainstates
2025-03-31 10:03:37 - eeg_brain_state_prediction.data_pipeline.tools.multimodal - INFO - Loading data for modality: eeg
2025-03-31 10:03:40 - eeg_brain_state_prediction.data_pipeline.tools.multimodal - INFO - Saving data to: /data2/Projects/eeg_fmri_natview/chang_data/derivatives/sub-0032/ses-01/multimodal/sub-0032_ses-01_task-MeRest_acq-mr0009_desc-SSDbandsEnv8Caps_multimodal.pkl
2025-03-31 10:03:40 - eeg_brain_state_prediction.data_pipeline.tools.multimodal - INFO - Successfully saved data
2025-03-31 10:03:40 - eeg_brain_state_prediction.data_pipeline.tools.multimodal - INFO - Loading data for modality: brainstates
2025-03-31 10:03:40 - eeg_brain_state_prediction.data_pipeline.tools.multimodal - INFO - Loading data for modality: eeg
2025-03-31 10:03:43 - eeg_brain_state_prediction.data_pipeline.tools.multimodal - INFO - Saving data to: /data2/Projects/eeg_fmri_natview/chang_data/derivatives/sub-0032/ses-01/multimodal/sub-0032_ses-01_task-MeRest_acq-mr0009_desc-SSDbandsEnv8Caps_multimodal.pkl
2025-03-31 10:03:43 - eeg_brain_state_prediction.data_pipeline.tools.multimodal - INFO - Successfully saved data
2025-03-31 10:03:43 - eeg_brain_state_prediction.data_pipeline.tools.multimodal - INFO - Loading data for modality: brainstates
2025-03-31 10:03:43 - eeg_brain_state_prediction.data_pipeline.tools.multimodal - INFO - Loading data for modality: eeg
2025-03-31 10:03:46 - eeg_brain_state_prediction.data_pipeline.tools.multimodal - INFO - Saving data to: /data2/Projects/eeg_fmri_natview/chang_data/derivatives/sub-0032/ses-01/multimodal/sub-0032_ses-01_task-MeRest_acq-mr0009_desc-SSDbandsEnv8Caps_multimodal.pkl
2025-03-31 10:03:46 - eeg_brain_state_prediction.data_pipeline.tools.multimodal - INFO - Successfully saved data
