2025-02-06 11:48:09 - INFO - Starting processing with task: rest, description: CustomEnvBk8Caps
2025-02-06 11:48:09 - INFO - 
Config Debug:
2025-02-06 11:48:09 - INFO - Code root: /home/slouviot/01_projects/eeg_brain_state_prediction
2025-02-06 11:48:09 - INFO - Data root: /data2/Projects/eeg_fmri_natview/derivatives
2025-02-06 11:48:09 - INFO - Data directory: data/custom_envelope_caps/group_level_feature_selection
2025-02-06 11:48:09 - INFO - Found 18 subjects to process
2025-02-06 11:48:09 - INFO - 
Processing subject: 01
2025-02-06 12:57:55 - INFO - Saving results to: /home/slouviot/01_projects/eeg_brain_state_prediction/data/custom_envelope_caps/group_level_feature_selection/sub-01_task-rest_desc-CustomEnvBk8CapsWithPupil_predictions.csv
2025-02-06 12:57:55 - INFO - 
Processing subject: 02
2025-02-06 14:03:52 - INFO - Saving results to: /home/slouviot/01_projects/eeg_brain_state_prediction/data/custom_envelope_caps/group_level_feature_selection/sub-02_task-rest_desc-CustomEnvBk8CapsWithPupil_predictions.csv
2025-02-06 14:03:52 - INFO - 
Processing subject: 04
2025-02-06 16:11:47 - INFO - Saving results to: /home/slouviot/01_projects/eeg_brain_state_prediction/data/custom_envelope_caps/group_level_feature_selection/sub-04_task-rest_desc-CustomEnvBk8CapsWithPupil_predictions.csv
2025-02-06 16:11:47 - INFO - 
Processing subject: 06
2025-02-06 18:20:00 - INFO - Saving results to: /home/slouviot/01_projects/eeg_brain_state_prediction/data/custom_envelope_caps/group_level_feature_selection/sub-06_task-rest_desc-CustomEnvBk8CapsWithPupil_predictions.csv
2025-02-06 18:20:00 - INFO - 
Processing subject: 07
2025-02-06 20:29:20 - INFO - Saving results to: /home/slouviot/01_projects/eeg_brain_state_prediction/data/custom_envelope_caps/group_level_feature_selection/sub-07_task-rest_desc-CustomEnvBk8CapsWithPupil_predictions.csv
2025-02-06 20:29:21 - INFO - 
Processing subject: 08
2025-02-06 22:37:32 - INFO - Saving results to: /home/slouviot/01_projects/eeg_brain_state_prediction/data/custom_envelope_caps/group_level_feature_selection/sub-08_task-rest_desc-CustomEnvBk8CapsWithPupil_predictions.csv
2025-02-06 22:37:32 - INFO - 
Processing subject: 09
2025-02-06 23:47:01 - INFO - Saving results to: /home/slouviot/01_projects/eeg_brain_state_prediction/data/custom_envelope_caps/group_level_feature_selection/sub-09_task-rest_desc-CustomEnvBk8CapsWithPupil_predictions.csv
2025-02-06 23:47:01 - INFO - 
Processing subject: 11
2025-02-07 00:56:41 - INFO - Saving results to: /home/slouviot/01_projects/eeg_brain_state_prediction/data/custom_envelope_caps/group_level_feature_selection/sub-11_task-rest_desc-CustomEnvBk8CapsWithPupil_predictions.csv
2025-02-07 00:56:41 - INFO - 
Processing subject: 12
2025-02-07 03:04:03 - INFO - Saving results to: /home/slouviot/01_projects/eeg_brain_state_prediction/data/custom_envelope_caps/group_level_feature_selection/sub-12_task-rest_desc-CustomEnvBk8CapsWithPupil_predictions.csv
2025-02-07 03:04:04 - INFO - 
Processing subject: 13
2025-02-07 05:10:12 - INFO - Saving results to: /home/slouviot/01_projects/eeg_brain_state_prediction/data/custom_envelope_caps/group_level_feature_selection/sub-13_task-rest_desc-CustomEnvBk8CapsWithPupil_predictions.csv
2025-02-07 05:10:12 - INFO - 
Processing subject: 14
2025-02-07 07:17:03 - INFO - Saving results to: /home/slouviot/01_projects/eeg_brain_state_prediction/data/custom_envelope_caps/group_level_feature_selection/sub-14_task-rest_desc-CustomEnvBk8CapsWithPupil_predictions.csv
2025-02-07 07:17:03 - INFO - 
Processing subject: 15
2025-02-07 09:25:06 - INFO - Saving results to: /home/slouviot/01_projects/eeg_brain_state_prediction/data/custom_envelope_caps/group_level_feature_selection/sub-15_task-rest_desc-CustomEnvBk8CapsWithPupil_predictions.csv
2025-02-07 09:25:06 - INFO - 
Processing subject: 16
2025-02-07 11:31:23 - INFO - Saving results to: /home/slouviot/01_projects/eeg_brain_state_prediction/data/custom_envelope_caps/group_level_feature_selection/sub-16_task-rest_desc-CustomEnvBk8CapsWithPupil_predictions.csv
2025-02-07 11:31:23 - INFO - 
Processing subject: 17
2025-02-07 14:38:06 - INFO - Saving results to: /home/slouviot/01_projects/eeg_brain_state_prediction/data/custom_envelope_caps/group_level_feature_selection/sub-17_task-rest_desc-CustomEnvBk8CapsWithPupil_predictions.csv
2025-02-07 14:38:07 - INFO - 
Processing subject: 18
2025-02-07 16:07:06 - INFO - Saving results to: /home/slouviot/01_projects/eeg_brain_state_prediction/data/custom_envelope_caps/group_level_feature_selection/sub-18_task-rest_desc-CustomEnvBk8CapsWithPupil_predictions.csv
2025-02-07 16:07:06 - INFO - 
Processing subject: 20
2025-02-07 18:15:23 - INFO - Saving results to: /home/slouviot/01_projects/eeg_brain_state_prediction/data/custom_envelope_caps/group_level_feature_selection/sub-20_task-rest_desc-CustomEnvBk8CapsWithPupil_predictions.csv
2025-02-07 18:15:23 - INFO - 
Processing subject: 21
2025-02-07 20:27:01 - INFO - Saving results to: /home/slouviot/01_projects/eeg_brain_state_prediction/data/custom_envelope_caps/group_level_feature_selection/sub-21_task-rest_desc-CustomEnvBk8CapsWithPupil_predictions.csv
2025-02-07 20:27:02 - INFO - 
Processing subject: 22
2025-02-07 22:33:54 - INFO - Saving results to: /home/slouviot/01_projects/eeg_brain_state_prediction/data/custom_envelope_caps/group_level_feature_selection/sub-22_task-rest_desc-CustomEnvBk8CapsWithPupil_predictions.csv
2025-02-07 22:33:54 - INFO - 
Processing completed successfully
Creating BIDS architecture with parameters: {'root': PosixPath('/data2/Projects/eeg_fmri_natview/derivatives'), 'datatype': 'multimodal', 'suffix': 'multimodal', 'description': 'CustomEnvBk8Caps', 'run': '01', 'task': 'rest', 'extension': '.pkl'}
Data root path exists: True
Full data root path: /data2/Projects/eeg_fmri_natview/derivatives
Database info: (32, 14)
Saving results to: /home/slouviot/01_projects/eeg_brain_state_prediction/data/custom_envelope_caps/group_level_feature_selection/sub-01_task-rest_desc-CustomEnvBk8CapsWithPupil_predictions.csv
File saved successfully with 400 rows
Saving results to: /home/slouviot/01_projects/eeg_brain_state_prediction/data/custom_envelope_caps/group_level_feature_selection/sub-02_task-rest_desc-CustomEnvBk8CapsWithPupil_predictions.csv
File saved successfully with 400 rows
Saving results to: /home/slouviot/01_projects/eeg_brain_state_prediction/data/custom_envelope_caps/group_level_feature_selection/sub-04_task-rest_desc-CustomEnvBk8CapsWithPupil_predictions.csv
File saved successfully with 800 rows
Saving results to: /home/slouviot/01_projects/eeg_brain_state_prediction/data/custom_envelope_caps/group_level_feature_selection/sub-06_task-rest_desc-CustomEnvBk8CapsWithPupil_predictions.csv
File saved successfully with 800 rows
Saving results to: /home/slouviot/01_projects/eeg_brain_state_prediction/data/custom_envelope_caps/group_level_feature_selection/sub-07_task-rest_desc-CustomEnvBk8CapsWithPupil_predictions.csv
File saved successfully with 800 rows
Saving results to: /home/slouviot/01_projects/eeg_brain_state_prediction/data/custom_envelope_caps/group_level_feature_selection/sub-08_task-rest_desc-CustomEnvBk8CapsWithPupil_predictions.csv
File saved successfully with 800 rows
Saving results to: /home/slouviot/01_projects/eeg_brain_state_prediction/data/custom_envelope_caps/group_level_feature_selection/sub-09_task-rest_desc-CustomEnvBk8CapsWithPupil_predictions.csv
File saved successfully with 400 rows
Saving results to: /home/slouviot/01_projects/eeg_brain_state_prediction/data/custom_envelope_caps/group_level_feature_selection/sub-11_task-rest_desc-CustomEnvBk8CapsWithPupil_predictions.csv
File saved successfully with 400 rows
Saving results to: /home/slouviot/01_projects/eeg_brain_state_prediction/data/custom_envelope_caps/group_level_feature_selection/sub-12_task-rest_desc-CustomEnvBk8CapsWithPupil_predictions.csv
File saved successfully with 800 rows
Saving results to: /home/slouviot/01_projects/eeg_brain_state_prediction/data/custom_envelope_caps/group_level_feature_selection/sub-13_task-rest_desc-CustomEnvBk8CapsWithPupil_predictions.csv
File saved successfully with 800 rows
Saving results to: /home/slouviot/01_projects/eeg_brain_state_prediction/data/custom_envelope_caps/group_level_feature_selection/sub-14_task-rest_desc-CustomEnvBk8CapsWithPupil_predictions.csv
File saved successfully with 800 rows
Saving results to: /home/slouviot/01_projects/eeg_brain_state_prediction/data/custom_envelope_caps/group_level_feature_selection/sub-15_task-rest_desc-CustomEnvBk8CapsWithPupil_predictions.csv
File saved successfully with 800 rows
Saving results to: /home/slouviot/01_projects/eeg_brain_state_prediction/data/custom_envelope_caps/group_level_feature_selection/sub-16_task-rest_desc-CustomEnvBk8CapsWithPupil_predictions.csv
File saved successfully with 800 rows
Saving results to: /home/slouviot/01_projects/eeg_brain_state_prediction/data/custom_envelope_caps/group_level_feature_selection/sub-17_task-rest_desc-CustomEnvBk8CapsWithPupil_predictions.csv
File saved successfully with 1200 rows
Saving results to: /home/slouviot/01_projects/eeg_brain_state_prediction/data/custom_envelope_caps/group_level_feature_selection/sub-18_task-rest_desc-CustomEnvBk8CapsWithPupil_predictions.csv
File saved successfully with 400 rows
Saving results to: /home/slouviot/01_projects/eeg_brain_state_prediction/data/custom_envelope_caps/group_level_feature_selection/sub-20_task-rest_desc-CustomEnvBk8CapsWithPupil_predictions.csv
File saved successfully with 800 rows
Saving results to: /home/slouviot/01_projects/eeg_brain_state_prediction/data/custom_envelope_caps/group_level_feature_selection/sub-21_task-rest_desc-CustomEnvBk8CapsWithPupil_predictions.csv
File saved successfully with 800 rows
Saving results to: /home/slouviot/01_projects/eeg_brain_state_prediction/data/custom_envelope_caps/group_level_feature_selection/sub-22_task-rest_desc-CustomEnvBk8CapsWithPupil_predictions.csv
File saved successfully with 800 rows
2025-02-13 06:02:17 - INFO - Starting processing with task: rest, description: CustomEnvBk8Caps
2025-02-13 06:02:17 - INFO - 
Config Debug:
2025-02-13 06:02:17 - INFO - Code root: /home/slouviot/01_projects/eeg_brain_state_prediction
2025-02-13 06:02:17 - INFO - Data root: /data2/Projects/eeg_fmri_natview/derivatives
2025-02-13 06:02:17 - INFO - Data directory: data/custom_envelope_caps/group_level_feature_selection
2025-02-13 06:02:17 - INFO - Found 18 subjects to process
2025-02-13 06:02:17 - INFO - 
Processing subject: 01
2025-02-13 06:05:13 - INFO - Saving results to: /home/slouviot/01_projects/eeg_brain_state_prediction/data/custom_envelope_caps/group_level_feature_selection/sub-01_task-rest_desc-CustomEnvBk8CapsEegOnly_predictions.csv
2025-02-13 06:05:13 - INFO - 
Processing completed successfully
Creating BIDS architecture with parameters: {'root': PosixPath('/data2/Projects/eeg_fmri_natview/derivatives'), 'datatype': 'multimodal', 'suffix': 'multimodal', 'description': 'CustomEnvBk8Caps', 'run': '01', 'task': 'rest', 'extension': '.pkl'}
Data root path exists: True
Full data root path: /data2/Projects/eeg_fmri_natview/derivatives
Database info: (32, 14)
Processing 1 features
Processing 2 features
Processing 3 features
Processing 4 features
Processing 5 features
Processing 6 features
Processing 7 features
Processing 8 features
Processing 9 features
Saving results to: /home/slouviot/01_projects/eeg_brain_state_prediction/data/custom_envelope_caps/group_level_feature_selection/sub-01_task-rest_desc-CustomEnvBk8CapsEegOnly_predictions.csv
File saved successfully with 72 rows
2025-02-13 06:29:54 - INFO - Starting processing with task: rest, description: CustomEnvBk8Caps
2025-02-13 06:29:54 - INFO - 
Config Debug:
2025-02-13 06:29:54 - INFO - Code root: /home/slouviot/01_projects/eeg_brain_state_prediction
2025-02-13 06:29:54 - INFO - Data root: /data2/Projects/eeg_fmri_natview/derivatives
2025-02-13 06:29:54 - INFO - Data directory: data/custom_envelope_caps/group_level_feature_selection
2025-02-13 06:29:54 - INFO - Found 18 subjects to process
2025-02-13 06:29:54 - INFO - 
Processing subject: 01
2025-02-13 06:32:42 - INFO - Starting processing with task: rest, description: CustomEnvBk8Caps
2025-02-13 06:32:42 - INFO - 
Config Debug:
2025-02-13 06:32:42 - INFO - Code root: /home/slouviot/01_projects/eeg_brain_state_prediction
2025-02-13 06:32:42 - INFO - Data root: /data2/Projects/eeg_fmri_natview/derivatives
2025-02-13 06:32:42 - INFO - Data directory: data/custom_envelope_caps/subject_level_feature_selection
2025-02-13 06:32:43 - INFO - Found 18 subjects to process
2025-02-13 06:32:43 - INFO - 
Processing subject: 01
2025-02-13 07:44:59 - INFO - Saving results to: /home/slouviot/01_projects/eeg_brain_state_prediction/data/custom_envelope_caps/subject_level_feature_selection/sub-01_task-rest_desc-CustomEnvBk8CapsEegOnly_predictions.csv
2025-02-13 07:44:59 - INFO - 
Processing subject: 02
2025-02-13 08:01:36 - INFO - Saving results to: /home/slouviot/01_projects/eeg_brain_state_prediction/data/custom_envelope_caps/group_level_feature_selection/sub-01_task-rest_desc-CustomEnvBk8CapsEegOnly_predictions.csv
2025-02-13 08:01:36 - INFO - 
Processing completed successfully
Creating BIDS architecture with parameters: {'root': PosixPath('/data2/Projects/eeg_fmri_natview/derivatives'), 'datatype': 'multimodal', 'suffix': 'multimodal', 'description': 'CustomEnvBk8Caps', 'run': '01', 'task': 'rest', 'extension': '.pkl'}
Data root path exists: True
Full data root path: /data2/Projects/eeg_fmri_natview/derivatives
Database info: (32, 14)
Processing 1 features
Processing 2 features
Processing 3 features
Processing 4 features
Processing 5 features
Processing 6 features
Processing 7 features
Processing 8 features
Processing 9 features
Processing 10 features
Processing 11 features
Processing 12 features
Processing 13 features
Processing 14 features
Processing 15 features
Processing 16 features
Processing 17 features
Processing 18 features
Processing 19 features
Processing 20 features
Processing 21 features
Processing 22 features
Processing 23 features
Processing 24 features
Processing 25 features
Processing 26 features
Processing 27 features
Processing 28 features
Processing 29 features
Processing 30 features
Processing 31 features
Processing 32 features
Processing 33 features
Processing 34 features
Processing 35 features
Processing 36 features
Processing 37 features
Processing 38 features
Processing 39 features
Processing 40 features
Processing 41 features
Processing 42 features
Processing 43 features
Processing 44 features
Processing 45 features
Processing 46 features
Processing 47 features
Processing 48 features
Processing 49 features
Processing 50 features
Saving results to: /home/slouviot/01_projects/eeg_brain_state_prediction/data/custom_envelope_caps/group_level_feature_selection/sub-01_task-rest_desc-CustomEnvBk8CapsEegOnly_predictions.csv
File saved successfully with 400 rows
2025-02-13 08:48:19 - INFO - Saving results to: /home/slouviot/01_projects/eeg_brain_state_prediction/data/custom_envelope_caps/subject_level_feature_selection/sub-02_task-rest_desc-CustomEnvBk8CapsEegOnly_predictions.csv
2025-02-13 08:48:19 - INFO - 
Processing subject: 04
2025-02-13 10:45:47 - INFO - Saving results to: /home/slouviot/01_projects/eeg_brain_state_prediction/data/custom_envelope_caps/subject_level_feature_selection/sub-04_task-rest_desc-CustomEnvBk8CapsEegOnly_predictions.csv
2025-02-13 10:45:47 - INFO - 
Processing subject: 06
2025-02-13 12:51:03 - INFO - Saving results to: /home/slouviot/01_projects/eeg_brain_state_prediction/data/custom_envelope_caps/subject_level_feature_selection/sub-06_task-rest_desc-CustomEnvBk8CapsEegOnly_predictions.csv
2025-02-13 12:51:04 - INFO - 
Processing subject: 07
2025-02-13 14:50:54 - INFO - Saving results to: /home/slouviot/01_projects/eeg_brain_state_prediction/data/custom_envelope_caps/subject_level_feature_selection/sub-07_task-rest_desc-CustomEnvBk8CapsEegOnly_predictions.csv
2025-02-13 14:50:54 - INFO - 
Processing subject: 08
2025-02-13 16:51:41 - INFO - Saving results to: /home/slouviot/01_projects/eeg_brain_state_prediction/data/custom_envelope_caps/subject_level_feature_selection/sub-08_task-rest_desc-CustomEnvBk8CapsEegOnly_predictions.csv
2025-02-13 16:51:41 - INFO - 
Processing subject: 09
2025-02-13 17:54:19 - INFO - Saving results to: /home/slouviot/01_projects/eeg_brain_state_prediction/data/custom_envelope_caps/subject_level_feature_selection/sub-09_task-rest_desc-CustomEnvBk8CapsEegOnly_predictions.csv
2025-02-13 17:54:19 - INFO - 
Processing subject: 11
2025-02-13 18:56:58 - INFO - Saving results to: /home/slouviot/01_projects/eeg_brain_state_prediction/data/custom_envelope_caps/subject_level_feature_selection/sub-11_task-rest_desc-CustomEnvBk8CapsEegOnly_predictions.csv
2025-02-13 18:56:58 - INFO - 
Processing subject: 12
2025-02-13 20:56:50 - INFO - Saving results to: /home/slouviot/01_projects/eeg_brain_state_prediction/data/custom_envelope_caps/subject_level_feature_selection/sub-12_task-rest_desc-CustomEnvBk8CapsEegOnly_predictions.csv
2025-02-13 20:56:50 - INFO - 
Processing subject: 13
2025-02-13 22:56:52 - INFO - Saving results to: /home/slouviot/01_projects/eeg_brain_state_prediction/data/custom_envelope_caps/subject_level_feature_selection/sub-13_task-rest_desc-CustomEnvBk8CapsEegOnly_predictions.csv
2025-02-13 22:56:52 - INFO - 
Processing subject: 14
2025-02-14 00:56:44 - INFO - Saving results to: /home/slouviot/01_projects/eeg_brain_state_prediction/data/custom_envelope_caps/subject_level_feature_selection/sub-14_task-rest_desc-CustomEnvBk8CapsEegOnly_predictions.csv
2025-02-14 00:56:44 - INFO - 
Processing subject: 15
2025-02-14 02:56:11 - INFO - Saving results to: /home/slouviot/01_projects/eeg_brain_state_prediction/data/custom_envelope_caps/subject_level_feature_selection/sub-15_task-rest_desc-CustomEnvBk8CapsEegOnly_predictions.csv
2025-02-14 02:56:11 - INFO - 
Processing subject: 16
2025-02-14 04:57:06 - INFO - Saving results to: /home/slouviot/01_projects/eeg_brain_state_prediction/data/custom_envelope_caps/subject_level_feature_selection/sub-16_task-rest_desc-CustomEnvBk8CapsEegOnly_predictions.csv
2025-02-14 04:57:06 - INFO - 
Processing subject: 17
2025-02-14 07:52:19 - INFO - Saving results to: /home/slouviot/01_projects/eeg_brain_state_prediction/data/custom_envelope_caps/subject_level_feature_selection/sub-17_task-rest_desc-CustomEnvBk8CapsEegOnly_predictions.csv
2025-02-14 07:52:20 - INFO - 
Processing subject: 18
2025-02-14 08:54:12 - INFO - Saving results to: /home/slouviot/01_projects/eeg_brain_state_prediction/data/custom_envelope_caps/subject_level_feature_selection/sub-18_task-rest_desc-CustomEnvBk8CapsEegOnly_predictions.csv
2025-02-14 08:54:13 - INFO - 
Processing subject: 20
2025-02-14 10:53:16 - INFO - Saving results to: /home/slouviot/01_projects/eeg_brain_state_prediction/data/custom_envelope_caps/subject_level_feature_selection/sub-20_task-rest_desc-CustomEnvBk8CapsEegOnly_predictions.csv
2025-02-14 10:53:16 - INFO - 
Processing subject: 21
2025-02-14 12:57:15 - INFO - Saving results to: /home/slouviot/01_projects/eeg_brain_state_prediction/data/custom_envelope_caps/subject_level_feature_selection/sub-21_task-rest_desc-CustomEnvBk8CapsEegOnly_predictions.csv
2025-02-14 12:57:15 - INFO - 
Processing subject: 22
2025-02-14 14:58:01 - INFO - Saving results to: /home/slouviot/01_projects/eeg_brain_state_prediction/data/custom_envelope_caps/subject_level_feature_selection/sub-22_task-rest_desc-CustomEnvBk8CapsEegOnly_predictions.csv
2025-02-14 14:58:01 - INFO - 
Processing completed successfully
Creating BIDS architecture with parameters: {'root': PosixPath('/data2/Projects/eeg_fmri_natview/derivatives'), 'datatype': 'multimodal', 'suffix': 'multimodal', 'description': 'CustomEnvBk8Caps', 'run': '01', 'task': 'rest', 'extension': '.pkl'}
Data root path exists: True
Full data root path: /data2/Projects/eeg_fmri_natview/derivatives
Database info: (32, 14)
Processing 1 features
Processing 2 features
Processing 3 features
Processing 4 features
Processing 5 features
Processing 6 features
Processing 7 features
Processing 8 features
Processing 9 features
Processing 10 features
Processing 11 features
Processing 12 features
Processing 13 features
Processing 14 features
Processing 15 features
Processing 16 features
Processing 17 features
Processing 18 features
Processing 19 features
Processing 20 features
Processing 21 features
Processing 22 features
Processing 23 features
Processing 24 features
Processing 25 features
Processing 26 features
Processing 27 features
Processing 28 features
Processing 29 features
Processing 30 features
Processing 31 features
Processing 32 features
Processing 33 features
Processing 34 features
Processing 35 features
Processing 36 features
Processing 37 features
Processing 38 features
Processing 39 features
Processing 40 features
Processing 41 features
Processing 42 features
Processing 43 features
Processing 44 features
Processing 45 features
Processing 46 features
Processing 47 features
Processing 48 features
Processing 49 features
Processing 50 features
Saving results to: /home/slouviot/01_projects/eeg_brain_state_prediction/data/custom_envelope_caps/subject_level_feature_selection/sub-01_task-rest_desc-CustomEnvBk8CapsEegOnly_predictions.csv
File saved successfully with 400 rows
Processing 1 features
Processing 2 features
Processing 3 features
Processing 4 features
Processing 5 features
Processing 6 features
Processing 7 features
Processing 8 features
Processing 9 features
Processing 10 features
Processing 11 features
Processing 12 features
Processing 13 features
Processing 14 features
Processing 15 features
Processing 16 features
Processing 17 features
Processing 18 features
Processing 19 features
Processing 20 features
Processing 21 features
Processing 22 features
Processing 23 features
Processing 24 features
Processing 25 features
Processing 26 features
Processing 27 features
Processing 28 features
Processing 29 features
Processing 30 features
Processing 31 features
Processing 32 features
Processing 33 features
Processing 34 features
Processing 35 features
Processing 36 features
Processing 37 features
Processing 38 features
Processing 39 features
Processing 40 features
Processing 41 features
Processing 42 features
Processing 43 features
Processing 44 features
Processing 45 features
Processing 46 features
Processing 47 features
Processing 48 features
Processing 49 features
Processing 50 features
Saving results to: /home/slouviot/01_projects/eeg_brain_state_prediction/data/custom_envelope_caps/subject_level_feature_selection/sub-02_task-rest_desc-CustomEnvBk8CapsEegOnly_predictions.csv
File saved successfully with 400 rows
Processing 1 features
Processing 2 features
Processing 3 features
Processing 4 features
Processing 5 features
Processing 6 features
Processing 7 features
Processing 8 features
Processing 9 features
Processing 10 features
Processing 11 features
Processing 12 features
Processing 13 features
Processing 14 features
Processing 15 features
Processing 16 features
Processing 17 features
Processing 18 features
Processing 19 features
Processing 20 features
Processing 21 features
Processing 22 features
Processing 23 features
Processing 24 features
Processing 25 features
Processing 26 features
Processing 27 features
Processing 28 features
Processing 29 features
Processing 30 features
Processing 31 features
Processing 32 features
Processing 33 features
Processing 34 features
Processing 35 features
Processing 36 features
Processing 37 features
Processing 38 features
Processing 39 features
Processing 40 features
Processing 41 features
Processing 42 features
Processing 43 features
Processing 44 features
Processing 45 features
Processing 46 features
Processing 47 features
Processing 48 features
Processing 49 features
Processing 50 features
Saving results to: /home/slouviot/01_projects/eeg_brain_state_prediction/data/custom_envelope_caps/subject_level_feature_selection/sub-04_task-rest_desc-CustomEnvBk8CapsEegOnly_predictions.csv
File saved successfully with 800 rows
Processing 1 features
Processing 2 features
Processing 3 features
Processing 4 features
Processing 5 features
Processing 6 features
Processing 7 features
Processing 8 features
Processing 9 features
Processing 10 features
Processing 11 features
Processing 12 features
Processing 13 features
Processing 14 features
Processing 15 features
Processing 16 features
Processing 17 features
Processing 18 features
Processing 19 features
Processing 20 features
Processing 21 features
Processing 22 features
Processing 23 features
Processing 24 features
Processing 25 features
Processing 26 features
Processing 27 features
Processing 28 features
Processing 29 features
Processing 30 features
Processing 31 features
Processing 32 features
Processing 33 features
Processing 34 features
Processing 35 features
Processing 36 features
Processing 37 features
Processing 38 features
Processing 39 features
Processing 40 features
Processing 41 features
Processing 42 features
Processing 43 features
Processing 44 features
Processing 45 features
Processing 46 features
Processing 47 features
Processing 48 features
Processing 49 features
Processing 50 features
Saving results to: /home/slouviot/01_projects/eeg_brain_state_prediction/data/custom_envelope_caps/subject_level_feature_selection/sub-06_task-rest_desc-CustomEnvBk8CapsEegOnly_predictions.csv
File saved successfully with 800 rows
Processing 1 features
Processing 2 features
Processing 3 features
Processing 4 features
Processing 5 features
Processing 6 features
Processing 7 features
Processing 8 features
Processing 9 features
Processing 10 features
Processing 11 features
Processing 12 features
Processing 13 features
Processing 14 features
Processing 15 features
Processing 16 features
Processing 17 features
Processing 18 features
Processing 19 features
Processing 20 features
Processing 21 features
Processing 22 features
Processing 23 features
Processing 24 features
Processing 25 features
Processing 26 features
Processing 27 features
Processing 28 features
Processing 29 features
Processing 30 features
Processing 31 features
Processing 32 features
Processing 33 features
Processing 34 features
Processing 35 features
Processing 36 features
Processing 37 features
Processing 38 features
Processing 39 features
Processing 40 features
Processing 41 features
Processing 42 features
Processing 43 features
Processing 44 features
Processing 45 features
Processing 46 features
Processing 47 features
Processing 48 features
Processing 49 features
Processing 50 features
Saving results to: /home/slouviot/01_projects/eeg_brain_state_prediction/data/custom_envelope_caps/subject_level_feature_selection/sub-07_task-rest_desc-CustomEnvBk8CapsEegOnly_predictions.csv
File saved successfully with 800 rows
Processing 1 features
Processing 2 features
Processing 3 features
Processing 4 features
Processing 5 features
Processing 6 features
Processing 7 features
Processing 8 features
Processing 9 features
Processing 10 features
Processing 11 features
Processing 12 features
Processing 13 features
Processing 14 features
Processing 15 features
Processing 16 features
Processing 17 features
Processing 18 features
Processing 19 features
Processing 20 features
Processing 21 features
Processing 22 features
Processing 23 features
Processing 24 features
Processing 25 features
Processing 26 features
Processing 27 features
Processing 28 features
Processing 29 features
Processing 30 features
Processing 31 features
Processing 32 features
Processing 33 features
Processing 34 features
Processing 35 features
Processing 36 features
Processing 37 features
Processing 38 features
Processing 39 features
Processing 40 features
Processing 41 features
Processing 42 features
Processing 43 features
Processing 44 features
Processing 45 features
Processing 46 features
Processing 47 features
Processing 48 features
Processing 49 features
Processing 50 features
Saving results to: /home/slouviot/01_projects/eeg_brain_state_prediction/data/custom_envelope_caps/subject_level_feature_selection/sub-08_task-rest_desc-CustomEnvBk8CapsEegOnly_predictions.csv
File saved successfully with 800 rows
Processing 1 features
Processing 2 features
Processing 3 features
Processing 4 features
Processing 5 features
Processing 6 features
Processing 7 features
Processing 8 features
Processing 9 features
Processing 10 features
Processing 11 features
Processing 12 features
Processing 13 features
Processing 14 features
Processing 15 features
Processing 16 features
Processing 17 features
Processing 18 features
Processing 19 features
Processing 20 features
Processing 21 features
Processing 22 features
Processing 23 features
Processing 24 features
Processing 25 features
Processing 26 features
Processing 27 features
Processing 28 features
Processing 29 features
Processing 30 features
Processing 31 features
Processing 32 features
Processing 33 features
Processing 34 features
Processing 35 features
Processing 36 features
Processing 37 features
Processing 38 features
Processing 39 features
Processing 40 features
Processing 41 features
Processing 42 features
Processing 43 features
Processing 44 features
Processing 45 features
Processing 46 features
Processing 47 features
Processing 48 features
Processing 49 features
Processing 50 features
Saving results to: /home/slouviot/01_projects/eeg_brain_state_prediction/data/custom_envelope_caps/subject_level_feature_selection/sub-09_task-rest_desc-CustomEnvBk8CapsEegOnly_predictions.csv
File saved successfully with 400 rows
Processing 1 features
Processing 2 features
Processing 3 features
Processing 4 features
Processing 5 features
Processing 6 features
Processing 7 features
Processing 8 features
Processing 9 features
Processing 10 features
Processing 11 features
Processing 12 features
Processing 13 features
Processing 14 features
Processing 15 features
Processing 16 features
Processing 17 features
Processing 18 features
Processing 19 features
Processing 20 features
Processing 21 features
Processing 22 features
Processing 23 features
Processing 24 features
Processing 25 features
Processing 26 features
Processing 27 features
Processing 28 features
Processing 29 features
Processing 30 features
Processing 31 features
Processing 32 features
Processing 33 features
Processing 34 features
Processing 35 features
Processing 36 features
Processing 37 features
Processing 38 features
Processing 39 features
Processing 40 features
Processing 41 features
Processing 42 features
Processing 43 features
Processing 44 features
Processing 45 features
Processing 46 features
Processing 47 features
Processing 48 features
Processing 49 features
Processing 50 features
Saving results to: /home/slouviot/01_projects/eeg_brain_state_prediction/data/custom_envelope_caps/subject_level_feature_selection/sub-11_task-rest_desc-CustomEnvBk8CapsEegOnly_predictions.csv
File saved successfully with 400 rows
Processing 1 features
Processing 2 features
Processing 3 features
Processing 4 features
Processing 5 features
Processing 6 features
Processing 7 features
Processing 8 features
Processing 9 features
Processing 10 features
Processing 11 features
Processing 12 features
Processing 13 features
Processing 14 features
Processing 15 features
Processing 16 features
Processing 17 features
Processing 18 features
Processing 19 features
Processing 20 features
Processing 21 features
Processing 22 features
Processing 23 features
Processing 24 features
Processing 25 features
Processing 26 features
Processing 27 features
Processing 28 features
Processing 29 features
Processing 30 features
Processing 31 features
Processing 32 features
Processing 33 features
Processing 34 features
Processing 35 features
Processing 36 features
Processing 37 features
Processing 38 features
Processing 39 features
Processing 40 features
Processing 41 features
Processing 42 features
Processing 43 features
Processing 44 features
Processing 45 features
Processing 46 features
Processing 47 features
Processing 48 features
Processing 49 features
Processing 50 features
Saving results to: /home/slouviot/01_projects/eeg_brain_state_prediction/data/custom_envelope_caps/subject_level_feature_selection/sub-12_task-rest_desc-CustomEnvBk8CapsEegOnly_predictions.csv
File saved successfully with 800 rows
Processing 1 features
Processing 2 features
Processing 3 features
Processing 4 features
Processing 5 features
Processing 6 features
Processing 7 features
Processing 8 features
Processing 9 features
Processing 10 features
Processing 11 features
Processing 12 features
Processing 13 features
Processing 14 features
Processing 15 features
Processing 16 features
Processing 17 features
Processing 18 features
Processing 19 features
Processing 20 features
Processing 21 features
Processing 22 features
Processing 23 features
Processing 24 features
Processing 25 features
Processing 26 features
Processing 27 features
Processing 28 features
Processing 29 features
Processing 30 features
Processing 31 features
Processing 32 features
Processing 33 features
Processing 34 features
Processing 35 features
Processing 36 features
Processing 37 features
Processing 38 features
Processing 39 features
Processing 40 features
Processing 41 features
Processing 42 features
Processing 43 features
Processing 44 features
Processing 45 features
Processing 46 features
Processing 47 features
Processing 48 features
Processing 49 features
Processing 50 features
Saving results to: /home/slouviot/01_projects/eeg_brain_state_prediction/data/custom_envelope_caps/subject_level_feature_selection/sub-13_task-rest_desc-CustomEnvBk8CapsEegOnly_predictions.csv
File saved successfully with 800 rows
Processing 1 features
Processing 2 features
Processing 3 features
Processing 4 features
Processing 5 features
Processing 6 features
Processing 7 features
Processing 8 features
Processing 9 features
Processing 10 features
Processing 11 features
Processing 12 features
Processing 13 features
Processing 14 features
Processing 15 features
Processing 16 features
Processing 17 features
Processing 18 features
Processing 19 features
Processing 20 features
Processing 21 features
Processing 22 features
Processing 23 features
Processing 24 features
Processing 25 features
Processing 26 features
Processing 27 features
Processing 28 features
Processing 29 features
Processing 30 features
Processing 31 features
Processing 32 features
Processing 33 features
Processing 34 features
Processing 35 features
Processing 36 features
Processing 37 features
Processing 38 features
Processing 39 features
Processing 40 features
Processing 41 features
Processing 42 features
Processing 43 features
Processing 44 features
Processing 45 features
Processing 46 features
Processing 47 features
Processing 48 features
Processing 49 features
Processing 50 features
Saving results to: /home/slouviot/01_projects/eeg_brain_state_prediction/data/custom_envelope_caps/subject_level_feature_selection/sub-14_task-rest_desc-CustomEnvBk8CapsEegOnly_predictions.csv
File saved successfully with 800 rows
Processing 1 features
Processing 2 features
Processing 3 features
Processing 4 features
Processing 5 features
Processing 6 features
Processing 7 features
Processing 8 features
Processing 9 features
Processing 10 features
Processing 11 features
Processing 12 features
Processing 13 features
Processing 14 features
Processing 15 features
Processing 16 features
Processing 17 features
Processing 18 features
Processing 19 features
Processing 20 features
Processing 21 features
Processing 22 features
Processing 23 features
Processing 24 features
Processing 25 features
Processing 26 features
Processing 27 features
Processing 28 features
Processing 29 features
Processing 30 features
Processing 31 features
Processing 32 features
Processing 33 features
Processing 34 features
Processing 35 features
Processing 36 features
Processing 37 features
Processing 38 features
Processing 39 features
Processing 40 features
Processing 41 features
Processing 42 features
Processing 43 features
Processing 44 features
Processing 45 features
Processing 46 features
Processing 47 features
Processing 48 features
Processing 49 features
Processing 50 features
Saving results to: /home/slouviot/01_projects/eeg_brain_state_prediction/data/custom_envelope_caps/subject_level_feature_selection/sub-15_task-rest_desc-CustomEnvBk8CapsEegOnly_predictions.csv
File saved successfully with 800 rows
Processing 1 features
Processing 2 features
Processing 3 features
Processing 4 features
Processing 5 features
Processing 6 features
Processing 7 features
Processing 8 features
Processing 9 features
Processing 10 features
Processing 11 features
Processing 12 features
Processing 13 features
Processing 14 features
Processing 15 features
Processing 16 features
Processing 17 features
Processing 18 features
Processing 19 features
Processing 20 features
Processing 21 features
Processing 22 features
Processing 23 features
Processing 24 features
Processing 25 features
Processing 26 features
Processing 27 features
Processing 28 features
Processing 29 features
Processing 30 features
Processing 31 features
Processing 32 features
Processing 33 features
Processing 34 features
Processing 35 features
Processing 36 features
Processing 37 features
Processing 38 features
Processing 39 features
Processing 40 features
Processing 41 features
Processing 42 features
Processing 43 features
Processing 44 features
Processing 45 features
Processing 46 features
Processing 47 features
Processing 48 features
Processing 49 features
Processing 50 features
Saving results to: /home/slouviot/01_projects/eeg_brain_state_prediction/data/custom_envelope_caps/subject_level_feature_selection/sub-16_task-rest_desc-CustomEnvBk8CapsEegOnly_predictions.csv
File saved successfully with 800 rows
Processing 1 features
Processing 2 features
Processing 3 features
Processing 4 features
Processing 5 features
Processing 6 features
Processing 7 features
Processing 8 features
Processing 9 features
Processing 10 features
Processing 11 features
Processing 12 features
Processing 13 features
Processing 14 features
Processing 15 features
Processing 16 features
Processing 17 features
Processing 18 features
Processing 19 features
Processing 20 features
Processing 21 features
Processing 22 features
Processing 23 features
Processing 24 features
Processing 25 features
Processing 26 features
Processing 27 features
Processing 28 features
Processing 29 features
Processing 30 features
Processing 31 features
Processing 32 features
Processing 33 features
Processing 34 features
Processing 35 features
Processing 36 features
Processing 37 features
Processing 38 features
Processing 39 features
Processing 40 features
Processing 41 features
Processing 42 features
Processing 43 features
Processing 44 features
Processing 45 features
Processing 46 features
Processing 47 features
Processing 48 features
Processing 49 features
Processing 50 features
Saving results to: /home/slouviot/01_projects/eeg_brain_state_prediction/data/custom_envelope_caps/subject_level_feature_selection/sub-17_task-rest_desc-CustomEnvBk8CapsEegOnly_predictions.csv
File saved successfully with 1200 rows
Processing 1 features
Processing 2 features
Processing 3 features
Processing 4 features
Processing 5 features
Processing 6 features
Processing 7 features
Processing 8 features
Processing 9 features
Processing 10 features
Processing 11 features
Processing 12 features
Processing 13 features
Processing 14 features
Processing 15 features
Processing 16 features
Processing 17 features
Processing 18 features
Processing 19 features
Processing 20 features
Processing 21 features
Processing 22 features
Processing 23 features
Processing 24 features
Processing 25 features
Processing 26 features
Processing 27 features
Processing 28 features
Processing 29 features
Processing 30 features
Processing 31 features
Processing 32 features
Processing 33 features
Processing 34 features
Processing 35 features
Processing 36 features
Processing 37 features
Processing 38 features
Processing 39 features
Processing 40 features
Processing 41 features
Processing 42 features
Processing 43 features
Processing 44 features
Processing 45 features
Processing 46 features
Processing 47 features
Processing 48 features
Processing 49 features
Processing 50 features
Saving results to: /home/slouviot/01_projects/eeg_brain_state_prediction/data/custom_envelope_caps/subject_level_feature_selection/sub-18_task-rest_desc-CustomEnvBk8CapsEegOnly_predictions.csv
File saved successfully with 400 rows
Processing 1 features
Processing 2 features
Processing 3 features
Processing 4 features
Processing 5 features
Processing 6 features
Processing 7 features
Processing 8 features
Processing 9 features
Processing 10 features
Processing 11 features
Processing 12 features
Processing 13 features
Processing 14 features
Processing 15 features
Processing 16 features
Processing 17 features
Processing 18 features
Processing 19 features
Processing 20 features
Processing 21 features
Processing 22 features
Processing 23 features
Processing 24 features
Processing 25 features
Processing 26 features
Processing 27 features
Processing 28 features
Processing 29 features
Processing 30 features
Processing 31 features
Processing 32 features
Processing 33 features
Processing 34 features
Processing 35 features
Processing 36 features
Processing 37 features
Processing 38 features
Processing 39 features
Processing 40 features
Processing 41 features
Processing 42 features
Processing 43 features
Processing 44 features
Processing 45 features
Processing 46 features
Processing 47 features
Processing 48 features
Processing 49 features
Processing 50 features
Saving results to: /home/slouviot/01_projects/eeg_brain_state_prediction/data/custom_envelope_caps/subject_level_feature_selection/sub-20_task-rest_desc-CustomEnvBk8CapsEegOnly_predictions.csv
File saved successfully with 800 rows
Processing 1 features
Processing 2 features
Processing 3 features
Processing 4 features
Processing 5 features
Processing 6 features
Processing 7 features
Processing 8 features
Processing 9 features
Processing 10 features
Processing 11 features
Processing 12 features
Processing 13 features
Processing 14 features
Processing 15 features
Processing 16 features
Processing 17 features
Processing 18 features
Processing 19 features
Processing 20 features
Processing 21 features
Processing 22 features
Processing 23 features
Processing 24 features
Processing 25 features
Processing 26 features
Processing 27 features
Processing 28 features
Processing 29 features
Processing 30 features
Processing 31 features
Processing 32 features
Processing 33 features
Processing 34 features
Processing 35 features
Processing 36 features
Processing 37 features
Processing 38 features
Processing 39 features
Processing 40 features
Processing 41 features
Processing 42 features
Processing 43 features
Processing 44 features
Processing 45 features
Processing 46 features
Processing 47 features
Processing 48 features
Processing 49 features
Processing 50 features
Saving results to: /home/slouviot/01_projects/eeg_brain_state_prediction/data/custom_envelope_caps/subject_level_feature_selection/sub-21_task-rest_desc-CustomEnvBk8CapsEegOnly_predictions.csv
File saved successfully with 800 rows
Processing 1 features
Processing 2 features
Processing 3 features
Processing 4 features
Processing 5 features
Processing 6 features
Processing 7 features
Processing 8 features
Processing 9 features
Processing 10 features
Processing 11 features
Processing 12 features
Processing 13 features
Processing 14 features
Processing 15 features
Processing 16 features
Processing 17 features
Processing 18 features
Processing 19 features
Processing 20 features
Processing 21 features
Processing 22 features
Processing 23 features
Processing 24 features
Processing 25 features
Processing 26 features
Processing 27 features
Processing 28 features
Processing 29 features
Processing 30 features
Processing 31 features
Processing 32 features
Processing 33 features
Processing 34 features
Processing 35 features
Processing 36 features
Processing 37 features
Processing 38 features
Processing 39 features
Processing 40 features
Processing 41 features
Processing 42 features
Processing 43 features
Processing 44 features
Processing 45 features
Processing 46 features
Processing 47 features
Processing 48 features
Processing 49 features
Processing 50 features
Saving results to: /home/slouviot/01_projects/eeg_brain_state_prediction/data/custom_envelope_caps/subject_level_feature_selection/sub-22_task-rest_desc-CustomEnvBk8CapsEegOnly_predictions.csv
File saved successfully with 800 rows
2025-02-16 08:44:08 - INFO - Starting processing with task: rest, description: CustomEnvBk8Caps
2025-02-16 08:44:08 - INFO - 
Config Debug:
2025-02-16 08:44:08 - INFO - Code root: /home/slouviot/01_projects/eeg_brain_state_prediction
2025-02-16 08:44:08 - INFO - Data root: /data2/Projects/eeg_fmri_natview/derivatives
2025-02-16 08:44:08 - INFO - Data directory: data/custom_envelope_caps/subject_level_feature_selection
2025-02-16 08:44:08 - INFO - Found 18 subjects to process
2025-02-16 08:44:08 - INFO - 
Processing subject: 01
2025-02-16 09:58:40 - INFO - Saving results to: /home/slouviot/01_projects/eeg_brain_state_prediction/data/custom_envelope_caps/subject_level_feature_selection/sub-01_task-rest_desc-CustomEnvBk8CapsWithPupil_predictions.csv
2025-02-16 09:58:40 - INFO - 
Processing subject: 02
2025-02-16 11:07:28 - INFO - Saving results to: /home/slouviot/01_projects/eeg_brain_state_prediction/data/custom_envelope_caps/subject_level_feature_selection/sub-02_task-rest_desc-CustomEnvBk8CapsWithPupil_predictions.csv
2025-02-16 11:07:28 - INFO - 
Processing subject: 04
2025-02-16 13:16:07 - INFO - Saving results to: /home/slouviot/01_projects/eeg_brain_state_prediction/data/custom_envelope_caps/subject_level_feature_selection/sub-04_task-rest_desc-CustomEnvBk8CapsWithPupil_predictions.csv
2025-02-16 13:16:07 - INFO - 
Processing subject: 06
2025-02-16 15:28:50 - INFO - Saving results to: /home/slouviot/01_projects/eeg_brain_state_prediction/data/custom_envelope_caps/subject_level_feature_selection/sub-06_task-rest_desc-CustomEnvBk8CapsWithPupil_predictions.csv
2025-02-16 15:28:50 - INFO - 
Processing subject: 07
2025-02-16 17:43:17 - INFO - Saving results to: /home/slouviot/01_projects/eeg_brain_state_prediction/data/custom_envelope_caps/subject_level_feature_selection/sub-07_task-rest_desc-CustomEnvBk8CapsWithPupil_predictions.csv
2025-02-16 17:43:17 - INFO - 
Processing subject: 08
2025-02-16 19:56:19 - INFO - Saving results to: /home/slouviot/01_projects/eeg_brain_state_prediction/data/custom_envelope_caps/subject_level_feature_selection/sub-08_task-rest_desc-CustomEnvBk8CapsWithPupil_predictions.csv
2025-02-16 19:56:19 - INFO - 
Processing subject: 09
2025-02-16 21:06:14 - INFO - Saving results to: /home/slouviot/01_projects/eeg_brain_state_prediction/data/custom_envelope_caps/subject_level_feature_selection/sub-09_task-rest_desc-CustomEnvBk8CapsWithPupil_predictions.csv
2025-02-16 21:06:14 - INFO - 
Processing subject: 11
Error.  nthreads cannot be larger than environment variable "NUMEXPR_MAX_THREADS" (64)2025-02-16 21:17:04 - INFO - Starting processing with task: checker, description: CustomEnvBk8Caps
2025-02-16 21:17:04 - INFO - 
Config Debug:
2025-02-16 21:17:04 - INFO - Code root: /home/slouviot/01_projects/eeg_brain_state_prediction
2025-02-16 21:17:04 - INFO - Data root: /data2/Projects/eeg_fmri_natview/derivatives
2025-02-16 21:17:04 - INFO - Data directory: data/custom_envelope_caps/subject_level_feature_selection
2025-02-16 21:17:04 - INFO - Found 19 subjects to process
2025-02-16 21:17:04 - INFO - 
Processing subject: 01
2025-02-16 21:41:55 - INFO - Saving results to: /home/slouviot/01_projects/eeg_brain_state_prediction/data/custom_envelope_caps/subject_level_feature_selection/sub-01_task-checker_desc-CustomEnvBk8CapsEegOnly_predictions.csv
2025-02-16 21:41:55 - INFO - 
Processing subject: 02
2025-02-16 22:05:40 - INFO - Saving results to: /home/slouviot/01_projects/eeg_brain_state_prediction/data/custom_envelope_caps/subject_level_feature_selection/sub-02_task-checker_desc-CustomEnvBk8CapsEegOnly_predictions.csv
2025-02-16 22:05:41 - INFO - 
Processing subject: 03
2025-02-16 22:13:02 - INFO - Saving results to: /home/slouviot/01_projects/eeg_brain_state_prediction/data/custom_envelope_caps/subject_level_feature_selection/sub-03_task-checker_desc-CustomEnvBk8CapsEegOnly_predictions.csv
2025-02-16 22:13:02 - INFO - 
Processing subject: 05
                                                                                                                                                                                                                                                                                     2025-02-16 22:43:28 - INFO - Saving results to: /home/slouviot/01_projects/eeg_brain_state_prediction/data/custom_envelope_caps/subject_level_feature_selection/sub-05_task-checker_desc-CustomEnvBk8CapsEegOnly_predictions.csv
2025-02-16 22:43:29 - INFO - 
Processing subject: 06
2025-02-16 23:29:42 - INFO - Saving results to: /home/slouviot/01_projects/eeg_brain_state_prediction/data/custom_envelope_caps/subject_level_feature_selection/sub-06_task-checker_desc-CustomEnvBk8CapsEegOnly_predictions.csv
2025-02-16 23:29:42 - INFO - 
Processing subject: 07
2025-02-17 00:15:23 - INFO - Saving results to: /home/slouviot/01_projects/eeg_brain_state_prediction/data/custom_envelope_caps/subject_level_feature_selection/sub-07_task-checker_desc-CustomEnvBk8CapsEegOnly_predictions.csv
2025-02-17 00:15:23 - INFO - 
Processing subject: 08
                                                                                                                                                                                                                                                                                     2025-02-17 01:01:19 - INFO - Saving results to: /home/slouviot/01_projects/eeg_brain_state_prediction/data/custom_envelope_caps/subject_level_feature_selection/sub-08_task-checker_desc-CustomEnvBk8CapsEegOnly_predictions.csv
2025-02-17 01:01:19 - INFO - 
Processing subject: 09
2025-02-17 01:25:32 - INFO - Saving results to: /home/slouviot/01_projects/eeg_brain_state_prediction/data/custom_envelope_caps/subject_level_feature_selection/sub-09_task-checker_desc-CustomEnvBk8CapsEegOnly_predictions.csv
2025-02-17 01:25:32 - INFO - 
Processing subject: 11
2025-02-17 02:12:26 - INFO - Saving results to: /home/slouviot/01_projects/eeg_brain_state_prediction/data/custom_envelope_caps/subject_level_feature_selection/sub-11_task-checker_desc-CustomEnvBk8CapsEegOnly_predictions.csv
2025-02-17 02:12:26 - INFO - 
Processing subject: 12
                                                                                                                                                                                                                                                                                     2025-02-17 02:57:42 - INFO - Saving results to: /home/slouviot/01_projects/eeg_brain_state_prediction/data/custom_envelope_caps/subject_level_feature_selection/sub-12_task-checker_desc-CustomEnvBk8CapsEegOnly_predictions.csv
2025-02-17 02:57:42 - INFO - 
Processing subject: 13
2025-02-17 03:58:42 - INFO - Saving results to: /home/slouviot/01_projects/eeg_brain_state_prediction/data/custom_envelope_caps/subject_level_feature_selection/sub-13_task-checker_desc-CustomEnvBk8CapsEegOnly_predictions.csv
2025-02-17 03:58:42 - INFO - 
Processing subject: 14
2025-02-17 04:48:35 - INFO - Saving results to: /home/slouviot/01_projects/eeg_brain_state_prediction/data/custom_envelope_caps/subject_level_feature_selection/sub-14_task-checker_desc-CustomEnvBk8CapsEegOnly_predictions.csv
2025-02-17 04:48:35 - INFO - 
Processing subject: 15
                                                                                                                                                                                                                                                                                     2025-02-17 05:34:44 - INFO - Saving results to: /home/slouviot/01_projects/eeg_brain_state_prediction/data/custom_envelope_caps/subject_level_feature_selection/sub-15_task-checker_desc-CustomEnvBk8CapsEegOnly_predictions.csv
2025-02-17 05:34:44 - INFO - 
Processing subject: 16
2025-02-17 05:59:02 - INFO - Saving results to: /home/slouviot/01_projects/eeg_brain_state_prediction/data/custom_envelope_caps/subject_level_feature_selection/sub-16_task-checker_desc-CustomEnvBk8CapsEegOnly_predictions.csv
2025-02-17 05:59:02 - INFO - 
Processing subject: 17
2025-02-17 07:11:00 - INFO - Saving results to: /home/slouviot/01_projects/eeg_brain_state_prediction/data/custom_envelope_caps/subject_level_feature_selection/sub-17_task-checker_desc-CustomEnvBk8CapsEegOnly_predictions.csv
2025-02-17 07:11:00 - INFO - 
Processing subject: 18
2025-02-17 07:36:15 - INFO - Saving results to: /home/slouviot/01_projects/eeg_brain_state_prediction/data/custom_envelope_caps/subject_level_feature_selection/sub-18_task-checker_desc-CustomEnvBk8CapsEegOnly_predictions.csv
2025-02-17 07:36:15 - INFO - 
Processing subject: 20
                                                                                                                                                                                                                                                                                     2025-02-17 08:23:49 - INFO - Saving results to: /home/slouviot/01_projects/eeg_brain_state_prediction/data/custom_envelope_caps/subject_level_feature_selection/sub-20_task-checker_desc-CustomEnvBk8CapsEegOnly_predictions.csv
2025-02-17 08:23:49 - INFO - 
Processing subject: 21
2025-02-17 09:10:46 - INFO - Saving results to: /home/slouviot/01_projects/eeg_brain_state_prediction/data/custom_envelope_caps/subject_level_feature_selection/sub-21_task-checker_desc-CustomEnvBk8CapsEegOnly_predictions.csv
2025-02-17 09:10:46 - INFO - 
Processing subject: 22
2025-02-17 09:57:04 - INFO - Saving results to: /home/slouviot/01_projects/eeg_brain_state_prediction/data/custom_envelope_caps/subject_level_feature_selection/sub-22_task-checker_desc-CustomEnvBk8CapsEegOnly_predictions.csv
2025-02-17 09:57:04 - INFO - 
Processing completed successfully
Creating BIDS architecture with parameters: {'root': PosixPath('/data2/Projects/eeg_fmri_natview/derivatives'), 'datatype': 'multimodal', 'suffix': 'multimodal', 'description': 'CustomEnvBk8Caps', 'run': '01', 'task': 'checker', 'extension': '.pkl'}
Data root path exists: True
Full data root path: /data2/Projects/eeg_fmri_natview/derivatives
Database info: (32, 14)
Processing 1 features
Processing 2 features
Processing 3 features
Processing 4 features
Processing 5 features
Processing 6 features
Processing 7 features
Processing 8 features
Processing 9 features
Processing 10 features
Processing 11 features
Processing 12 features
Processing 13 features
Processing 14 features
Processing 15 features
Processing 16 features
Processing 17 features
Processing 18 features
Processing 19 features
Processing 20 features
Processing 21 features
Processing 22 features
Processing 23 features
Processing 24 features
Processing 25 features
Processing 26 features
Processing 27 features
Processing 28 features
Processing 29 features
Processing 30 features
Processing 31 features
Processing 32 features
Processing 33 features
Processing 34 features
Processing 35 features
Processing 36 features
Processing 37 features
Processing 38 features
Processing 39 features
Processing 40 features
Processing 41 features
Processing 42 features
Processing 43 features
Processing 44 features
Processing 45 features
Processing 46 features
Processing 47 features
Processing 48 features
Processing 49 features
Processing 50 features
Saving results to: /home/slouviot/01_projects/eeg_brain_state_prediction/data/custom_envelope_caps/subject_level_feature_selection/sub-01_task-checker_desc-CustomEnvBk8CapsEegOnly_predictions.csv
File saved successfully with 400 rows
Processing 1 features
Processing 2 features
Processing 3 features
Processing 4 features
Processing 5 features
Processing 6 features
Processing 7 features
Processing 8 features
Processing 9 features
Processing 10 features
Processing 11 features
Processing 12 features
Processing 13 features
Processing 14 features
Processing 15 features
Processing 16 features
Processing 17 features
Processing 18 features
Processing 19 features
Processing 20 features
Processing 21 features
Processing 22 features
Processing 23 features
Processing 24 features
Processing 25 features
Processing 26 features
Processing 27 features
Processing 28 features
Processing 29 features
Processing 30 features
Processing 31 features
Processing 32 features
Processing 33 features
Processing 34 features
Processing 35 features
Processing 36 features
Processing 37 features
Processing 38 features
Processing 39 features
Processing 40 features
Processing 41 features
Processing 42 features
Processing 43 features
Processing 44 features
Processing 45 features
Processing 46 features
Processing 47 features
Processing 48 features
Processing 49 features
Processing 50 features
Saving results to: /home/slouviot/01_projects/eeg_brain_state_prediction/data/custom_envelope_caps/subject_level_feature_selection/sub-02_task-checker_desc-CustomEnvBk8CapsEegOnly_predictions.csv
File saved successfully with 400 rows
Processing 1 features
Processing 2 features
Processing 3 features
Processing 4 features
Processing 5 features
Processing 6 features
Processing 7 features
Processing 8 features
Processing 9 features
Processing 10 features
Processing 11 features
Processing 12 features
Processing 13 features
Processing 14 features
Processing 15 features
Processing 16 features
Processing 17 features
Processing 18 features
Processing 19 features
Processing 20 features
Processing 21 features
Processing 22 features
Processing 23 features
Processing 24 features
Processing 25 features
Processing 26 features
Processing 27 features
Processing 28 features
Processing 29 features
Processing 30 features
Processing 31 features
Processing 32 features
Processing 33 features
Processing 34 features
Processing 35 features
Processing 36 features
Processing 37 features
Processing 38 features
Processing 39 features
Processing 40 features
Processing 41 features
Processing 42 features
Processing 43 features
Processing 44 features
Processing 45 features
Processing 46 features
Processing 47 features
Processing 48 features
Processing 49 features
Processing 50 features
Saving results to: /home/slouviot/01_projects/eeg_brain_state_prediction/data/custom_envelope_caps/subject_level_feature_selection/sub-03_task-checker_desc-CustomEnvBk8CapsEegOnly_predictions.csv
File saved successfully with 0 rows
Processing 1 features
Processing 2 features
Processing 3 features
Processing 4 features
Processing 5 features
Processing 6 features
Processing 7 features
Processing 8 features
Processing 9 features
Processing 10 features
Processing 11 features
Processing 12 features
Processing 13 features
Processing 14 features
Processing 15 features
Processing 16 features
Processing 17 features
Processing 18 features
Processing 19 features
Processing 20 features
Processing 21 features
Processing 22 features
Processing 23 features
Processing 24 features
Processing 25 features
Processing 26 features
Processing 27 features
Processing 28 features
Processing 29 features
Processing 30 features
Processing 31 features
Processing 32 features
Processing 33 features
Processing 34 features
Processing 35 features
Processing 36 features
Processing 37 features
Processing 38 features
Processing 39 features
Processing 40 features
Processing 41 features
Processing 42 features
Processing 43 features
Processing 44 features
Processing 45 features
Processing 46 features
Processing 47 features
Processing 48 features
Processing 49 features
Processing 50 features
Saving results to: /home/slouviot/01_projects/eeg_brain_state_prediction/data/custom_envelope_caps/subject_level_feature_selection/sub-05_task-checker_desc-CustomEnvBk8CapsEegOnly_predictions.csv
File saved successfully with 400 rows
Processing 1 features
Processing 2 features
Processing 3 features
Processing 4 features
Processing 5 features
Processing 6 features
Processing 7 features
Processing 8 features
Processing 9 features
Processing 10 features
Processing 11 features
Processing 12 features
Processing 13 features
Processing 14 features
Processing 15 features
Processing 16 features
Processing 17 features
Processing 18 features
Processing 19 features
Processing 20 features
Processing 21 features
Processing 22 features
Processing 23 features
Processing 24 features
Processing 25 features
Processing 26 features
Processing 27 features
Processing 28 features
Processing 29 features
Processing 30 features
Processing 31 features
Processing 32 features
Processing 33 features
Processing 34 features
Processing 35 features
Processing 36 features
Processing 37 features
Processing 38 features
Processing 39 features
Processing 40 features
Processing 41 features
Processing 42 features
Processing 43 features
Processing 44 features
Processing 45 features
Processing 46 features
Processing 47 features
Processing 48 features
Processing 49 features
Processing 50 features
Saving results to: /home/slouviot/01_projects/eeg_brain_state_prediction/data/custom_envelope_caps/subject_level_feature_selection/sub-06_task-checker_desc-CustomEnvBk8CapsEegOnly_predictions.csv
File saved successfully with 800 rows
Processing 1 features
Processing 2 features
Processing 3 features
Processing 4 features
Processing 5 features
Processing 6 features
Processing 7 features
Processing 8 features
Processing 9 features
Processing 10 features
Processing 11 features
Processing 12 features
Processing 13 features
Processing 14 features
Processing 15 features
Processing 16 features
Processing 17 features
Processing 18 features
Processing 19 features
Processing 20 features
Processing 21 features
Processing 22 features
Processing 23 features
Processing 24 features
Processing 25 features
Processing 26 features
Processing 27 features
Processing 28 features
Processing 29 features
Processing 30 features
Processing 31 features
Processing 32 features
Processing 33 features
Processing 34 features
Processing 35 features
Processing 36 features
Processing 37 features
Processing 38 features
Processing 39 features
Processing 40 features
Processing 41 features
Processing 42 features
Processing 43 features
Processing 44 features
Processing 45 features
Processing 46 features
Processing 47 features
Processing 48 features
Processing 49 features
Processing 50 features
Saving results to: /home/slouviot/01_projects/eeg_brain_state_prediction/data/custom_envelope_caps/subject_level_feature_selection/sub-07_task-checker_desc-CustomEnvBk8CapsEegOnly_predictions.csv
File saved successfully with 800 rows
Processing 1 features
Processing 2 features
Processing 3 features
Processing 4 features
Processing 5 features
Processing 6 features
Processing 7 features
Processing 8 features
Processing 9 features
Processing 10 features
Processing 11 features
Processing 12 features
Processing 13 features
Processing 14 features
Processing 15 features
Processing 16 features
Processing 17 features
Processing 18 features
Processing 19 features
Processing 20 features
Processing 21 features
Processing 22 features
Processing 23 features
Processing 24 features
Processing 25 features
Processing 26 features
Processing 27 features
Processing 28 features
Processing 29 features
Processing 30 features
Processing 31 features
Processing 32 features
Processing 33 features
Processing 34 features
Processing 35 features
Processing 36 features
Processing 37 features
Processing 38 features
Processing 39 features
Processing 40 features
Processing 41 features
Processing 42 features
Processing 43 features
Processing 44 features
Processing 45 features
Processing 46 features
Processing 47 features
Processing 48 features
Processing 49 features
Processing 50 features
Saving results to: /home/slouviot/01_projects/eeg_brain_state_prediction/data/custom_envelope_caps/subject_level_feature_selection/sub-08_task-checker_desc-CustomEnvBk8CapsEegOnly_predictions.csv
File saved successfully with 800 rows
Processing 1 features
Processing 2 features
Processing 3 features
Processing 4 features
Processing 5 features
Processing 6 features
Processing 7 features
Processing 8 features
Processing 9 features
Processing 10 features
Processing 11 features
Processing 12 features
Processing 13 features
Processing 14 features
Processing 15 features
Processing 16 features
Processing 17 features
Processing 18 features
Processing 19 features
Processing 20 features
Processing 21 features
Processing 22 features
Processing 23 features
Processing 24 features
Processing 25 features
Processing 26 features
Processing 27 features
Processing 28 features
Processing 29 features
Processing 30 features
Processing 31 features
Processing 32 features
Processing 33 features
Processing 34 features
Processing 35 features
Processing 36 features
Processing 37 features
Processing 38 features
Processing 39 features
Processing 40 features
Processing 41 features
Processing 42 features
Processing 43 features
Processing 44 features
Processing 45 features
Processing 46 features
Processing 47 features
Processing 48 features
Processing 49 features
Processing 50 features
Saving results to: /home/slouviot/01_projects/eeg_brain_state_prediction/data/custom_envelope_caps/subject_level_feature_selection/sub-09_task-checker_desc-CustomEnvBk8CapsEegOnly_predictions.csv
File saved successfully with 400 rows
Processing 1 features
Processing 2 features
Processing 3 features
Processing 4 features
Processing 5 features
Processing 6 features
Processing 7 features
Processing 8 features
Processing 9 features
Processing 10 features
Processing 11 features
Processing 12 features
Processing 13 features
Processing 14 features
Processing 15 features
Processing 16 features
Processing 17 features
Processing 18 features
Processing 19 features
Processing 20 features
Processing 21 features
Processing 22 features
Processing 23 features
Processing 24 features
Processing 25 features
Processing 26 features
Processing 27 features
Processing 28 features
Processing 29 features
Processing 30 features
Processing 31 features
Processing 32 features
Processing 33 features
Processing 34 features
Processing 35 features
Processing 36 features
Processing 37 features
Processing 38 features
Processing 39 features
Processing 40 features
Processing 41 features
Processing 42 features
Processing 43 features
Processing 44 features
Processing 45 features
Processing 46 features
Processing 47 features
Processing 48 features
Processing 49 features
Processing 50 features
Saving results to: /home/slouviot/01_projects/eeg_brain_state_prediction/data/custom_envelope_caps/subject_level_feature_selection/sub-11_task-checker_desc-CustomEnvBk8CapsEegOnly_predictions.csv
File saved successfully with 800 rows
Processing 1 features
Processing 2 features
Processing 3 features
Processing 4 features
Processing 5 features
Processing 6 features
Processing 7 features
Processing 8 features
Processing 9 features
Processing 10 features
Processing 11 features
Processing 12 features
Processing 13 features
Processing 14 features
Processing 15 features
Processing 16 features
Processing 17 features
Processing 18 features
Processing 19 features
Processing 20 features
Processing 21 features
Processing 22 features
Processing 23 features
Processing 24 features
Processing 25 features
Processing 26 features
Processing 27 features
Processing 28 features
Processing 29 features
Processing 30 features
Processing 31 features
Processing 32 features
Processing 33 features
Processing 34 features
Processing 35 features
Processing 36 features
Processing 37 features
Processing 38 features
Processing 39 features
Processing 40 features
Processing 41 features
Processing 42 features
Processing 43 features
Processing 44 features
Processing 45 features
Processing 46 features
Processing 47 features
Processing 48 features
Processing 49 features
Processing 50 features
Saving results to: /home/slouviot/01_projects/eeg_brain_state_prediction/data/custom_envelope_caps/subject_level_feature_selection/sub-12_task-checker_desc-CustomEnvBk8CapsEegOnly_predictions.csv
File saved successfully with 800 rows
Processing 1 features
Processing 2 features
Processing 3 features
Processing 4 features
Processing 5 features
Processing 6 features
Processing 7 features
Processing 8 features
Processing 9 features
Processing 10 features
Processing 11 features
Processing 12 features
Processing 13 features
Processing 14 features
Processing 15 features
Processing 16 features
Processing 17 features
Processing 18 features
Processing 19 features
Processing 20 features
Processing 21 features
Processing 22 features
Processing 23 features
Processing 24 features
Processing 25 features
Processing 26 features
Processing 27 features
Processing 28 features
Processing 29 features
Processing 30 features
Processing 31 features
Processing 32 features
Processing 33 features
Processing 34 features
Processing 35 features
Processing 36 features
Processing 37 features
Processing 38 features
Processing 39 features
Processing 40 features
Processing 41 features
Processing 42 features
Processing 43 features
Processing 44 features
Processing 45 features
Processing 46 features
Processing 47 features
Processing 48 features
Processing 49 features
Processing 50 features
Saving results to: /home/slouviot/01_projects/eeg_brain_state_prediction/data/custom_envelope_caps/subject_level_feature_selection/sub-13_task-checker_desc-CustomEnvBk8CapsEegOnly_predictions.csv
File saved successfully with 800 rows
Processing 1 features
Processing 2 features
Processing 3 features
Processing 4 features
Processing 5 features
Processing 6 features
Processing 7 features
Processing 8 features
Processing 9 features
Processing 10 features
Processing 11 features
Processing 12 features
Processing 13 features
Processing 14 features
Processing 15 features
Processing 16 features
Processing 17 features
Processing 18 features
Processing 19 features
Processing 20 features
Processing 21 features
Processing 22 features
Processing 23 features
Processing 24 features
Processing 25 features
Processing 26 features
Processing 27 features
Processing 28 features
Processing 29 features
Processing 30 features
Processing 31 features
Processing 32 features
Processing 33 features
Processing 34 features
Processing 35 features
Processing 36 features
Processing 37 features
Processing 38 features
Processing 39 features
Processing 40 features
Processing 41 features
Processing 42 features
Processing 43 features
Processing 44 features
Processing 45 features
Processing 46 features
Processing 47 features
Processing 48 features
Processing 49 features
Processing 50 features
Saving results to: /home/slouviot/01_projects/eeg_brain_state_prediction/data/custom_envelope_caps/subject_level_feature_selection/sub-14_task-checker_desc-CustomEnvBk8CapsEegOnly_predictions.csv
File saved successfully with 800 rows
Processing 1 features
Processing 2 features
Processing 3 features
Processing 4 features
Processing 5 features
Processing 6 features
Processing 7 features
Processing 8 features
Processing 9 features
Processing 10 features
Processing 11 features
Processing 12 features
Processing 13 features
Processing 14 features
Processing 15 features
Processing 16 features
Processing 17 features
Processing 18 features
Processing 19 features
Processing 20 features
Processing 21 features
Processing 22 features
Processing 23 features
Processing 24 features
Processing 25 features
Processing 26 features
Processing 27 features
Processing 28 features
Processing 29 features
Processing 30 features
Processing 31 features
Processing 32 features
Processing 33 features
Processing 34 features
Processing 35 features
Processing 36 features
Processing 37 features
Processing 38 features
Processing 39 features
Processing 40 features
Processing 41 features
Processing 42 features
Processing 43 features
Processing 44 features
Processing 45 features
Processing 46 features
Processing 47 features
Processing 48 features
Processing 49 features
Processing 50 features
Saving results to: /home/slouviot/01_projects/eeg_brain_state_prediction/data/custom_envelope_caps/subject_level_feature_selection/sub-15_task-checker_desc-CustomEnvBk8CapsEegOnly_predictions.csv
File saved successfully with 800 rows
Processing 1 features
Processing 2 features
Processing 3 features
Processing 4 features
Processing 5 features
Processing 6 features
Processing 7 features
Processing 8 features
Processing 9 features
Processing 10 features
Processing 11 features
Processing 12 features
Processing 13 features
Processing 14 features
Processing 15 features
Processing 16 features
Processing 17 features
Processing 18 features
Processing 19 features
Processing 20 features
Processing 21 features
Processing 22 features
Processing 23 features
Processing 24 features
Processing 25 features
Processing 26 features
Processing 27 features
Processing 28 features
Processing 29 features
Processing 30 features
Processing 31 features
Processing 32 features
Processing 33 features
Processing 34 features
Processing 35 features
Processing 36 features
Processing 37 features
Processing 38 features
Processing 39 features
Processing 40 features
Processing 41 features
Processing 42 features
Processing 43 features
Processing 44 features
Processing 45 features
Processing 46 features
Processing 47 features
Processing 48 features
Processing 49 features
Processing 50 features
Saving results to: /home/slouviot/01_projects/eeg_brain_state_prediction/data/custom_envelope_caps/subject_level_feature_selection/sub-16_task-checker_desc-CustomEnvBk8CapsEegOnly_predictions.csv
File saved successfully with 400 rows
Processing 1 features
Processing 2 features
Processing 3 features
Processing 4 features
Processing 5 features
Processing 6 features
Processing 7 features
Processing 8 features
Processing 9 features
Processing 10 features
Processing 11 features
Processing 12 features
Processing 13 features
Processing 14 features
Processing 15 features
Processing 16 features
Processing 17 features
Processing 18 features
Processing 19 features
Processing 20 features
Processing 21 features
Processing 22 features
Processing 23 features
Processing 24 features
Processing 25 features
Processing 26 features
Processing 27 features
Processing 28 features
Processing 29 features
Processing 30 features
Processing 31 features
Processing 32 features
Processing 33 features
Processing 34 features
Processing 35 features
Processing 36 features
Processing 37 features
Processing 38 features
Processing 39 features
Processing 40 features
Processing 41 features
Processing 42 features
Processing 43 features
Processing 44 features
Processing 45 features
Processing 46 features
Processing 47 features
Processing 48 features
Processing 49 features
Processing 50 features
Saving results to: /home/slouviot/01_projects/eeg_brain_state_prediction/data/custom_envelope_caps/subject_level_feature_selection/sub-17_task-checker_desc-CustomEnvBk8CapsEegOnly_predictions.csv
File saved successfully with 1200 rows
Processing 1 features
Processing 2 features
Processing 3 features
Processing 4 features
Processing 5 features
Processing 6 features
Processing 7 features
Processing 8 features
Processing 9 features
Processing 10 features
Processing 11 features
Processing 12 features
Processing 13 features
Processing 14 features
Processing 15 features
Processing 16 features
Processing 17 features
Processing 18 features
Processing 19 features
Processing 20 features
Processing 21 features
Processing 22 features
Processing 23 features
Processing 24 features
Processing 25 features
Processing 26 features
Processing 27 features
Processing 28 features
Processing 29 features
Processing 30 features
Processing 31 features
Processing 32 features
Processing 33 features
Processing 34 features
Processing 35 features
Processing 36 features
Processing 37 features
Processing 38 features
Processing 39 features
Processing 40 features
Processing 41 features
Processing 42 features
Processing 43 features
Processing 44 features
Processing 45 features
Processing 46 features
Processing 47 features
Processing 48 features
Processing 49 features
Processing 50 features
Saving results to: /home/slouviot/01_projects/eeg_brain_state_prediction/data/custom_envelope_caps/subject_level_feature_selection/sub-18_task-checker_desc-CustomEnvBk8CapsEegOnly_predictions.csv
File saved successfully with 400 rows
Processing 1 features
Processing 2 features
Processing 3 features
Processing 4 features
Processing 5 features
Processing 6 features
Processing 7 features
Processing 8 features
Processing 9 features
Processing 10 features
Processing 11 features
Processing 12 features
Processing 13 features
Processing 14 features
Processing 15 features
Processing 16 features
Processing 17 features
Processing 18 features
Processing 19 features
Processing 20 features
Processing 21 features
Processing 22 features
Processing 23 features
Processing 24 features
Processing 25 features
Processing 26 features
Processing 27 features
Processing 28 features
Processing 29 features
Processing 30 features
Processing 31 features
Processing 32 features
Processing 33 features
Processing 34 features
Processing 35 features
Processing 36 features
Processing 37 features
Processing 38 features
Processing 39 features
Processing 40 features
Processing 41 features
Processing 42 features
Processing 43 features
Processing 44 features
Processing 45 features
Processing 46 features
Processing 47 features
Processing 48 features
Processing 49 features
Processing 50 features
Saving results to: /home/slouviot/01_projects/eeg_brain_state_prediction/data/custom_envelope_caps/subject_level_feature_selection/sub-20_task-checker_desc-CustomEnvBk8CapsEegOnly_predictions.csv
File saved successfully with 800 rows
Processing 1 features
Processing 2 features
Processing 3 features
Processing 4 features
Processing 5 features
Processing 6 features
Processing 7 features
Processing 8 features
Processing 9 features
Processing 10 features
Processing 11 features
Processing 12 features
Processing 13 features
Processing 14 features
Processing 15 features
Processing 16 features
Processing 17 features
Processing 18 features
Processing 19 features
Processing 20 features
Processing 21 features
Processing 22 features
Processing 23 features
Processing 24 features
Processing 25 features
Processing 26 features
Processing 27 features
Processing 28 features
Processing 29 features
Processing 30 features
Processing 31 features
Processing 32 features
Processing 33 features
Processing 34 features
Processing 35 features
Processing 36 features
Processing 37 features
Processing 38 features
Processing 39 features
Processing 40 features
Processing 41 features
Processing 42 features
Processing 43 features
Processing 44 features
Processing 45 features
Processing 46 features
Processing 47 features
Processing 48 features
Processing 49 features
Processing 50 features
Saving results to: /home/slouviot/01_projects/eeg_brain_state_prediction/data/custom_envelope_caps/subject_level_feature_selection/sub-21_task-checker_desc-CustomEnvBk8CapsEegOnly_predictions.csv
File saved successfully with 800 rows
Processing 1 features
Processing 2 features
Processing 3 features
Processing 4 features
Processing 5 features
Processing 6 features
Processing 7 features
Processing 8 features
Processing 9 features
Processing 10 features
Processing 11 features
Processing 12 features
Processing 13 features
Processing 14 features
Processing 15 features
Processing 16 features
Processing 17 features
Processing 18 features
Processing 19 features
Processing 20 features
Processing 21 features
Processing 22 features
Processing 23 features
Processing 24 features
Processing 25 features
Processing 26 features
Processing 27 features
Processing 28 features
Processing 29 features
Processing 30 features
Processing 31 features
Processing 32 features
Processing 33 features
Processing 34 features
Processing 35 features
Processing 36 features
Processing 37 features
Processing 38 features
Processing 39 features
Processing 40 features
Processing 41 features
Processing 42 features
Processing 43 features
Processing 44 features
Processing 45 features
Processing 46 features
Processing 47 features
Processing 48 features
Processing 49 features
Processing 50 features
Saving results to: /home/slouviot/01_projects/eeg_brain_state_prediction/data/custom_envelope_caps/subject_level_feature_selection/sub-22_task-checker_desc-CustomEnvBk8CapsEegOnly_predictions.csv
File saved successfully with 800 rows
2025-02-17 11:18:10 - INFO - Saving results to: /home/slouviot/01_projects/eeg_brain_state_prediction/data/custom_envelope_caps/subject_level_feature_selection/sub-16_task-rest_desc-CustomEnvBk8CapsWithPupil_predictions.csv
2025-02-17 11:18:11 - INFO - 
Processing subject: 17
2025-02-17 18:23:02 - INFO - Saving results to: /home/slouviot/01_projects/eeg_brain_state_prediction/data/custom_envelope_caps/subject_level_feature_selection/sub-17_task-rest_desc-CustomEnvBk8CapsWithPupil_predictions.csv
2025-02-17 18:23:02 - INFO - 
Processing subject: 18
2025-02-17 19:30:47 - INFO - Saving results to: /home/slouviot/01_projects/eeg_brain_state_prediction/data/custom_envelope_caps/subject_level_feature_selection/sub-18_task-rest_desc-CustomEnvBk8CapsWithPupil_predictions.csv
2025-02-17 19:30:47 - INFO - 
Processing subject: 20
2025-02-17 22:34:39 - INFO - Saving results to: /home/slouviot/01_projects/eeg_brain_state_prediction/data/custom_envelope_caps/subject_level_feature_selection/sub-20_task-rest_desc-CustomEnvBk8CapsWithPupil_predictions.csv
2025-02-17 22:34:39 - INFO - 
Processing subject: 21
2025-02-18 02:41:12 - INFO - Saving results to: /home/slouviot/01_projects/eeg_brain_state_prediction/data/custom_envelope_caps/subject_level_feature_selection/sub-21_task-rest_desc-CustomEnvBk8CapsWithPupil_predictions.csv
2025-02-18 02:41:12 - INFO - 
Processing subject: 22
2025-02-18 05:29:58 - INFO - Saving results to: /home/slouviot/01_projects/eeg_brain_state_prediction/data/custom_envelope_caps/subject_level_feature_selection/sub-22_task-rest_desc-CustomEnvBk8CapsWithPupil_predictions.csv
2025-02-18 05:29:58 - INFO - 
Processing completed successfully
Creating BIDS architecture with parameters: {'root': PosixPath('/data2/Projects/eeg_fmri_natview/derivatives'), 'datatype': 'multimodal', 'suffix': 'multimodal', 'description': 'CustomEnvBk8Caps', 'run': '01', 'task': 'rest', 'extension': '.pkl'}
Data root path exists: True
Full data root path: /data2/Projects/eeg_fmri_natview/derivatives
Database info: (32, 14)
Processing 1 features
Processing 2 features
Processing 3 features
Processing 4 features
Processing 5 features
Processing 6 features
Processing 7 features
Processing 8 features
Processing 9 features
Processing 10 features
Processing 11 features
Processing 12 features
Processing 13 features
Processing 14 features
Processing 15 features
Processing 16 features
Processing 17 features
Processing 18 features
Processing 19 features
Processing 20 features
Processing 21 features
Processing 22 features
Processing 23 features
Processing 24 features
Processing 25 features
Processing 26 features
Processing 27 features
Processing 28 features
Processing 29 features
Processing 30 features
Processing 31 features
Processing 32 features
Processing 33 features
Processing 34 features
Processing 35 features
Processing 36 features
Processing 37 features
Processing 38 features
Processing 39 features
Processing 40 features
Processing 41 features
Processing 42 features
Processing 43 features
Processing 44 features
Processing 45 features
Processing 46 features
Processing 47 features
Processing 48 features
Processing 49 features
Processing 50 features
Saving results to: /home/slouviot/01_projects/eeg_brain_state_prediction/data/custom_envelope_caps/subject_level_feature_selection/sub-01_task-rest_desc-CustomEnvBk8CapsWithPupil_predictions.csv
File saved successfully with 400 rows
Processing 1 features
Processing 2 features
Processing 3 features
Processing 4 features
Processing 5 features
Processing 6 features
Processing 7 features
Processing 8 features
Processing 9 features
Processing 10 features
Processing 11 features
Processing 12 features
Processing 13 features
Processing 14 features
Processing 15 features
Processing 16 features
Processing 17 features
Processing 18 features
Processing 19 features
Processing 20 features
Processing 21 features
Processing 22 features
Processing 23 features
Processing 24 features
Processing 25 features
Processing 26 features
Processing 27 features
Processing 28 features
Processing 29 features
Processing 30 features
Processing 31 features
Processing 32 features
Processing 33 features
Processing 34 features
Processing 35 features
Processing 36 features
Processing 37 features
Processing 38 features
Processing 39 features
Processing 40 features
Processing 41 features
Processing 42 features
Processing 43 features
Processing 44 features
Processing 45 features
Processing 46 features
Processing 47 features
Processing 48 features
Processing 49 features
Processing 50 features
Saving results to: /home/slouviot/01_projects/eeg_brain_state_prediction/data/custom_envelope_caps/subject_level_feature_selection/sub-02_task-rest_desc-CustomEnvBk8CapsWithPupil_predictions.csv
File saved successfully with 400 rows
Processing 1 features
Processing 2 features
Processing 3 features
Processing 4 features
Processing 5 features
Processing 6 features
Processing 7 features
Processing 8 features
Processing 9 features
Processing 10 features
Processing 11 features
Processing 12 features
Processing 13 features
Processing 14 features
Processing 15 features
Processing 16 features
Processing 17 features
Processing 18 features
Processing 19 features
Processing 20 features
Processing 21 features
Processing 22 features
Processing 23 features
Processing 24 features
Processing 25 features
Processing 26 features
Processing 27 features
Processing 28 features
Processing 29 features
Processing 30 features
Processing 31 features
Processing 32 features
Processing 33 features
Processing 34 features
Processing 35 features
Processing 36 features
Processing 37 features
Processing 38 features
Processing 39 features
Processing 40 features
Processing 41 features
Processing 42 features
Processing 43 features
Processing 44 features
Processing 45 features
Processing 46 features
Processing 47 features
Processing 48 features
Processing 49 features
Processing 50 features
Saving results to: /home/slouviot/01_projects/eeg_brain_state_prediction/data/custom_envelope_caps/subject_level_feature_selection/sub-04_task-rest_desc-CustomEnvBk8CapsWithPupil_predictions.csv
File saved successfully with 800 rows
Processing 1 features
Processing 2 features
Processing 3 features
Processing 4 features
Processing 5 features
Processing 6 features
Processing 7 features
Processing 8 features
Processing 9 features
Processing 10 features
Processing 11 features
Processing 12 features
Processing 13 features
Processing 14 features
Processing 15 features
Processing 16 features
Processing 17 features
Processing 18 features
Processing 19 features
Processing 20 features
Processing 21 features
Processing 22 features
Processing 23 features
Processing 24 features
Processing 25 features
Processing 26 features
Processing 27 features
Processing 28 features
Processing 29 features
Processing 30 features
Processing 31 features
Processing 32 features
Processing 33 features
Processing 34 features
Processing 35 features
Processing 36 features
Processing 37 features
Processing 38 features
Processing 39 features
Processing 40 features
Processing 41 features
Processing 42 features
Processing 43 features
Processing 44 features
Processing 45 features
Processing 46 features
Processing 47 features
Processing 48 features
Processing 49 features
Processing 50 features
Saving results to: /home/slouviot/01_projects/eeg_brain_state_prediction/data/custom_envelope_caps/subject_level_feature_selection/sub-06_task-rest_desc-CustomEnvBk8CapsWithPupil_predictions.csv
File saved successfully with 800 rows
Processing 1 features
Processing 2 features
Processing 3 features
Processing 4 features
Processing 5 features
Processing 6 features
Processing 7 features
Processing 8 features
Processing 9 features
Processing 10 features
Processing 11 features
Processing 12 features
Processing 13 features
Processing 14 features
Processing 15 features
Processing 16 features
Processing 17 features
Processing 18 features
Processing 19 features
Processing 20 features
Processing 21 features
Processing 22 features
Processing 23 features
Processing 24 features
Processing 25 features
Processing 26 features
Processing 27 features
Processing 28 features
Processing 29 features
Processing 30 features
Processing 31 features
Processing 32 features
Processing 33 features
Processing 34 features
Processing 35 features
Processing 36 features
Processing 37 features
Processing 38 features
Processing 39 features
Processing 40 features
Processing 41 features
Processing 42 features
Processing 43 features
Processing 44 features
Processing 45 features
Processing 46 features
Processing 47 features
Processing 48 features
Processing 49 features
Processing 50 features
Saving results to: /home/slouviot/01_projects/eeg_brain_state_prediction/data/custom_envelope_caps/subject_level_feature_selection/sub-07_task-rest_desc-CustomEnvBk8CapsWithPupil_predictions.csv
File saved successfully with 800 rows
Processing 1 features
Processing 2 features
Processing 3 features
Processing 4 features
Processing 5 features
Processing 6 features
Processing 7 features
Processing 8 features
Processing 9 features
Processing 10 features
Processing 11 features
Processing 12 features
Processing 13 features
Processing 14 features
Processing 15 features
Processing 16 features
Processing 17 features
Processing 18 features
Processing 19 features
Processing 20 features
Processing 21 features
Processing 22 features
Processing 23 features
Processing 24 features
Processing 25 features
Processing 26 features
Processing 27 features
Processing 28 features
Processing 29 features
Processing 30 features
Processing 31 features
Processing 32 features
Processing 33 features
Processing 34 features
Processing 35 features
Processing 36 features
Processing 37 features
Processing 38 features
Processing 39 features
Processing 40 features
Processing 41 features
Processing 42 features
Processing 43 features
Processing 44 features
Processing 45 features
Processing 46 features
Processing 47 features
Processing 48 features
Processing 49 features
Processing 50 features
Saving results to: /home/slouviot/01_projects/eeg_brain_state_prediction/data/custom_envelope_caps/subject_level_feature_selection/sub-08_task-rest_desc-CustomEnvBk8CapsWithPupil_predictions.csv
File saved successfully with 800 rows
Processing 1 features
Processing 2 features
Processing 3 features
Processing 4 features
Processing 5 features
Processing 6 features
Processing 7 features
Processing 8 features
Processing 9 features
Processing 10 features
Processing 11 features
Processing 12 features
Processing 13 features
Processing 14 features
Processing 15 features
Processing 16 features
Processing 17 features
Processing 18 features
Processing 19 features
Processing 20 features
Processing 21 features
Processing 22 features
Processing 23 features
Processing 24 features
Processing 25 features
Processing 26 features
Processing 27 features
Processing 28 features
Processing 29 features
Processing 30 features
Processing 31 features
Processing 32 features
Processing 33 features
Processing 34 features
Processing 35 features
Processing 36 features
Processing 37 features
Processing 38 features
Processing 39 features
Processing 40 features
Processing 41 features
Processing 42 features
Processing 43 features
Processing 44 features
Processing 45 features
Processing 46 features
Processing 47 features
Processing 48 features
Processing 49 features
Processing 50 features
Saving results to: /home/slouviot/01_projects/eeg_brain_state_prediction/data/custom_envelope_caps/subject_level_feature_selection/sub-09_task-rest_desc-CustomEnvBk8CapsWithPupil_predictions.csv
File saved successfully with 400 rows
Processing 1 features
Processing 2 features
Processing 3 features
Processing 4 features
Processing 5 features
Processing 6 features
Processing 7 features
Processing 8 features
Processing 9 features
Processing 10 features
Processing 11 features
Processing 12 features
Processing 13 features
Processing 14 features
Processing 15 features
Processing 16 features
Processing 17 features
Processing 18 features
Processing 19 features
Processing 20 features
Processing 21 features
Processing 22 features
Processing 23 features
Processing 24 features
Processing 25 features
Processing 26 features
Processing 27 features
Processing 28 features
Processing 29 features
Processing 30 features
Processing 31 features
Processing 32 features
Processing 33 features
Processing 34 features
Processing 35 features
Processing 36 features
Processing 37 features
Processing 38 features
Processing 39 features
Processing 40 features
Processing 41 features
Processing 42 features
Processing 43 features
Processing 44 features
Processing 45 features
Processing 46 features
Processing 47 features
Processing 48 features
Processing 49 features
Processing 50 features
Saving results to: /home/slouviot/01_projects/eeg_brain_state_prediction/data/custom_envelope_caps/subject_level_feature_selection/sub-11_task-rest_desc-CustomEnvBk8CapsWithPupil_predictions.csv
File saved successfully with 400 rows
Processing 1 features
Processing 2 features
Processing 3 features
Processing 4 features
Processing 5 features
Processing 6 features
Processing 7 features
Processing 8 features
Processing 9 features
Processing 10 features
Processing 11 features
Processing 12 features
Processing 13 features
Processing 14 features
Processing 15 features
Processing 16 features
Processing 17 features
Processing 18 features
Processing 19 features
Processing 20 features
Processing 21 features
Processing 22 features
Processing 23 features
Processing 24 features
Processing 25 features
Processing 26 features
Processing 27 features
Processing 28 features
Processing 29 features
Processing 30 features
Processing 31 features
Processing 32 features
Processing 33 features
Processing 34 features
Processing 35 features
Processing 36 features
Processing 37 features
Processing 38 features
Processing 39 features
Processing 40 features
Processing 41 features
Processing 42 features
Processing 43 features
Processing 44 features
Processing 45 features
Processing 46 features
Processing 47 features
Processing 48 features
Processing 49 features
Processing 50 features
Saving results to: /home/slouviot/01_projects/eeg_brain_state_prediction/data/custom_envelope_caps/subject_level_feature_selection/sub-12_task-rest_desc-CustomEnvBk8CapsWithPupil_predictions.csv
File saved successfully with 800 rows
Processing 1 features
Processing 2 features
Processing 3 features
Processing 4 features
Processing 5 features
Processing 6 features
Processing 7 features
Processing 8 features
Processing 9 features
Processing 10 features
Processing 11 features
Processing 12 features
Processing 13 features
Processing 14 features
Processing 15 features
Processing 16 features
Processing 17 features
Processing 18 features
Processing 19 features
Processing 20 features
Processing 21 features
Processing 22 features
Processing 23 features
Processing 24 features
Processing 25 features
Processing 26 features
Processing 27 features
Processing 28 features
Processing 29 features
Processing 30 features
Processing 31 features
Processing 32 features
Processing 33 features
Processing 34 features
Processing 35 features
Processing 36 features
Processing 37 features
Processing 38 features
Processing 39 features
Processing 40 features
Processing 41 features
Processing 42 features
Processing 43 features
Processing 44 features
Processing 45 features
Processing 46 features
Processing 47 features
Processing 48 features
Processing 49 features
Processing 50 features
Saving results to: /home/slouviot/01_projects/eeg_brain_state_prediction/data/custom_envelope_caps/subject_level_feature_selection/sub-13_task-rest_desc-CustomEnvBk8CapsWithPupil_predictions.csv
File saved successfully with 800 rows
Processing 1 features
Processing 2 features
Processing 3 features
Processing 4 features
Processing 5 features
Processing 6 features
Processing 7 features
Processing 8 features
Processing 9 features
Processing 10 features
Processing 11 features
Processing 12 features
Processing 13 features
Processing 14 features
Processing 15 features
Processing 16 features
Processing 17 features
Processing 18 features
Processing 19 features
Processing 20 features
Processing 21 features
Processing 22 features
Processing 23 features
Processing 24 features
Processing 25 features
Processing 26 features
Processing 27 features
Processing 28 features
Processing 29 features
Processing 30 features
Processing 31 features
Processing 32 features
Processing 33 features
Processing 34 features
Processing 35 features
Processing 36 features
Processing 37 features
Processing 38 features
Processing 39 features
Processing 40 features
Processing 41 features
Processing 42 features
Processing 43 features
Processing 44 features
Processing 45 features
Processing 46 features
Processing 47 features
Processing 48 features
Processing 49 features
Processing 50 features
Saving results to: /home/slouviot/01_projects/eeg_brain_state_prediction/data/custom_envelope_caps/subject_level_feature_selection/sub-14_task-rest_desc-CustomEnvBk8CapsWithPupil_predictions.csv
File saved successfully with 800 rows
Processing 1 features
Processing 2 features
Processing 3 features
Processing 4 features
Processing 5 features
Processing 6 features
Processing 7 features
Processing 8 features
Processing 9 features
Processing 10 features
Processing 11 features
Processing 12 features
Processing 13 features
Processing 14 features
Processing 15 features
Processing 16 features
Processing 17 features
Processing 18 features
Processing 19 features
Processing 20 features
Processing 21 features
Processing 22 features
Processing 23 features
Processing 24 features
Processing 25 features
Processing 26 features
Processing 27 features
Processing 28 features
Processing 29 features
Processing 30 features
Processing 31 features
Processing 32 features
Processing 33 features
Processing 34 features
Processing 35 features
Processing 36 features
Processing 37 features
Processing 38 features
Processing 39 features
Processing 40 features
Processing 41 features
Processing 42 features
Processing 43 features
Processing 44 features
Processing 45 features
Processing 46 features
Processing 47 features
Processing 48 features
Processing 49 features
Processing 50 features
Saving results to: /home/slouviot/01_projects/eeg_brain_state_prediction/data/custom_envelope_caps/subject_level_feature_selection/sub-15_task-rest_desc-CustomEnvBk8CapsWithPupil_predictions.csv
File saved successfully with 800 rows
Processing 1 features
Processing 2 features
Processing 3 features
Processing 4 features
Processing 5 features
Processing 6 features
Processing 7 features
Processing 8 features
Processing 9 features
Processing 10 features
Processing 11 features
Processing 12 features
Processing 13 features
Processing 14 features
Processing 15 features
Processing 16 features
Processing 17 features
Processing 18 features
Processing 19 features
Processing 20 features
Processing 21 features
Processing 22 features
Processing 23 features
Processing 24 features
Processing 25 features
Processing 26 features
Processing 27 features
Processing 28 features
Processing 29 features
Processing 30 features
Processing 31 features
Processing 32 features
Processing 33 features
Processing 34 features
Processing 35 features
Processing 36 features
Processing 37 features
Processing 38 features
Processing 39 features
Processing 40 features
Processing 41 features
Processing 42 features
Processing 43 features
Processing 44 features
Processing 45 features
Processing 46 features
Processing 47 features
Processing 48 features
Processing 49 features
Processing 50 features
Saving results to: /home/slouviot/01_projects/eeg_brain_state_prediction/data/custom_envelope_caps/subject_level_feature_selection/sub-16_task-rest_desc-CustomEnvBk8CapsWithPupil_predictions.csv
File saved successfully with 800 rows
Processing 1 features
Processing 2 features
Processing 3 features
Processing 4 features
Processing 5 features
Processing 6 features
Processing 7 features
Processing 8 features
Processing 9 features
Processing 10 features
Processing 11 features
Processing 12 features
Processing 13 features
Processing 14 features
Processing 15 features
Processing 16 features
Processing 17 features
Processing 18 features
Processing 19 features
Processing 20 features
Processing 21 features
Processing 22 features
Processing 23 features
Processing 24 features
Processing 25 features
Processing 26 features
Processing 27 features
Processing 28 features
Processing 29 features
Processing 30 features
Processing 31 features
Processing 32 features
Processing 33 features
Processing 34 features
Processing 35 features
Processing 36 features
Processing 37 features
Processing 38 features
Processing 39 features
Processing 40 features
Processing 41 features
Processing 42 features
Processing 43 features
Processing 44 features
Processing 45 features
Processing 46 features
Processing 47 features
Processing 48 features
Processing 49 features
Processing 50 features
Saving results to: /home/slouviot/01_projects/eeg_brain_state_prediction/data/custom_envelope_caps/subject_level_feature_selection/sub-17_task-rest_desc-CustomEnvBk8CapsWithPupil_predictions.csv
File saved successfully with 1200 rows
Processing 1 features
Processing 2 features
Processing 3 features
Processing 4 features
Processing 5 features
Processing 6 features
Processing 7 features
Processing 8 features
Processing 9 features
Processing 10 features
Processing 11 features
Processing 12 features
Processing 13 features
Processing 14 features
Processing 15 features
Processing 16 features
Processing 17 features
Processing 18 features
Processing 19 features
Processing 20 features
Processing 21 features
Processing 22 features
Processing 23 features
Processing 24 features
Processing 25 features
Processing 26 features
Processing 27 features
Processing 28 features
Processing 29 features
Processing 30 features
Processing 31 features
Processing 32 features
Processing 33 features
Processing 34 features
Processing 35 features
Processing 36 features
Processing 37 features
Processing 38 features
Processing 39 features
Processing 40 features
Processing 41 features
Processing 42 features
Processing 43 features
Processing 44 features
Processing 45 features
Processing 46 features
Processing 47 features
Processing 48 features
Processing 49 features
Processing 50 features
Saving results to: /home/slouviot/01_projects/eeg_brain_state_prediction/data/custom_envelope_caps/subject_level_feature_selection/sub-18_task-rest_desc-CustomEnvBk8CapsWithPupil_predictions.csv
File saved successfully with 400 rows
Processing 1 features
Processing 2 features
Processing 3 features
Processing 4 features
Processing 5 features
Processing 6 features
Processing 7 features
Processing 8 features
Processing 9 features
Processing 10 features
Processing 11 features
Processing 12 features
Processing 13 features
Processing 14 features
Processing 15 features
Processing 16 features
Processing 17 features
Processing 18 features
Processing 19 features
Processing 20 features
Processing 21 features
Processing 22 features
Processing 23 features
Processing 24 features
Processing 25 features
Processing 26 features
Processing 27 features
Processing 28 features
Processing 29 features
Processing 30 features
Processing 31 features
Processing 32 features
Processing 33 features
Processing 34 features
Processing 35 features
Processing 36 features
Processing 37 features
Processing 38 features
Processing 39 features
Processing 40 features
Processing 41 features
Processing 42 features
Processing 43 features
Processing 44 features
Processing 45 features
Processing 46 features
Processing 47 features
Processing 48 features
Processing 49 features
Processing 50 features
Saving results to: /home/slouviot/01_projects/eeg_brain_state_prediction/data/custom_envelope_caps/subject_level_feature_selection/sub-20_task-rest_desc-CustomEnvBk8CapsWithPupil_predictions.csv
File saved successfully with 800 rows
Processing 1 features
Processing 2 features
Processing 3 features
Processing 4 features
Processing 5 features
Processing 6 features
Processing 7 features
Processing 8 features
Processing 9 features
Processing 10 features
Processing 11 features
Processing 12 features
Processing 13 features
Processing 14 features
Processing 15 features
Processing 16 features
Processing 17 features
Processing 18 features
Processing 19 features
Processing 20 features
Processing 21 features
Processing 22 features
Processing 23 features
Processing 24 features
Processing 25 features
Processing 26 features
Processing 27 features
Processing 28 features
Processing 29 features
Processing 30 features
Processing 31 features
Processing 32 features
Processing 33 features
Processing 34 features
Processing 35 features
Processing 36 features
Processing 37 features
Processing 38 features
Processing 39 features
Processing 40 features
Processing 41 features
Processing 42 features
Processing 43 features
Processing 44 features
Processing 45 features
Processing 46 features
Processing 47 features
Processing 48 features
Processing 49 features
Processing 50 features
Saving results to: /home/slouviot/01_projects/eeg_brain_state_prediction/data/custom_envelope_caps/subject_level_feature_selection/sub-21_task-rest_desc-CustomEnvBk8CapsWithPupil_predictions.csv
File saved successfully with 800 rows
Processing 1 features
Processing 2 features
Processing 3 features
Processing 4 features
Processing 5 features
Processing 6 features
Processing 7 features
Processing 8 features
Processing 9 features
Processing 10 features
Processing 11 features
Processing 12 features
Processing 13 features
Processing 14 features
Processing 15 features
Processing 16 features
Processing 17 features
Processing 18 features
Processing 19 features
Processing 20 features
Processing 21 features
Processing 22 features
Processing 23 features
Processing 24 features
Processing 25 features
Processing 26 features
Processing 27 features
Processing 28 features
Processing 29 features
Processing 30 features
Processing 31 features
Processing 32 features
Processing 33 features
Processing 34 features
Processing 35 features
Processing 36 features
Processing 37 features
Processing 38 features
Processing 39 features
Processing 40 features
Processing 41 features
Processing 42 features
Processing 43 features
Processing 44 features
Processing 45 features
Processing 46 features
Processing 47 features
Processing 48 features
Processing 49 features
Processing 50 features
Saving results to: /home/slouviot/01_projects/eeg_brain_state_prediction/data/custom_envelope_caps/subject_level_feature_selection/sub-22_task-rest_desc-CustomEnvBk8CapsWithPupil_predictions.csv
File saved successfully with 800 rows
Error.  nthreads cannot be larger than environment variable "NUMEXPR_MAX_THREADS" (64)2025-02-18 09:32:31 - INFO - Starting processing with task: checker, description: CustomEnvBk8Caps
2025-02-18 09:32:31 - INFO - 
Config Debug:
2025-02-18 09:32:31 - INFO - Code root: /home/slouviot/01_projects/eeg_brain_state_prediction
2025-02-18 09:32:31 - INFO - Data root: /data2/Projects/eeg_fmri_natview/derivatives
2025-02-18 09:32:31 - INFO - Data directory: data/custom_envelope_caps/subject_level_feature_selection
2025-02-18 09:32:31 - INFO - Found 19 subjects to process
2025-02-18 09:32:31 - INFO - 
Processing subject: 01
2025-02-18 09:56:06 - INFO - Saving results to: /home/slouviot/01_projects/eeg_brain_state_prediction/data/custom_envelope_caps/subject_level_feature_selection/sub-01_task-checker_desc-CustomEnvBk8CapsWithPupil_predictions.csv
2025-02-18 09:56:06 - INFO - 
Processing subject: 02
2025-02-18 10:19:27 - INFO - Saving results to: /home/slouviot/01_projects/eeg_brain_state_prediction/data/custom_envelope_caps/subject_level_feature_selection/sub-02_task-checker_desc-CustomEnvBk8CapsWithPupil_predictions.csv
2025-02-18 10:19:27 - INFO - 
Processing subject: 03
2025-02-18 10:26:44 - INFO - Saving results to: /home/slouviot/01_projects/eeg_brain_state_prediction/data/custom_envelope_caps/subject_level_feature_selection/sub-03_task-checker_desc-CustomEnvBk8CapsWithPupil_predictions.csv
2025-02-18 10:26:44 - INFO - 
Processing subject: 05
2025-02-18 10:50:21 - INFO - Saving results to: /home/slouviot/01_projects/eeg_brain_state_prediction/data/custom_envelope_caps/subject_level_feature_selection/sub-05_task-checker_desc-CustomEnvBk8CapsWithPupil_predictions.csv
2025-02-18 10:50:21 - INFO - 
Processing subject: 06
2025-02-18 11:35:47 - INFO - Saving results to: /home/slouviot/01_projects/eeg_brain_state_prediction/data/custom_envelope_caps/subject_level_feature_selection/sub-06_task-checker_desc-CustomEnvBk8CapsWithPupil_predictions.csv
2025-02-18 11:35:47 - INFO - 
Processing subject: 07
2025-02-18 12:21:00 - INFO - Saving results to: /home/slouviot/01_projects/eeg_brain_state_prediction/data/custom_envelope_caps/subject_level_feature_selection/sub-07_task-checker_desc-CustomEnvBk8CapsWithPupil_predictions.csv
2025-02-18 12:21:00 - INFO - 
Processing subject: 08
2025-02-18 13:13:37 - INFO - Saving results to: /home/slouviot/01_projects/eeg_brain_state_prediction/data/custom_envelope_caps/subject_level_feature_selection/sub-08_task-checker_desc-CustomEnvBk8CapsWithPupil_predictions.csv
2025-02-18 13:13:37 - INFO - 
Processing subject: 09
2025-02-18 13:37:07 - INFO - Saving results to: /home/slouviot/01_projects/eeg_brain_state_prediction/data/custom_envelope_caps/subject_level_feature_selection/sub-09_task-checker_desc-CustomEnvBk8CapsWithPupil_predictions.csv
2025-02-18 13:37:08 - INFO - 
Processing subject: 11
2025-02-18 14:22:08 - INFO - Saving results to: /home/slouviot/01_projects/eeg_brain_state_prediction/data/custom_envelope_caps/subject_level_feature_selection/sub-11_task-checker_desc-CustomEnvBk8CapsWithPupil_predictions.csv
2025-02-18 14:22:08 - INFO - 
Processing subject: 12
2025-02-18 15:07:25 - INFO - Saving results to: /home/slouviot/01_projects/eeg_brain_state_prediction/data/custom_envelope_caps/subject_level_feature_selection/sub-12_task-checker_desc-CustomEnvBk8CapsWithPupil_predictions.csv
2025-02-18 15:07:25 - INFO - 
Processing subject: 13
2025-02-18 15:52:37 - INFO - Saving results to: /home/slouviot/01_projects/eeg_brain_state_prediction/data/custom_envelope_caps/subject_level_feature_selection/sub-13_task-checker_desc-CustomEnvBk8CapsWithPupil_predictions.csv
2025-02-18 15:52:37 - INFO - 
Processing subject: 14
2025-02-18 16:37:30 - INFO - Saving results to: /home/slouviot/01_projects/eeg_brain_state_prediction/data/custom_envelope_caps/subject_level_feature_selection/sub-14_task-checker_desc-CustomEnvBk8CapsWithPupil_predictions.csv
2025-02-18 16:37:30 - INFO - 
Processing subject: 15
2025-02-18 17:23:50 - INFO - Saving results to: /home/slouviot/01_projects/eeg_brain_state_prediction/data/custom_envelope_caps/subject_level_feature_selection/sub-15_task-checker_desc-CustomEnvBk8CapsWithPupil_predictions.csv
2025-02-18 17:23:50 - INFO - 
Processing subject: 16
2025-02-18 17:46:49 - INFO - Saving results to: /home/slouviot/01_projects/eeg_brain_state_prediction/data/custom_envelope_caps/subject_level_feature_selection/sub-16_task-checker_desc-CustomEnvBk8CapsWithPupil_predictions.csv
2025-02-18 17:46:49 - INFO - 
Processing subject: 17
2025-02-18 19:09:06 - INFO - Saving results to: /home/slouviot/01_projects/eeg_brain_state_prediction/data/custom_envelope_caps/subject_level_feature_selection/sub-17_task-checker_desc-CustomEnvBk8CapsWithPupil_predictions.csv
2025-02-18 19:09:06 - INFO - 
Processing subject: 18
2025-02-18 19:32:53 - INFO - Saving results to: /home/slouviot/01_projects/eeg_brain_state_prediction/data/custom_envelope_caps/subject_level_feature_selection/sub-18_task-checker_desc-CustomEnvBk8CapsWithPupil_predictions.csv
2025-02-18 19:32:53 - INFO - 
Processing subject: 20
2025-02-18 20:27:22 - INFO - Saving results to: /home/slouviot/01_projects/eeg_brain_state_prediction/data/custom_envelope_caps/subject_level_feature_selection/sub-20_task-checker_desc-CustomEnvBk8CapsWithPupil_predictions.csv
2025-02-18 20:27:22 - INFO - 
Processing subject: 21
2025-02-18 21:22:11 - INFO - Saving results to: /home/slouviot/01_projects/eeg_brain_state_prediction/data/custom_envelope_caps/subject_level_feature_selection/sub-21_task-checker_desc-CustomEnvBk8CapsWithPupil_predictions.csv
2025-02-18 21:22:11 - INFO - 
Processing subject: 22
2025-02-18 22:30:42 - INFO - Saving results to: /home/slouviot/01_projects/eeg_brain_state_prediction/data/custom_envelope_caps/subject_level_feature_selection/sub-22_task-checker_desc-CustomEnvBk8CapsWithPupil_predictions.csv
2025-02-18 22:30:42 - INFO - 
Processing completed successfully
Creating BIDS architecture with parameters: {'root': PosixPath('/data2/Projects/eeg_fmri_natview/derivatives'), 'datatype': 'multimodal', 'suffix': 'multimodal', 'description': 'CustomEnvBk8Caps', 'run': '01', 'task': 'checker', 'extension': '.pkl'}
Data root path exists: True
Full data root path: /data2/Projects/eeg_fmri_natview/derivatives
Database info: (32, 14)
Processing 1 features
Processing 2 features
Processing 3 features
Processing 4 features
Processing 5 features
Processing 6 features
Processing 7 features
Processing 8 features
Processing 9 features
Processing 10 features
Processing 11 features
Processing 12 features
Processing 13 features
Processing 14 features
Processing 15 features
Processing 16 features
Processing 17 features
Processing 18 features
Processing 19 features
Processing 20 features
Processing 21 features
Processing 22 features
Processing 23 features
Processing 24 features
Processing 25 features
Processing 26 features
Processing 27 features
Processing 28 features
Processing 29 features
Processing 30 features
Processing 31 features
Processing 32 features
Processing 33 features
Processing 34 features
Processing 35 features
Processing 36 features
Processing 37 features
Processing 38 features
Processing 39 features
Processing 40 features
Processing 41 features
Processing 42 features
Processing 43 features
Processing 44 features
Processing 45 features
Processing 46 features
Processing 47 features
Processing 48 features
Processing 49 features
Processing 50 features
Saving results to: /home/slouviot/01_projects/eeg_brain_state_prediction/data/custom_envelope_caps/subject_level_feature_selection/sub-01_task-checker_desc-CustomEnvBk8CapsWithPupil_predictions.csv
File saved successfully with 400 rows
Processing 1 features
Processing 2 features
Processing 3 features
Processing 4 features
Processing 5 features
Processing 6 features
Processing 7 features
Processing 8 features
Processing 9 features
Processing 10 features
Processing 11 features
Processing 12 features
Processing 13 features
Processing 14 features
Processing 15 features
Processing 16 features
Processing 17 features
Processing 18 features
Processing 19 features
Processing 20 features
Processing 21 features
Processing 22 features
Processing 23 features
Processing 24 features
Processing 25 features
Processing 26 features
Processing 27 features
Processing 28 features
Processing 29 features
Processing 30 features
Processing 31 features
Processing 32 features
Processing 33 features
Processing 34 features
Processing 35 features
Processing 36 features
Processing 37 features
Processing 38 features
Processing 39 features
Processing 40 features
Processing 41 features
Processing 42 features
Processing 43 features
Processing 44 features
Processing 45 features
Processing 46 features
Processing 47 features
Processing 48 features
Processing 49 features
Processing 50 features
Saving results to: /home/slouviot/01_projects/eeg_brain_state_prediction/data/custom_envelope_caps/subject_level_feature_selection/sub-02_task-checker_desc-CustomEnvBk8CapsWithPupil_predictions.csv
File saved successfully with 400 rows
Processing 1 features
Processing 2 features
Processing 3 features
Processing 4 features
Processing 5 features
Processing 6 features
Processing 7 features
Processing 8 features
Processing 9 features
Processing 10 features
Processing 11 features
Processing 12 features
Processing 13 features
Processing 14 features
Processing 15 features
Processing 16 features
Processing 17 features
Processing 18 features
Processing 19 features
Processing 20 features
Processing 21 features
Processing 22 features
Processing 23 features
Processing 24 features
Processing 25 features
Processing 26 features
Processing 27 features
Processing 28 features
Processing 29 features
Processing 30 features
Processing 31 features
Processing 32 features
Processing 33 features
Processing 34 features
Processing 35 features
Processing 36 features
Processing 37 features
Processing 38 features
Processing 39 features
Processing 40 features
Processing 41 features
Processing 42 features
Processing 43 features
Processing 44 features
Processing 45 features
Processing 46 features
Processing 47 features
Processing 48 features
Processing 49 features
Processing 50 features
Saving results to: /home/slouviot/01_projects/eeg_brain_state_prediction/data/custom_envelope_caps/subject_level_feature_selection/sub-03_task-checker_desc-CustomEnvBk8CapsWithPupil_predictions.csv
File saved successfully with 0 rows
Processing 1 features
Processing 2 features
Processing 3 features
Processing 4 features
Processing 5 features
Processing 6 features
Processing 7 features
Processing 8 features
Processing 9 features
Processing 10 features
Processing 11 features
Processing 12 features
Processing 13 features
Processing 14 features
Processing 15 features
Processing 16 features
Processing 17 features
Processing 18 features
Processing 19 features
Processing 20 features
Processing 21 features
Processing 22 features
Processing 23 features
Processing 24 features
Processing 25 features
Processing 26 features
Processing 27 features
Processing 28 features
Processing 29 features
Processing 30 features
Processing 31 features
Processing 32 features
Processing 33 features
Processing 34 features
Processing 35 features
Processing 36 features
Processing 37 features
Processing 38 features
Processing 39 features
Processing 40 features
Processing 41 features
Processing 42 features
Processing 43 features
Processing 44 features
Processing 45 features
Processing 46 features
Processing 47 features
Processing 48 features
Processing 49 features
Processing 50 features
Saving results to: /home/slouviot/01_projects/eeg_brain_state_prediction/data/custom_envelope_caps/subject_level_feature_selection/sub-05_task-checker_desc-CustomEnvBk8CapsWithPupil_predictions.csv
File saved successfully with 400 rows
Processing 1 features
Processing 2 features
Processing 3 features
Processing 4 features
Processing 5 features
Processing 6 features
Processing 7 features
Processing 8 features
Processing 9 features
Processing 10 features
Processing 11 features
Processing 12 features
Processing 13 features
Processing 14 features
Processing 15 features
Processing 16 features
Processing 17 features
Processing 18 features
Processing 19 features
Processing 20 features
Processing 21 features
Processing 22 features
Processing 23 features
Processing 24 features
Processing 25 features
Processing 26 features
Processing 27 features
Processing 28 features
Processing 29 features
Processing 30 features
Processing 31 features
Processing 32 features
Processing 33 features
Processing 34 features
Processing 35 features
Processing 36 features
Processing 37 features
Processing 38 features
Processing 39 features
Processing 40 features
Processing 41 features
Processing 42 features
Processing 43 features
Processing 44 features
Processing 45 features
Processing 46 features
Processing 47 features
Processing 48 features
Processing 49 features
Processing 50 features
Saving results to: /home/slouviot/01_projects/eeg_brain_state_prediction/data/custom_envelope_caps/subject_level_feature_selection/sub-06_task-checker_desc-CustomEnvBk8CapsWithPupil_predictions.csv
File saved successfully with 800 rows
Processing 1 features
Processing 2 features
Processing 3 features
Processing 4 features
Processing 5 features
Processing 6 features
Processing 7 features
Processing 8 features
Processing 9 features
Processing 10 features
Processing 11 features
Processing 12 features
Processing 13 features
Processing 14 features
Processing 15 features
Processing 16 features
Processing 17 features
Processing 18 features
Processing 19 features
Processing 20 features
Processing 21 features
Processing 22 features
Processing 23 features
Processing 24 features
Processing 25 features
Processing 26 features
Processing 27 features
Processing 28 features
Processing 29 features
Processing 30 features
Processing 31 features
Processing 32 features
Processing 33 features
Processing 34 features
Processing 35 features
Processing 36 features
Processing 37 features
Processing 38 features
Processing 39 features
Processing 40 features
Processing 41 features
Processing 42 features
Processing 43 features
Processing 44 features
Processing 45 features
Processing 46 features
Processing 47 features
Processing 48 features
Processing 49 features
Processing 50 features
Saving results to: /home/slouviot/01_projects/eeg_brain_state_prediction/data/custom_envelope_caps/subject_level_feature_selection/sub-07_task-checker_desc-CustomEnvBk8CapsWithPupil_predictions.csv
File saved successfully with 800 rows
Processing 1 features
Processing 2 features
Processing 3 features
Processing 4 features
Processing 5 features
Processing 6 features
Processing 7 features
Processing 8 features
Processing 9 features
Processing 10 features
Processing 11 features
Processing 12 features
Processing 13 features
Processing 14 features
Processing 15 features
Processing 16 features
Processing 17 features
Processing 18 features
Processing 19 features
Processing 20 features
Processing 21 features
Processing 22 features
Processing 23 features
Processing 24 features
Processing 25 features
Processing 26 features
Processing 27 features
Processing 28 features
Processing 29 features
Processing 30 features
Processing 31 features
Processing 32 features
Processing 33 features
Processing 34 features
Processing 35 features
Processing 36 features
Processing 37 features
Processing 38 features
Processing 39 features
Processing 40 features
Processing 41 features
Processing 42 features
Processing 43 features
Processing 44 features
Processing 45 features
Processing 46 features
Processing 47 features
Processing 48 features
Processing 49 features
Processing 50 features
Saving results to: /home/slouviot/01_projects/eeg_brain_state_prediction/data/custom_envelope_caps/subject_level_feature_selection/sub-08_task-checker_desc-CustomEnvBk8CapsWithPupil_predictions.csv
File saved successfully with 800 rows
Processing 1 features
Processing 2 features
Processing 3 features
Processing 4 features
Processing 5 features
Processing 6 features
Processing 7 features
Processing 8 features
Processing 9 features
Processing 10 features
Processing 11 features
Processing 12 features
Processing 13 features
Processing 14 features
Processing 15 features
Processing 16 features
Processing 17 features
Processing 18 features
Processing 19 features
Processing 20 features
Processing 21 features
Processing 22 features
Processing 23 features
Processing 24 features
Processing 25 features
Processing 26 features
Processing 27 features
Processing 28 features
Processing 29 features
Processing 30 features
Processing 31 features
Processing 32 features
Processing 33 features
Processing 34 features
Processing 35 features
Processing 36 features
Processing 37 features
Processing 38 features
Processing 39 features
Processing 40 features
Processing 41 features
Processing 42 features
Processing 43 features
Processing 44 features
Processing 45 features
Processing 46 features
Processing 47 features
Processing 48 features
Processing 49 features
Processing 50 features
Saving results to: /home/slouviot/01_projects/eeg_brain_state_prediction/data/custom_envelope_caps/subject_level_feature_selection/sub-09_task-checker_desc-CustomEnvBk8CapsWithPupil_predictions.csv
File saved successfully with 400 rows
Processing 1 features
Processing 2 features
Processing 3 features
Processing 4 features
Processing 5 features
Processing 6 features
Processing 7 features
Processing 8 features
Processing 9 features
Processing 10 features
Processing 11 features
Processing 12 features
Processing 13 features
Processing 14 features
Processing 15 features
Processing 16 features
Processing 17 features
Processing 18 features
Processing 19 features
Processing 20 features
Processing 21 features
Processing 22 features
Processing 23 features
Processing 24 features
Processing 25 features
Processing 26 features
Processing 27 features
Processing 28 features
Processing 29 features
Processing 30 features
Processing 31 features
Processing 32 features
Processing 33 features
Processing 34 features
Processing 35 features
Processing 36 features
Processing 37 features
Processing 38 features
Processing 39 features
Processing 40 features
Processing 41 features
Processing 42 features
Processing 43 features
Processing 44 features
Processing 45 features
Processing 46 features
Processing 47 features
Processing 48 features
Processing 49 features
Processing 50 features
Saving results to: /home/slouviot/01_projects/eeg_brain_state_prediction/data/custom_envelope_caps/subject_level_feature_selection/sub-11_task-checker_desc-CustomEnvBk8CapsWithPupil_predictions.csv
File saved successfully with 800 rows
Processing 1 features
Processing 2 features
Processing 3 features
Processing 4 features
Processing 5 features
Processing 6 features
Processing 7 features
Processing 8 features
Processing 9 features
Processing 10 features
Processing 11 features
Processing 12 features
Processing 13 features
Processing 14 features
Processing 15 features
Processing 16 features
Processing 17 features
Processing 18 features
Processing 19 features
Processing 20 features
Processing 21 features
Processing 22 features
Processing 23 features
Processing 24 features
Processing 25 features
Processing 26 features
Processing 27 features
Processing 28 features
Processing 29 features
Processing 30 features
Processing 31 features
Processing 32 features
Processing 33 features
Processing 34 features
Processing 35 features
Processing 36 features
Processing 37 features
Processing 38 features
Processing 39 features
Processing 40 features
Processing 41 features
Processing 42 features
Processing 43 features
Processing 44 features
Processing 45 features
Processing 46 features
Processing 47 features
Processing 48 features
Processing 49 features
Processing 50 features
Saving results to: /home/slouviot/01_projects/eeg_brain_state_prediction/data/custom_envelope_caps/subject_level_feature_selection/sub-12_task-checker_desc-CustomEnvBk8CapsWithPupil_predictions.csv
File saved successfully with 800 rows
Processing 1 features
Processing 2 features
Processing 3 features
Processing 4 features
Processing 5 features
Processing 6 features
Processing 7 features
Processing 8 features
Processing 9 features
Processing 10 features
Processing 11 features
Processing 12 features
Processing 13 features
Processing 14 features
Processing 15 features
Processing 16 features
Processing 17 features
Processing 18 features
Processing 19 features
Processing 20 features
Processing 21 features
Processing 22 features
Processing 23 features
Processing 24 features
Processing 25 features
Processing 26 features
Processing 27 features
Processing 28 features
Processing 29 features
Processing 30 features
Processing 31 features
Processing 32 features
Processing 33 features
Processing 34 features
Processing 35 features
Processing 36 features
Processing 37 features
Processing 38 features
Processing 39 features
Processing 40 features
Processing 41 features
Processing 42 features
Processing 43 features
Processing 44 features
Processing 45 features
Processing 46 features
Processing 47 features
Processing 48 features
Processing 49 features
Processing 50 features
Saving results to: /home/slouviot/01_projects/eeg_brain_state_prediction/data/custom_envelope_caps/subject_level_feature_selection/sub-13_task-checker_desc-CustomEnvBk8CapsWithPupil_predictions.csv
File saved successfully with 800 rows
Processing 1 features
Processing 2 features
Processing 3 features
Processing 4 features
Processing 5 features
Processing 6 features
Processing 7 features
Processing 8 features
Processing 9 features
Processing 10 features
Processing 11 features
Processing 12 features
Processing 13 features
Processing 14 features
Processing 15 features
Processing 16 features
Processing 17 features
Processing 18 features
Processing 19 features
Processing 20 features
Processing 21 features
Processing 22 features
Processing 23 features
Processing 24 features
Processing 25 features
Processing 26 features
Processing 27 features
Processing 28 features
Processing 29 features
Processing 30 features
Processing 31 features
Processing 32 features
Processing 33 features
Processing 34 features
Processing 35 features
Processing 36 features
Processing 37 features
Processing 38 features
Processing 39 features
Processing 40 features
Processing 41 features
Processing 42 features
Processing 43 features
Processing 44 features
Processing 45 features
Processing 46 features
Processing 47 features
Processing 48 features
Processing 49 features
Processing 50 features
Saving results to: /home/slouviot/01_projects/eeg_brain_state_prediction/data/custom_envelope_caps/subject_level_feature_selection/sub-14_task-checker_desc-CustomEnvBk8CapsWithPupil_predictions.csv
File saved successfully with 800 rows
Processing 1 features
Processing 2 features
Processing 3 features
Processing 4 features
Processing 5 features
Processing 6 features
Processing 7 features
Processing 8 features
Processing 9 features
Processing 10 features
Processing 11 features
Processing 12 features
Processing 13 features
Processing 14 features
Processing 15 features
Processing 16 features
Processing 17 features
Processing 18 features
Processing 19 features
Processing 20 features
Processing 21 features
Processing 22 features
Processing 23 features
Processing 24 features
Processing 25 features
Processing 26 features
Processing 27 features
Processing 28 features
Processing 29 features
Processing 30 features
Processing 31 features
Processing 32 features
Processing 33 features
Processing 34 features
Processing 35 features
Processing 36 features
Processing 37 features
Processing 38 features
Processing 39 features
Processing 40 features
Processing 41 features
Processing 42 features
Processing 43 features
Processing 44 features
Processing 45 features
Processing 46 features
Processing 47 features
Processing 48 features
Processing 49 features
Processing 50 features
Saving results to: /home/slouviot/01_projects/eeg_brain_state_prediction/data/custom_envelope_caps/subject_level_feature_selection/sub-15_task-checker_desc-CustomEnvBk8CapsWithPupil_predictions.csv
File saved successfully with 800 rows
Processing 1 features
Processing 2 features
Processing 3 features
Processing 4 features
Processing 5 features
Processing 6 features
Processing 7 features
Processing 8 features
Processing 9 features
Processing 10 features
Processing 11 features
Processing 12 features
Processing 13 features
Processing 14 features
Processing 15 features
Processing 16 features
Processing 17 features
Processing 18 features
Processing 19 features
Processing 20 features
Processing 21 features
Processing 22 features
Processing 23 features
Processing 24 features
Processing 25 features
Processing 26 features
Processing 27 features
Processing 28 features
Processing 29 features
Processing 30 features
Processing 31 features
Processing 32 features
Processing 33 features
Processing 34 features
Processing 35 features
Processing 36 features
Processing 37 features
Processing 38 features
Processing 39 features
Processing 40 features
Processing 41 features
Processing 42 features
Processing 43 features
Processing 44 features
Processing 45 features
Processing 46 features
Processing 47 features
Processing 48 features
Processing 49 features
Processing 50 features
Saving results to: /home/slouviot/01_projects/eeg_brain_state_prediction/data/custom_envelope_caps/subject_level_feature_selection/sub-16_task-checker_desc-CustomEnvBk8CapsWithPupil_predictions.csv
File saved successfully with 400 rows
Processing 1 features
Processing 2 features
Processing 3 features
Processing 4 features
Processing 5 features
Processing 6 features
Processing 7 features
Processing 8 features
Processing 9 features
Processing 10 features
Processing 11 features
Processing 12 features
Processing 13 features
Processing 14 features
Processing 15 features
Processing 16 features
Processing 17 features
Processing 18 features
Processing 19 features
Processing 20 features
Processing 21 features
Processing 22 features
Processing 23 features
Processing 24 features
Processing 25 features
Processing 26 features
Processing 27 features
Processing 28 features
Processing 29 features
Processing 30 features
Processing 31 features
Processing 32 features
Processing 33 features
Processing 34 features
Processing 35 features
Processing 36 features
Processing 37 features
Processing 38 features
Processing 39 features
Processing 40 features
Processing 41 features
Processing 42 features
Processing 43 features
Processing 44 features
Processing 45 features
Processing 46 features
Processing 47 features
Processing 48 features
Processing 49 features
Processing 50 features
Saving results to: /home/slouviot/01_projects/eeg_brain_state_prediction/data/custom_envelope_caps/subject_level_feature_selection/sub-17_task-checker_desc-CustomEnvBk8CapsWithPupil_predictions.csv
File saved successfully with 1200 rows
Processing 1 features
Processing 2 features
Processing 3 features
Processing 4 features
Processing 5 features
Processing 6 features
Processing 7 features
Processing 8 features
Processing 9 features
Processing 10 features
Processing 11 features
Processing 12 features
Processing 13 features
Processing 14 features
Processing 15 features
Processing 16 features
Processing 17 features
Processing 18 features
Processing 19 features
Processing 20 features
Processing 21 features
Processing 22 features
Processing 23 features
Processing 24 features
Processing 25 features
Processing 26 features
Processing 27 features
Processing 28 features
Processing 29 features
Processing 30 features
Processing 31 features
Processing 32 features
Processing 33 features
Processing 34 features
Processing 35 features
Processing 36 features
Processing 37 features
Processing 38 features
Processing 39 features
Processing 40 features
Processing 41 features
Processing 42 features
Processing 43 features
Processing 44 features
Processing 45 features
Processing 46 features
Processing 47 features
Processing 48 features
Processing 49 features
Processing 50 features
Saving results to: /home/slouviot/01_projects/eeg_brain_state_prediction/data/custom_envelope_caps/subject_level_feature_selection/sub-18_task-checker_desc-CustomEnvBk8CapsWithPupil_predictions.csv
File saved successfully with 400 rows
Processing 1 features
Processing 2 features
Processing 3 features
Processing 4 features
Processing 5 features
Processing 6 features
Processing 7 features
Processing 8 features
Processing 9 features
Processing 10 features
Processing 11 features
Processing 12 features
Processing 13 features
Processing 14 features
Processing 15 features
Processing 16 features
Processing 17 features
Processing 18 features
Processing 19 features
Processing 20 features
Processing 21 features
Processing 22 features
Processing 23 features
Processing 24 features
Processing 25 features
Processing 26 features
Processing 27 features
Processing 28 features
Processing 29 features
Processing 30 features
Processing 31 features
Processing 32 features
Processing 33 features
Processing 34 features
Processing 35 features
Processing 36 features
Processing 37 features
Processing 38 features
Processing 39 features
Processing 40 features
Processing 41 features
Processing 42 features
Processing 43 features
Processing 44 features
Processing 45 features
Processing 46 features
Processing 47 features
Processing 48 features
Processing 49 features
Processing 50 features
Saving results to: /home/slouviot/01_projects/eeg_brain_state_prediction/data/custom_envelope_caps/subject_level_feature_selection/sub-20_task-checker_desc-CustomEnvBk8CapsWithPupil_predictions.csv
File saved successfully with 800 rows
Processing 1 features
Processing 2 features
Processing 3 features
Processing 4 features
Processing 5 features
Processing 6 features
Processing 7 features
Processing 8 features
Processing 9 features
Processing 10 features
Processing 11 features
Processing 12 features
Processing 13 features
Processing 14 features
Processing 15 features
Processing 16 features
Processing 17 features
Processing 18 features
Processing 19 features
Processing 20 features
Processing 21 features
Processing 22 features
Processing 23 features
Processing 24 features
Processing 25 features
Processing 26 features
Processing 27 features
Processing 28 features
Processing 29 features
Processing 30 features
Processing 31 features
Processing 32 features
Processing 33 features
Processing 34 features
Processing 35 features
Processing 36 features
Processing 37 features
Processing 38 features
Processing 39 features
Processing 40 features
Processing 41 features
Processing 42 features
Processing 43 features
Processing 44 features
Processing 45 features
Processing 46 features
Processing 47 features
Processing 48 features
Processing 49 features
Processing 50 features
Saving results to: /home/slouviot/01_projects/eeg_brain_state_prediction/data/custom_envelope_caps/subject_level_feature_selection/sub-21_task-checker_desc-CustomEnvBk8CapsWithPupil_predictions.csv
File saved successfully with 800 rows
Processing 1 features
Processing 2 features
Processing 3 features
Processing 4 features
Processing 5 features
Processing 6 features
Processing 7 features
Processing 8 features
Processing 9 features
Processing 10 features
Processing 11 features
Processing 12 features
Processing 13 features
Processing 14 features
Processing 15 features
Processing 16 features
Processing 17 features
Processing 18 features
Processing 19 features
Processing 20 features
Processing 21 features
Processing 22 features
Processing 23 features
Processing 24 features
Processing 25 features
Processing 26 features
Processing 27 features
Processing 28 features
Processing 29 features
Processing 30 features
Processing 31 features
Processing 32 features
Processing 33 features
Processing 34 features
Processing 35 features
Processing 36 features
Processing 37 features
Processing 38 features
Processing 39 features
Processing 40 features
Processing 41 features
Processing 42 features
Processing 43 features
Processing 44 features
Processing 45 features
Processing 46 features
Processing 47 features
Processing 48 features
Processing 49 features
Processing 50 features
Saving results to: /home/slouviot/01_projects/eeg_brain_state_prediction/data/custom_envelope_caps/subject_level_feature_selection/sub-22_task-checker_desc-CustomEnvBk8CapsWithPupil_predictions.csv
File saved successfully with 800 rows
Error.  nthreads cannot be larger than environment variable "NUMEXPR_MAX_THREADS" (64)2025-02-19 11:48:35 - INFO - Starting processing with task: checker, description: CustomEnvBk8Caps
2025-02-19 11:48:35 - INFO - 
Config Debug:
2025-02-19 11:48:35 - INFO - Code root: /home/slouviot/01_projects/eeg_brain_state_prediction
2025-02-19 11:48:35 - INFO - Data root: /data2/Projects/eeg_fmri_natview/derivatives
2025-02-19 11:48:35 - INFO - Data directory: data/custom_envelope_caps/subject_level_feature_selection_session_level
2025-02-19 11:48:35 - INFO - Found 19 subjects to process
2025-02-19 11:48:35 - INFO - 
Processing subject: 06
2025-02-19 11:48:35 - ERROR - Error processing feature set: {'eyetracking': ['pupil_dilation', 'first_derivative', 'second_derivative'], 'eeg': {'channel': array([0]), 'band': array([0])}}, cap: CAP1
2025-02-19 11:48:35 - ERROR - Exception details: unhashable type: 'numpy.ndarray'
Traceback (most recent call last):
  File "/home/slouviot/01_projects/eeg_brain_state_prediction/src/eeg_brain_state_prediction/ml_pipeline/utils_sub_level_sessions.py", line 270, in pipeline
    X_train, Y_train, X_test, Y_test = process_single_iteration(
                                       ^^^^^^^^^^^^^^^^^^^^^^^^^
  File "/home/slouviot/01_projects/eeg_brain_state_prediction/src/eeg_brain_state_prediction/ml_pipeline/utils_sub_level_sessions.py", line 143, in process_single_iteration
    return combine_data.create_train_test_data(
           ^^^^^^^^^^^^^^^^^^^^^^^^^^^^^^^^^^^^
  File "/home/slouviot/01_projects/eeg_brain_state_prediction/src/eeg_brain_state_prediction/ml_pipeline/combine_data.py", line 929, in create_train_test_data
    X_test, Y_test = create_X_and_Y(
                     ^^^^^^^^^^^^^^^
  File "/home/slouviot/01_projects/eeg_brain_state_prediction/src/eeg_brain_state_prediction/ml_pipeline/combine_data.py", line 732, in create_X_and_Y
    X_array = create_X(
              ^^^^^^^^^
  File "/home/slouviot/01_projects/eeg_brain_state_prediction/src/eeg_brain_state_prediction/ml_pipeline/combine_data.py", line 568, in create_X
    array = create_big_feature_array(
            ^^^^^^^^^^^^^^^^^^^^^^^^^
  File "/home/slouviot/01_projects/eeg_brain_state_prediction/src/eeg_brain_state_prediction/ml_pipeline/combine_data.py", line 262, in create_big_feature_array
    raise e
  File "/home/slouviot/01_projects/eeg_brain_state_prediction/src/eeg_brain_state_prediction/ml_pipeline/combine_data.py", line 249, in create_big_feature_array
    extracted_array = big_data[key][modality][array_name]
                      ~~~~~~~~^^^^^
TypeError: unhashable type: 'numpy.ndarray'
Creating BIDS architecture with parameters: {'root': PosixPath('/data2/Projects/eeg_fmri_natview/derivatives'), 'datatype': 'multimodal', 'suffix': 'multimodal', 'description': 'CustomEnvBk8Caps', 'run': '01', 'task': 'checker', 'extension': '.pkl'}
Data root path exists: True
Full data root path: /data2/Projects/eeg_fmri_natview/derivatives
Database info: (32, 14)
Processing 1 features
Traceback (most recent call last):
  File "/home/slouviot/01_projects/eeg_brain_state_prediction/src/eeg_brain_state_prediction/ml_pipeline/main_custom_envelope_features_selection_double_dipping_sub_level_sessions.py", line 92, in <module>
    main(config)
  File "/home/slouviot/01_projects/eeg_brain_state_prediction/src/eeg_brain_state_prediction/ml_pipeline/main_custom_envelope_features_selection_double_dipping_sub_level_sessions.py", line 61, in main
    utils.pipeline(
  File "/home/slouviot/01_projects/eeg_brain_state_prediction/src/eeg_brain_state_prediction/ml_pipeline/utils_sub_level_sessions.py", line 301, in pipeline
    raise e
  File "/home/slouviot/01_projects/eeg_brain_state_prediction/src/eeg_brain_state_prediction/ml_pipeline/utils_sub_level_sessions.py", line 270, in pipeline
    X_train, Y_train, X_test, Y_test = process_single_iteration(
                                       ^^^^^^^^^^^^^^^^^^^^^^^^^
  File "/home/slouviot/01_projects/eeg_brain_state_prediction/src/eeg_brain_state_prediction/ml_pipeline/utils_sub_level_sessions.py", line 143, in process_single_iteration
    return combine_data.create_train_test_data(
           ^^^^^^^^^^^^^^^^^^^^^^^^^^^^^^^^^^^^
  File "/home/slouviot/01_projects/eeg_brain_state_prediction/src/eeg_brain_state_prediction/ml_pipeline/combine_data.py", line 929, in create_train_test_data
    X_test, Y_test = create_X_and_Y(
                     ^^^^^^^^^^^^^^^
  File "/home/slouviot/01_projects/eeg_brain_state_prediction/src/eeg_brain_state_prediction/ml_pipeline/combine_data.py", line 732, in create_X_and_Y
    X_array = create_X(
              ^^^^^^^^^
  File "/home/slouviot/01_projects/eeg_brain_state_prediction/src/eeg_brain_state_prediction/ml_pipeline/combine_data.py", line 568, in create_X
    array = create_big_feature_array(
            ^^^^^^^^^^^^^^^^^^^^^^^^^
  File "/home/slouviot/01_projects/eeg_brain_state_prediction/src/eeg_brain_state_prediction/ml_pipeline/combine_data.py", line 262, in create_big_feature_array
    raise e
  File "/home/slouviot/01_projects/eeg_brain_state_prediction/src/eeg_brain_state_prediction/ml_pipeline/combine_data.py", line 249, in create_big_feature_array
    extracted_array = big_data[key][modality][array_name]
                      ~~~~~~~~^^^^^
TypeError: unhashable type: 'numpy.ndarray'
Traceback (most recent call last):
  File "/home/slouviot/01_projects/eeg_brain_state_prediction/src/eeg_brain_state_prediction/ml_pipeline/main_custom_envelope_features_selection_double_dipping_sub_level_sessions.py", line 16, in <module>
    import utils_sub_level_sessions as utils
  File "/home/slouviot/01_projects/eeg_brain_state_prediction/src/eeg_brain_state_prediction/ml_pipeline/utils_sub_level_sessions.py", line 4, in <module>
    from dotenv import load_dotenv
ModuleNotFoundError: No module named 'dotenv'
Error.  nthreads cannot be larger than environment variable "NUMEXPR_MAX_THREADS" (64)2025-02-19 11:54:54 - INFO - Starting processing with task: checker, description: CustomEnvBk8Caps
2025-02-19 11:54:54 - INFO - 
Config Debug:
2025-02-19 11:54:54 - INFO - Code root: /home/slouviot/01_projects/eeg_brain_state_prediction
2025-02-19 11:54:54 - INFO - Data root: /data2/Projects/eeg_fmri_natview/derivatives
2025-02-19 11:54:54 - INFO - Data directory: data/custom_envelope_caps/subject_level_feature_selection_session_level
2025-02-19 11:54:54 - INFO - Found 19 subjects to process
2025-02-19 11:54:54 - INFO - 
Processing subject: 06
2025-02-19 11:57:47 - INFO - Saving results to: /home/slouviot/01_projects/eeg_brain_state_prediction/data/custom_envelope_caps/subject_level_feature_selection_session_level/sub-06_ses-02_task-checker_desc-CustomEnvBk8CapsEegOnly_predictions.csv
2025-02-19 11:57:47 - INFO - 
Processing subject: 07
2025-02-19 12:00:41 - INFO - Saving results to: /home/slouviot/01_projects/eeg_brain_state_prediction/data/custom_envelope_caps/subject_level_feature_selection_session_level/sub-07_ses-02_task-checker_desc-CustomEnvBk8CapsEegOnly_predictions.csv
2025-02-19 12:00:41 - INFO - 
Processing subject: 08
2025-02-19 12:03:44 - INFO - Saving results to: /home/slouviot/01_projects/eeg_brain_state_prediction/data/custom_envelope_caps/subject_level_feature_selection_session_level/sub-08_ses-02_task-checker_desc-CustomEnvBk8CapsEegOnly_predictions.csv
2025-02-19 12:03:44 - INFO - 
Processing subject: 11
2025-02-19 12:06:45 - INFO - Saving results to: /home/slouviot/01_projects/eeg_brain_state_prediction/data/custom_envelope_caps/subject_level_feature_selection_session_level/sub-11_ses-02_task-checker_desc-CustomEnvBk8CapsEegOnly_predictions.csv
2025-02-19 12:06:45 - INFO - 
Processing subject: 12
2025-02-19 12:09:53 - INFO - Saving results to: /home/slouviot/01_projects/eeg_brain_state_prediction/data/custom_envelope_caps/subject_level_feature_selection_session_level/sub-12_ses-02_task-checker_desc-CustomEnvBk8CapsEegOnly_predictions.csv
2025-02-19 12:09:53 - INFO - 
Processing subject: 13
2025-02-19 12:12:57 - INFO - Saving results to: /home/slouviot/01_projects/eeg_brain_state_prediction/data/custom_envelope_caps/subject_level_feature_selection_session_level/sub-13_ses-02_task-checker_desc-CustomEnvBk8CapsEegOnly_predictions.csv
2025-02-19 12:12:57 - INFO - 
Processing subject: 14
2025-02-19 12:16:10 - INFO - Saving results to: /home/slouviot/01_projects/eeg_brain_state_prediction/data/custom_envelope_caps/subject_level_feature_selection_session_level/sub-14_ses-02_task-checker_desc-CustomEnvBk8CapsEegOnly_predictions.csv
2025-02-19 12:16:10 - INFO - 
Processing subject: 15
2025-02-19 12:19:21 - INFO - Saving results to: /home/slouviot/01_projects/eeg_brain_state_prediction/data/custom_envelope_caps/subject_level_feature_selection_session_level/sub-15_ses-02_task-checker_desc-CustomEnvBk8CapsEegOnly_predictions.csv
2025-02-19 12:19:21 - INFO - 
Processing subject: 20
2025-02-19 12:22:26 - INFO - Saving results to: /home/slouviot/01_projects/eeg_brain_state_prediction/data/custom_envelope_caps/subject_level_feature_selection_session_level/sub-20_ses-02_task-checker_desc-CustomEnvBk8CapsEegOnly_predictions.csv
2025-02-19 12:22:26 - INFO - 
Processing subject: 21
2025-02-19 12:25:42 - INFO - Saving results to: /home/slouviot/01_projects/eeg_brain_state_prediction/data/custom_envelope_caps/subject_level_feature_selection_session_level/sub-21_ses-02_task-checker_desc-CustomEnvBk8CapsEegOnly_predictions.csv
2025-02-19 12:25:42 - INFO - 
Processing subject: 22
2025-02-19 12:28:49 - INFO - Saving results to: /home/slouviot/01_projects/eeg_brain_state_prediction/data/custom_envelope_caps/subject_level_feature_selection_session_level/sub-22_ses-02_task-checker_desc-CustomEnvBk8CapsEegOnly_predictions.csv
2025-02-19 12:28:49 - INFO - 
Processing completed successfully
Creating BIDS architecture with parameters: {'root': PosixPath('/data2/Projects/eeg_fmri_natview/derivatives'), 'datatype': 'multimodal', 'suffix': 'multimodal', 'description': 'CustomEnvBk8Caps', 'run': '01', 'task': 'checker', 'extension': '.pkl'}
Data root path exists: True
Full data root path: /data2/Projects/eeg_fmri_natview/derivatives
Database info: (32, 14)
Processing 1 features
Processing 2 features
Processing 3 features
Processing 4 features
Processing 5 features
Processing 6 features
Processing 7 features
Processing 8 features
Processing 9 features
Processing 10 features
Processing 11 features
Processing 12 features
Processing 13 features
Processing 14 features
Processing 15 features
Processing 16 features
Processing 17 features
Processing 18 features
Processing 19 features
Processing 20 features
Processing 21 features
Processing 22 features
Processing 23 features
Processing 24 features
Processing 25 features
Processing 26 features
Processing 27 features
Processing 28 features
Processing 29 features
Processing 30 features
Processing 31 features
Processing 32 features
Processing 33 features
Processing 34 features
Processing 35 features
Processing 36 features
Processing 37 features
Processing 38 features
Processing 39 features
Processing 40 features
Processing 41 features
Processing 42 features
Processing 43 features
Processing 44 features
Processing 45 features
Processing 46 features
Processing 47 features
Processing 48 features
Processing 49 features
Processing 50 features
Saving results to: /home/slouviot/01_projects/eeg_brain_state_prediction/data/custom_envelope_caps/subject_level_feature_selection_session_level/sub-06_ses-02_task-checker_desc-CustomEnvBk8CapsEegOnly_predictions.csv
File saved successfully with 400 rows
Processing 1 features
Processing 2 features
Processing 3 features
Processing 4 features
Processing 5 features
Processing 6 features
Processing 7 features
Processing 8 features
Processing 9 features
Processing 10 features
Processing 11 features
Processing 12 features
Processing 13 features
Processing 14 features
Processing 15 features
Processing 16 features
Processing 17 features
Processing 18 features
Processing 19 features
Processing 20 features
Processing 21 features
Processing 22 features
Processing 23 features
Processing 24 features
Processing 25 features
Processing 26 features
Processing 27 features
Processing 28 features
Processing 29 features
Processing 30 features
Processing 31 features
Processing 32 features
Processing 33 features
Processing 34 features
Processing 35 features
Processing 36 features
Processing 37 features
Processing 38 features
Processing 39 features
Processing 40 features
Processing 41 features
Processing 42 features
Processing 43 features
Processing 44 features
Processing 45 features
Processing 46 features
Processing 47 features
Processing 48 features
Processing 49 features
Processing 50 features
Saving results to: /home/slouviot/01_projects/eeg_brain_state_prediction/data/custom_envelope_caps/subject_level_feature_selection_session_level/sub-07_ses-02_task-checker_desc-CustomEnvBk8CapsEegOnly_predictions.csv
File saved successfully with 400 rows
Processing 1 features
Processing 2 features
Processing 3 features
Processing 4 features
Processing 5 features
Processing 6 features
Processing 7 features
Processing 8 features
Processing 9 features
Processing 10 features
Processing 11 features
Processing 12 features
Processing 13 features
Processing 14 features
Processing 15 features
Processing 16 features
Processing 17 features
Processing 18 features
Processing 19 features
Processing 20 features
Processing 21 features
Processing 22 features
Processing 23 features
Processing 24 features
Processing 25 features
Processing 26 features
Processing 27 features
Processing 28 features
Processing 29 features
Processing 30 features
Processing 31 features
Processing 32 features
Processing 33 features
Processing 34 features
Processing 35 features
Processing 36 features
Processing 37 features
Processing 38 features
Processing 39 features
Processing 40 features
Processing 41 features
Processing 42 features
Processing 43 features
Processing 44 features
Processing 45 features
Processing 46 features
Processing 47 features
Processing 48 features
Processing 49 features
Processing 50 features
Saving results to: /home/slouviot/01_projects/eeg_brain_state_prediction/data/custom_envelope_caps/subject_level_feature_selection_session_level/sub-08_ses-02_task-checker_desc-CustomEnvBk8CapsEegOnly_predictions.csv
File saved successfully with 400 rows
Processing 1 features
Processing 2 features
Processing 3 features
Processing 4 features
Processing 5 features
Processing 6 features
Processing 7 features
Processing 8 features
Processing 9 features
Processing 10 features
Processing 11 features
Processing 12 features
Processing 13 features
Processing 14 features
Processing 15 features
Processing 16 features
Processing 17 features
Processing 18 features
Processing 19 features
Processing 20 features
Processing 21 features
Processing 22 features
Processing 23 features
Processing 24 features
Processing 25 features
Processing 26 features
Processing 27 features
Processing 28 features
Processing 29 features
Processing 30 features
Processing 31 features
Processing 32 features
Processing 33 features
Processing 34 features
Processing 35 features
Processing 36 features
Processing 37 features
Processing 38 features
Processing 39 features
Processing 40 features
Processing 41 features
Processing 42 features
Processing 43 features
Processing 44 features
Processing 45 features
Processing 46 features
Processing 47 features
Processing 48 features
Processing 49 features
Processing 50 features
Saving results to: /home/slouviot/01_projects/eeg_brain_state_prediction/data/custom_envelope_caps/subject_level_feature_selection_session_level/sub-11_ses-02_task-checker_desc-CustomEnvBk8CapsEegOnly_predictions.csv
File saved successfully with 400 rows
Processing 1 features
Processing 2 features
Processing 3 features
Processing 4 features
Processing 5 features
Processing 6 features
Processing 7 features
Processing 8 features
Processing 9 features
Processing 10 features
Processing 11 features
Processing 12 features
Processing 13 features
Processing 14 features
Processing 15 features
Processing 16 features
Processing 17 features
Processing 18 features
Processing 19 features
Processing 20 features
Processing 21 features
Processing 22 features
Processing 23 features
Processing 24 features
Processing 25 features
Processing 26 features
Processing 27 features
Processing 28 features
Processing 29 features
Processing 30 features
Processing 31 features
Processing 32 features
Processing 33 features
Processing 34 features
Processing 35 features
Processing 36 features
Processing 37 features
Processing 38 features
Processing 39 features
Processing 40 features
Processing 41 features
Processing 42 features
Processing 43 features
Processing 44 features
Processing 45 features
Processing 46 features
Processing 47 features
Processing 48 features
Processing 49 features
Processing 50 features
Saving results to: /home/slouviot/01_projects/eeg_brain_state_prediction/data/custom_envelope_caps/subject_level_feature_selection_session_level/sub-12_ses-02_task-checker_desc-CustomEnvBk8CapsEegOnly_predictions.csv
File saved successfully with 400 rows
Processing 1 features
Processing 2 features
Processing 3 features
Processing 4 features
Processing 5 features
Processing 6 features
Processing 7 features
Processing 8 features
Processing 9 features
Processing 10 features
Processing 11 features
Processing 12 features
Processing 13 features
Processing 14 features
Processing 15 features
Processing 16 features
Processing 17 features
Processing 18 features
Processing 19 features
Processing 20 features
Processing 21 features
Processing 22 features
Processing 23 features
Processing 24 features
Processing 25 features
Processing 26 features
Processing 27 features
Processing 28 features
Processing 29 features
Processing 30 features
Processing 31 features
Processing 32 features
Processing 33 features
Processing 34 features
Processing 35 features
Processing 36 features
Processing 37 features
Processing 38 features
Processing 39 features
Processing 40 features
Processing 41 features
Processing 42 features
Processing 43 features
Processing 44 features
Processing 45 features
Processing 46 features
Processing 47 features
Processing 48 features
Processing 49 features
Processing 50 features
Saving results to: /home/slouviot/01_projects/eeg_brain_state_prediction/data/custom_envelope_caps/subject_level_feature_selection_session_level/sub-13_ses-02_task-checker_desc-CustomEnvBk8CapsEegOnly_predictions.csv
File saved successfully with 400 rows
Processing 1 features
Processing 2 features
Processing 3 features
Processing 4 features
Processing 5 features
Processing 6 features
Processing 7 features
Processing 8 features
Processing 9 features
Processing 10 features
Processing 11 features
Processing 12 features
Processing 13 features
Processing 14 features
Processing 15 features
Processing 16 features
Processing 17 features
Processing 18 features
Processing 19 features
Processing 20 features
Processing 21 features
Processing 22 features
Processing 23 features
Processing 24 features
Processing 25 features
Processing 26 features
Processing 27 features
Processing 28 features
Processing 29 features
Processing 30 features
Processing 31 features
Processing 32 features
Processing 33 features
Processing 34 features
Processing 35 features
Processing 36 features
Processing 37 features
Processing 38 features
Processing 39 features
Processing 40 features
Processing 41 features
Processing 42 features
Processing 43 features
Processing 44 features
Processing 45 features
Processing 46 features
Processing 47 features
Processing 48 features
Processing 49 features
Processing 50 features
Saving results to: /home/slouviot/01_projects/eeg_brain_state_prediction/data/custom_envelope_caps/subject_level_feature_selection_session_level/sub-14_ses-02_task-checker_desc-CustomEnvBk8CapsEegOnly_predictions.csv
File saved successfully with 400 rows
Processing 1 features
Processing 2 features
Processing 3 features
Processing 4 features
Processing 5 features
Processing 6 features
Processing 7 features
Processing 8 features
Processing 9 features
Processing 10 features
Processing 11 features
Processing 12 features
Processing 13 features
Processing 14 features
Processing 15 features
Processing 16 features
Processing 17 features
Processing 18 features
Processing 19 features
Processing 20 features
Processing 21 features
Processing 22 features
Processing 23 features
Processing 24 features
Processing 25 features
Processing 26 features
Processing 27 features
Processing 28 features
Processing 29 features
Processing 30 features
Processing 31 features
Processing 32 features
Processing 33 features
Processing 34 features
Processing 35 features
Processing 36 features
Processing 37 features
Processing 38 features
Processing 39 features
Processing 40 features
Processing 41 features
Processing 42 features
Processing 43 features
Processing 44 features
Processing 45 features
Processing 46 features
Processing 47 features
Processing 48 features
Processing 49 features
Processing 50 features
Saving results to: /home/slouviot/01_projects/eeg_brain_state_prediction/data/custom_envelope_caps/subject_level_feature_selection_session_level/sub-15_ses-02_task-checker_desc-CustomEnvBk8CapsEegOnly_predictions.csv
File saved successfully with 400 rows
Processing 1 features
Processing 2 features
Processing 3 features
Processing 4 features
Processing 5 features
Processing 6 features
Processing 7 features
Processing 8 features
Processing 9 features
Processing 10 features
Processing 11 features
Processing 12 features
Processing 13 features
Processing 14 features
Processing 15 features
Processing 16 features
Processing 17 features
Processing 18 features
Processing 19 features
Processing 20 features
Processing 21 features
Processing 22 features
Processing 23 features
Processing 24 features
Processing 25 features
Processing 26 features
Processing 27 features
Processing 28 features
Processing 29 features
Processing 30 features
Processing 31 features
Processing 32 features
Processing 33 features
Processing 34 features
Processing 35 features
Processing 36 features
Processing 37 features
Processing 38 features
Processing 39 features
Processing 40 features
Processing 41 features
Processing 42 features
Processing 43 features
Processing 44 features
Processing 45 features
Processing 46 features
Processing 47 features
Processing 48 features
Processing 49 features
Processing 50 features
Saving results to: /home/slouviot/01_projects/eeg_brain_state_prediction/data/custom_envelope_caps/subject_level_feature_selection_session_level/sub-20_ses-02_task-checker_desc-CustomEnvBk8CapsEegOnly_predictions.csv
File saved successfully with 400 rows
Processing 1 features
Processing 2 features
Processing 3 features
Processing 4 features
Processing 5 features
Processing 6 features
Processing 7 features
Processing 8 features
Processing 9 features
Processing 10 features
Processing 11 features
Processing 12 features
Processing 13 features
Processing 14 features
Processing 15 features
Processing 16 features
Processing 17 features
Processing 18 features
Processing 19 features
Processing 20 features
Processing 21 features
Processing 22 features
Processing 23 features
Processing 24 features
Processing 25 features
Processing 26 features
Processing 27 features
Processing 28 features
Processing 29 features
Processing 30 features
Processing 31 features
Processing 32 features
Processing 33 features
Processing 34 features
Processing 35 features
Processing 36 features
Processing 37 features
Processing 38 features
Processing 39 features
Processing 40 features
Processing 41 features
Processing 42 features
Processing 43 features
Processing 44 features
Processing 45 features
Processing 46 features
Processing 47 features
Processing 48 features
Processing 49 features
Processing 50 features
Saving results to: /home/slouviot/01_projects/eeg_brain_state_prediction/data/custom_envelope_caps/subject_level_feature_selection_session_level/sub-21_ses-02_task-checker_desc-CustomEnvBk8CapsEegOnly_predictions.csv
File saved successfully with 400 rows
Processing 1 features
Processing 2 features
Processing 3 features
Processing 4 features
Processing 5 features
Processing 6 features
Processing 7 features
Processing 8 features
Processing 9 features
Processing 10 features
Processing 11 features
Processing 12 features
Processing 13 features
Processing 14 features
Processing 15 features
Processing 16 features
Processing 17 features
Processing 18 features
Processing 19 features
Processing 20 features
Processing 21 features
Processing 22 features
Processing 23 features
Processing 24 features
Processing 25 features
Processing 26 features
Processing 27 features
Processing 28 features
Processing 29 features
Processing 30 features
Processing 31 features
Processing 32 features
Processing 33 features
Processing 34 features
Processing 35 features
Processing 36 features
Processing 37 features
Processing 38 features
Processing 39 features
Processing 40 features
Processing 41 features
Processing 42 features
Processing 43 features
Processing 44 features
Processing 45 features
Processing 46 features
Processing 47 features
Processing 48 features
Processing 49 features
Processing 50 features
Saving results to: /home/slouviot/01_projects/eeg_brain_state_prediction/data/custom_envelope_caps/subject_level_feature_selection_session_level/sub-22_ses-02_task-checker_desc-CustomEnvBk8CapsEegOnly_predictions.csv
File saved successfully with 400 rows
python: can't open file '/home/slouviot/01_projects/eeg_brain_state_prediction/eeg_brain_state_prediction/ml_pipeline/main_custom_envelope_features_selection_double_dipping_sub_level_sessions.py': [Errno 2] No such file or directory
python: can't open file '/home/slouviot/01_projects/eeg_brain_state_prediction/eeg_brain_state_prediction/ml_pipeline/main_custom_envelope_features_selection_double_dipping_sub_level_sessions.py': [Errno 2] No such file or directory
python: can't open file '/home/slouviot/01_projects/eeg_brain_state_prediction/eeg_brain_state_prediction/ml_pipeline/main_custom_envelope_features_selection_double_dipping_sub_level_sessions.py': [Errno 2] No such file or directory
Error.  nthreads cannot be larger than environment variable "NUMEXPR_MAX_THREADS" (64)2025-02-20 09:53:02 - INFO - Starting processing with task: checker, description: CustomEnvBk8Caps
2025-02-20 09:53:02 - INFO - 
Config Debug:
2025-02-20 09:53:02 - INFO - Code root: /home/slouviot/01_projects/eeg_brain_state_prediction
2025-02-20 09:53:02 - INFO - Data root: /data2/Projects/eeg_fmri_natview/derivatives
2025-02-20 09:53:02 - INFO - Data directory: data/custom_envelope_caps/subject_level_feature_selection_session_level
2025-02-20 09:53:02 - INFO - Found 19 subjects to process
2025-02-20 09:53:04 - INFO - 
Processing subject: 06
Error.  nthreads cannot be larger than environment variable "NUMEXPR_MAX_THREADS" (64)2025-02-20 09:53:47 - INFO - Starting processing with task: checker, description: CustomEnvBk8Caps
2025-02-20 09:53:47 - INFO - 
Config Debug:
2025-02-20 09:53:47 - INFO - Code root: /home/slouviot/01_projects/eeg_brain_state_prediction
2025-02-20 09:53:47 - INFO - Data root: /data2/Projects/eeg_fmri_natview/derivatives
2025-02-20 09:53:47 - INFO - Data directory: data/custom_envelope_caps/subject_level_feature_selection_session_level
2025-02-20 09:53:47 - INFO - Found 19 subjects to process
2025-02-20 09:53:48 - INFO - 
Processing subject: 06
2025-02-20 09:55:15 - INFO - Saving results to: /home/slouviot/01_projects/eeg_brain_state_prediction/data/custom_envelope_caps/subject_level_feature_selection_session_level/sub-06_ses-02_task-checker_desc-CustomEnvBk8CapsEegOnly_predictions.csv
2025-02-20 09:55:15 - INFO - 
Processing subject: 07
2025-02-20 09:56:21 - INFO - Saving results to: /home/slouviot/01_projects/eeg_brain_state_prediction/data/custom_envelope_caps/subject_level_feature_selection_session_level/sub-06_ses-02_task-checker_desc-CustomEnvBk8CapsEegOnly_predictions.csv
2025-02-20 09:56:21 - INFO - 
Processing subject: 07
2025-02-20 09:57:37 - INFO - Saving results to: /home/slouviot/01_projects/eeg_brain_state_prediction/data/custom_envelope_caps/subject_level_feature_selection_session_level/sub-07_ses-02_task-checker_desc-CustomEnvBk8CapsEegOnly_predictions.csv
2025-02-20 09:57:37 - INFO - 
Processing subject: 08
2025-02-20 09:58:53 - INFO - Saving results to: /home/slouviot/01_projects/eeg_brain_state_prediction/data/custom_envelope_caps/subject_level_feature_selection_session_level/sub-07_ses-02_task-checker_desc-CustomEnvBk8CapsEegOnly_predictions.csv
2025-02-20 09:58:53 - INFO - 
Processing subject: 08
2025-02-20 10:00:06 - INFO - Saving results to: /home/slouviot/01_projects/eeg_brain_state_prediction/data/custom_envelope_caps/subject_level_feature_selection_session_level/sub-08_ses-02_task-checker_desc-CustomEnvBk8CapsEegOnly_predictions.csv
2025-02-20 10:00:06 - INFO - 
Processing subject: 11
2025-02-20 10:01:39 - INFO - Saving results to: /home/slouviot/01_projects/eeg_brain_state_prediction/data/custom_envelope_caps/subject_level_feature_selection_session_level/sub-08_ses-02_task-checker_desc-CustomEnvBk8CapsEegOnly_predictions.csv
2025-02-20 10:01:39 - INFO - 
Processing subject: 11
2025-02-20 10:03:27 - INFO - Saving results to: /home/slouviot/01_projects/eeg_brain_state_prediction/data/custom_envelope_caps/subject_level_feature_selection_session_level/sub-11_ses-02_task-checker_desc-CustomEnvBk8CapsEegOnly_predictions.csv
2025-02-20 10:03:27 - INFO - 
Processing subject: 12
2025-02-20 10:05:27 - INFO - Saving results to: /home/slouviot/01_projects/eeg_brain_state_prediction/data/custom_envelope_caps/subject_level_feature_selection_session_level/sub-11_ses-02_task-checker_desc-CustomEnvBk8CapsEegOnly_predictions.csv
2025-02-20 10:05:27 - INFO - 
Processing subject: 12
2025-02-20 10:06:45 - INFO - Saving results to: /home/slouviot/01_projects/eeg_brain_state_prediction/data/custom_envelope_caps/subject_level_feature_selection_session_level/sub-12_ses-02_task-checker_desc-CustomEnvBk8CapsEegOnly_predictions.csv
2025-02-20 10:06:45 - INFO - 
Processing subject: 13
2025-02-20 10:08:17 - INFO - Saving results to: /home/slouviot/01_projects/eeg_brain_state_prediction/data/custom_envelope_caps/subject_level_feature_selection_session_level/sub-12_ses-02_task-checker_desc-CustomEnvBk8CapsEegOnly_predictions.csv
2025-02-20 10:08:17 - INFO - 
Processing subject: 13
2025-02-20 10:09:09 - INFO - Saving results to: /home/slouviot/01_projects/eeg_brain_state_prediction/data/custom_envelope_caps/subject_level_feature_selection_session_level/sub-13_ses-02_task-checker_desc-CustomEnvBk8CapsEegOnly_predictions.csv
2025-02-20 10:09:10 - INFO - 
Processing subject: 14
2025-02-20 10:10:32 - INFO - Saving results to: /home/slouviot/01_projects/eeg_brain_state_prediction/data/custom_envelope_caps/subject_level_feature_selection_session_level/sub-13_ses-02_task-checker_desc-CustomEnvBk8CapsEegOnly_predictions.csv
2025-02-20 10:10:32 - INFO - 
Processing subject: 14
2025-02-20 10:11:21 - INFO - Saving results to: /home/slouviot/01_projects/eeg_brain_state_prediction/data/custom_envelope_caps/subject_level_feature_selection_session_level/sub-14_ses-02_task-checker_desc-CustomEnvBk8CapsEegOnly_predictions.csv
2025-02-20 10:11:21 - INFO - 
Processing subject: 15
2025-02-20 10:12:48 - INFO - Saving results to: /home/slouviot/01_projects/eeg_brain_state_prediction/data/custom_envelope_caps/subject_level_feature_selection_session_level/sub-14_ses-02_task-checker_desc-CustomEnvBk8CapsEegOnly_predictions.csv
2025-02-20 10:12:48 - INFO - 
Processing subject: 15
2025-02-20 10:13:48 - INFO - Saving results to: /home/slouviot/01_projects/eeg_brain_state_prediction/data/custom_envelope_caps/subject_level_feature_selection_session_level/sub-15_ses-02_task-checker_desc-CustomEnvBk8CapsEegOnly_predictions.csv
2025-02-20 10:13:48 - INFO - 
Processing subject: 20
2025-02-20 10:15:10 - INFO - Saving results to: /home/slouviot/01_projects/eeg_brain_state_prediction/data/custom_envelope_caps/subject_level_feature_selection_session_level/sub-15_ses-02_task-checker_desc-CustomEnvBk8CapsEegOnly_predictions.csv
2025-02-20 10:15:10 - INFO - 
Processing subject: 20
2025-02-20 10:16:09 - INFO - Saving results to: /home/slouviot/01_projects/eeg_brain_state_prediction/data/custom_envelope_caps/subject_level_feature_selection_session_level/sub-20_ses-02_task-checker_desc-CustomEnvBk8CapsEegOnly_predictions.csv
2025-02-20 10:16:09 - INFO - 
Processing subject: 21
2025-02-20 10:17:20 - INFO - Saving results to: /home/slouviot/01_projects/eeg_brain_state_prediction/data/custom_envelope_caps/subject_level_feature_selection_session_level/sub-20_ses-02_task-checker_desc-CustomEnvBk8CapsEegOnly_predictions.csv
2025-02-20 10:17:20 - INFO - 
Processing subject: 21
2025-02-20 10:18:19 - INFO - Saving results to: /home/slouviot/01_projects/eeg_brain_state_prediction/data/custom_envelope_caps/subject_level_feature_selection_session_level/sub-21_ses-02_task-checker_desc-CustomEnvBk8CapsEegOnly_predictions.csv
2025-02-20 10:18:19 - INFO - 
Processing subject: 22
2025-02-20 10:19:32 - INFO - Saving results to: /home/slouviot/01_projects/eeg_brain_state_prediction/data/custom_envelope_caps/subject_level_feature_selection_session_level/sub-21_ses-02_task-checker_desc-CustomEnvBk8CapsEegOnly_predictions.csv
2025-02-20 10:19:32 - INFO - 
Processing subject: 22
2025-02-20 10:20:12 - INFO - Saving results to: /home/slouviot/01_projects/eeg_brain_state_prediction/data/custom_envelope_caps/subject_level_feature_selection_session_level/sub-22_ses-02_task-checker_desc-CustomEnvBk8CapsEegOnly_predictions.csv
2025-02-20 10:20:12 - INFO - 
Processing completed successfully
Creating BIDS architecture with parameters: {'root': PosixPath('/data2/Projects/eeg_fmri_natview/derivatives'), 'datatype': 'multimodal', 'suffix': 'multimodal', 'description': 'CustomEnvBk8Caps', 'run': '01', 'task': 'checker', 'extension': '.pkl'}
Data root path exists: True
Full data root path: /data2/Projects/eeg_fmri_natview/derivatives
Database info: (32, 14)
Processing 1 features
Processing 2 features
Processing 3 features
Processing 4 features
Processing 5 features
Processing 6 features
Processing 7 features
Processing 8 features
Processing 9 features
Processing 10 features
Processing 11 features
Processing 12 features
Processing 13 features
Processing 14 features
Processing 15 features
Processing 16 features
Processing 17 features
Processing 18 features
Processing 19 features
Processing 20 features
Processing 21 features
Processing 22 features
Processing 23 features
Processing 24 features
Processing 25 features
Processing 26 features
Processing 27 features
Processing 28 features
Processing 29 features
Processing 30 features
Processing 31 features
Processing 32 features
Processing 33 features
Processing 34 features
Processing 35 features
Processing 36 features
Processing 37 features
Processing 38 features
Processing 39 features
Processing 40 features
Processing 41 features
Processing 42 features
Processing 43 features
Processing 44 features
Processing 45 features
Processing 46 features
Processing 47 features
Processing 48 features
Processing 49 features
Processing 50 features
Saving results to: /home/slouviot/01_projects/eeg_brain_state_prediction/data/custom_envelope_caps/subject_level_feature_selection_session_level/sub-06_ses-02_task-checker_desc-CustomEnvBk8CapsEegOnly_predictions.csv
File saved successfully with 400 rows
Processing 1 features
Processing 2 features
Processing 3 features
Processing 4 features
Processing 5 features
Processing 6 features
Processing 7 features
Processing 8 features
Processing 9 features
Processing 10 features
Processing 11 features
Processing 12 features
Processing 13 features
Processing 14 features
Processing 15 features
Processing 16 features
Processing 17 features
Processing 18 features
Processing 19 features
Processing 20 features
Processing 21 features
Processing 22 features
Processing 23 features
Processing 24 features
Processing 25 features
Processing 26 features
Processing 27 features
Processing 28 features
Processing 29 features
Processing 30 features
Processing 31 features
Processing 32 features
Processing 33 features
Processing 34 features
Processing 35 features
Processing 36 features
Processing 37 features
Processing 38 features
Processing 39 features
Processing 40 features
Processing 41 features
Processing 42 features
Processing 43 features
Processing 44 features
Processing 45 features
Processing 46 features
Processing 47 features
Processing 48 features
Processing 49 features
Processing 50 features
Saving results to: /home/slouviot/01_projects/eeg_brain_state_prediction/data/custom_envelope_caps/subject_level_feature_selection_session_level/sub-07_ses-02_task-checker_desc-CustomEnvBk8CapsEegOnly_predictions.csv
File saved successfully with 400 rows
Processing 1 features
Processing 2 features
Processing 3 features
Processing 4 features
Processing 5 features
Processing 6 features
Processing 7 features
Processing 8 features
Processing 9 features
Processing 10 features
Processing 11 features
Processing 12 features
Processing 13 features
Processing 14 features
Processing 15 features
Processing 16 features
Processing 17 features
Processing 18 features
Processing 19 features
Processing 20 features
Processing 21 features
Processing 22 features
Processing 23 features
Processing 24 features
Processing 25 features
Processing 26 features
Processing 27 features
Processing 28 features
Processing 29 features
Processing 30 features
Processing 31 features
Processing 32 features
Processing 33 features
Processing 34 features
Processing 35 features
Processing 36 features
Processing 37 features
Processing 38 features
Processing 39 features
Processing 40 features
Processing 41 features
Processing 42 features
Processing 43 features
Processing 44 features
Processing 45 features
Processing 46 features
Processing 47 features
Processing 48 features
Processing 49 features
Processing 50 features
Saving results to: /home/slouviot/01_projects/eeg_brain_state_prediction/data/custom_envelope_caps/subject_level_feature_selection_session_level/sub-08_ses-02_task-checker_desc-CustomEnvBk8CapsEegOnly_predictions.csv
File saved successfully with 400 rows
Processing 1 features
Processing 2 features
Processing 3 features
Processing 4 features
Processing 5 features
Processing 6 features
Processing 7 features
Processing 8 features
Processing 9 features
Processing 10 features
Processing 11 features
Processing 12 features
Processing 13 features
Processing 14 features
Processing 15 features
Processing 16 features
Processing 17 features
Processing 18 features
Processing 19 features
Processing 20 features
Processing 21 features
Processing 22 features
Processing 23 features
Processing 24 features
Processing 25 features
Processing 26 features
Processing 27 features
Processing 28 features
Processing 29 features
Processing 30 features
Processing 31 features
Processing 32 features
Processing 33 features
Processing 34 features
Processing 35 features
Processing 36 features
Processing 37 features
Processing 38 features
Processing 39 features
Processing 40 features
Processing 41 features
Processing 42 features
Processing 43 features
Processing 44 features
Processing 45 features
Processing 46 features
Processing 47 features
Processing 48 features
Processing 49 features
Processing 50 features
Saving results to: /home/slouviot/01_projects/eeg_brain_state_prediction/data/custom_envelope_caps/subject_level_feature_selection_session_level/sub-11_ses-02_task-checker_desc-CustomEnvBk8CapsEegOnly_predictions.csv
File saved successfully with 400 rows
Processing 1 features
Processing 2 features
Processing 3 features
Processing 4 features
Processing 5 features
Processing 6 features
Processing 7 features
Processing 8 features
Processing 9 features
Processing 10 features
Processing 11 features
Processing 12 features
Processing 13 features
Processing 14 features
Processing 15 features
Processing 16 features
Processing 17 features
Processing 18 features
Processing 19 features
Processing 20 features
Processing 21 features
Processing 22 features
Processing 23 features
Processing 24 features
Processing 25 features
Processing 26 features
Processing 27 features
Processing 28 features
Processing 29 features
Processing 30 features
Processing 31 features
Processing 32 features
Processing 33 features
Processing 34 features
Processing 35 features
Processing 36 features
Processing 37 features
Processing 38 features
Processing 39 features
Processing 40 features
Processing 41 features
Processing 42 features
Processing 43 features
Processing 44 features
Processing 45 features
Processing 46 features
Processing 47 features
Processing 48 features
Processing 49 features
Processing 50 features
Saving results to: /home/slouviot/01_projects/eeg_brain_state_prediction/data/custom_envelope_caps/subject_level_feature_selection_session_level/sub-12_ses-02_task-checker_desc-CustomEnvBk8CapsEegOnly_predictions.csv
File saved successfully with 400 rows
Processing 1 features
Processing 2 features
Processing 3 features
Processing 4 features
Processing 5 features
Processing 6 features
Processing 7 features
Processing 8 features
Processing 9 features
Processing 10 features
Processing 11 features
Processing 12 features
Processing 13 features
Processing 14 features
Processing 15 features
Processing 16 features
Processing 17 features
Processing 18 features
Processing 19 features
Processing 20 features
Processing 21 features
Processing 22 features
Processing 23 features
Processing 24 features
Processing 25 features
Processing 26 features
Processing 27 features
Processing 28 features
Processing 29 features
Processing 30 features
Processing 31 features
Processing 32 features
Processing 33 features
Processing 34 features
Processing 35 features
Processing 36 features
Processing 37 features
Processing 38 features
Processing 39 features
Processing 40 features
Processing 41 features
Processing 42 features
Processing 43 features
Processing 44 features
Processing 45 features
Processing 46 features
Processing 47 features
Processing 48 features
Processing 49 features
Processing 50 features
Saving results to: /home/slouviot/01_projects/eeg_brain_state_prediction/data/custom_envelope_caps/subject_level_feature_selection_session_level/sub-13_ses-02_task-checker_desc-CustomEnvBk8CapsEegOnly_predictions.csv
File saved successfully with 400 rows
Processing 1 features
Processing 2 features
Processing 3 features
Processing 4 features
Processing 5 features
Processing 6 features
Processing 7 features
Processing 8 features
Processing 9 features
Processing 10 features
Processing 11 features
Processing 12 features
Processing 13 features
Processing 14 features
Processing 15 features
Processing 16 features
Processing 17 features
Processing 18 features
Processing 19 features
Processing 20 features
Processing 21 features
Processing 22 features
Processing 23 features
Processing 24 features
Processing 25 features
Processing 26 features
Processing 27 features
Processing 28 features
Processing 29 features
Processing 30 features
Processing 31 features
Processing 32 features
Processing 33 features
Processing 34 features
Processing 35 features
Processing 36 features
Processing 37 features
Processing 38 features
Processing 39 features
Processing 40 features
Processing 41 features
Processing 42 features
Processing 43 features
Processing 44 features
Processing 45 features
Processing 46 features
Processing 47 features
Processing 48 features
Processing 49 features
Processing 50 features
Saving results to: /home/slouviot/01_projects/eeg_brain_state_prediction/data/custom_envelope_caps/subject_level_feature_selection_session_level/sub-14_ses-02_task-checker_desc-CustomEnvBk8CapsEegOnly_predictions.csv
File saved successfully with 400 rows
Processing 1 features
Processing 2 features
Processing 3 features
Processing 4 features
Processing 5 features
Processing 6 features
Processing 7 features
Processing 8 features
Processing 9 features
Processing 10 features
Processing 11 features
Processing 12 features
Processing 13 features
Processing 14 features
Processing 15 features
Processing 16 features
Processing 17 features
Processing 18 features
Processing 19 features
Processing 20 features
Processing 21 features
Processing 22 features
Processing 23 features
Processing 24 features
Processing 25 features
Processing 26 features
Processing 27 features
Processing 28 features
Processing 29 features
Processing 30 features
Processing 31 features
Processing 32 features
Processing 33 features
Processing 34 features
Processing 35 features
Processing 36 features
Processing 37 features
Processing 38 features
Processing 39 features
Processing 40 features
Processing 41 features
Processing 42 features
Processing 43 features
Processing 44 features
Processing 45 features
Processing 46 features
Processing 47 features
Processing 48 features
Processing 49 features
Processing 50 features
Saving results to: /home/slouviot/01_projects/eeg_brain_state_prediction/data/custom_envelope_caps/subject_level_feature_selection_session_level/sub-15_ses-02_task-checker_desc-CustomEnvBk8CapsEegOnly_predictions.csv
File saved successfully with 400 rows
Processing 1 features
Processing 2 features
Processing 3 features
Processing 4 features
Processing 5 features
Processing 6 features
Processing 7 features
Processing 8 features
Processing 9 features
Processing 10 features
Processing 11 features
Processing 12 features
Processing 13 features
Processing 14 features
Processing 15 features
Processing 16 features
Processing 17 features
Processing 18 features
Processing 19 features
Processing 20 features
Processing 21 features
Processing 22 features
Processing 23 features
Processing 24 features
Processing 25 features
Processing 26 features
Processing 27 features
Processing 28 features
Processing 29 features
Processing 30 features
Processing 31 features
Processing 32 features
Processing 33 features
Processing 34 features
Processing 35 features
Processing 36 features
Processing 37 features
Processing 38 features
Processing 39 features
Processing 40 features
Processing 41 features
Processing 42 features
Processing 43 features
Processing 44 features
Processing 45 features
Processing 46 features
Processing 47 features
Processing 48 features
Processing 49 features
Processing 50 features
Saving results to: /home/slouviot/01_projects/eeg_brain_state_prediction/data/custom_envelope_caps/subject_level_feature_selection_session_level/sub-20_ses-02_task-checker_desc-CustomEnvBk8CapsEegOnly_predictions.csv
File saved successfully with 400 rows
Processing 1 features
Processing 2 features
Processing 3 features
Processing 4 features
Processing 5 features
Processing 6 features
Processing 7 features
Processing 8 features
Processing 9 features
Processing 10 features
Processing 11 features
Processing 12 features
Processing 13 features
Processing 14 features
Processing 15 features
Processing 16 features
Processing 17 features
Processing 18 features
Processing 19 features
Processing 20 features
Processing 21 features
Processing 22 features
Processing 23 features
Processing 24 features
Processing 25 features
Processing 26 features
Processing 27 features
Processing 28 features
Processing 29 features
Processing 30 features
Processing 31 features
Processing 32 features
Processing 33 features
Processing 34 features
Processing 35 features
Processing 36 features
Processing 37 features
Processing 38 features
Processing 39 features
Processing 40 features
Processing 41 features
Processing 42 features
Processing 43 features
Processing 44 features
Processing 45 features
Processing 46 features
Processing 47 features
Processing 48 features
Processing 49 features
Processing 50 features
Saving results to: /home/slouviot/01_projects/eeg_brain_state_prediction/data/custom_envelope_caps/subject_level_feature_selection_session_level/sub-21_ses-02_task-checker_desc-CustomEnvBk8CapsEegOnly_predictions.csv
File saved successfully with 400 rows
Processing 1 features
Processing 2 features
Processing 3 features
Processing 4 features
Processing 5 features
Processing 6 features
Processing 7 features
Processing 8 features
Processing 9 features
Processing 10 features
Processing 11 features
Processing 12 features
Processing 13 features
Processing 14 features
Processing 15 features
Processing 16 features
Processing 17 features
Processing 18 features
Processing 19 features
Processing 20 features
Processing 21 features
Processing 22 features
Processing 23 features
Processing 24 features
Processing 25 features
Processing 26 features
Processing 27 features
Processing 28 features
Processing 29 features
Processing 30 features
Processing 31 features
Processing 32 features
Processing 33 features
Processing 34 features
Processing 35 features
Processing 36 features
Processing 37 features
Processing 38 features
Processing 39 features
Processing 40 features
Processing 41 features
Processing 42 features
Processing 43 features
Processing 44 features
Processing 45 features
Processing 46 features
Processing 47 features
Processing 48 features
Processing 49 features
Processing 50 features
Saving results to: /home/slouviot/01_projects/eeg_brain_state_prediction/data/custom_envelope_caps/subject_level_feature_selection_session_level/sub-22_ses-02_task-checker_desc-CustomEnvBk8CapsEegOnly_predictions.csv
File saved successfully with 400 rows
2025-02-20 10:21:18 - INFO - Saving results to: /home/slouviot/01_projects/eeg_brain_state_prediction/data/custom_envelope_caps/subject_level_feature_selection_session_level/sub-22_ses-02_task-checker_desc-CustomEnvBk8CapsEegOnly_predictions.csv
2025-02-20 10:21:18 - INFO - 
Processing completed successfully
Creating BIDS architecture with parameters: {'root': PosixPath('/data2/Projects/eeg_fmri_natview/derivatives'), 'datatype': 'multimodal', 'suffix': 'multimodal', 'description': 'CustomEnvBk8Caps', 'run': '01', 'task': 'checker', 'extension': '.pkl'}
Data root path exists: True
Full data root path: /data2/Projects/eeg_fmri_natview/derivatives
Database info: (32, 14)
Processing 1 features
Processing 2 features
Processing 3 features
Processing 4 features
Processing 5 features
Processing 6 features
Processing 7 features
Processing 8 features
Processing 9 features
Processing 10 features
Processing 11 features
Processing 12 features
Processing 13 features
Processing 14 features
Processing 15 features
Processing 16 features
Processing 17 features
Processing 18 features
Processing 19 features
Processing 20 features
Processing 21 features
Processing 22 features
Processing 23 features
Processing 24 features
Processing 25 features
Processing 26 features
Processing 27 features
Processing 28 features
Processing 29 features
Processing 30 features
Processing 31 features
Processing 32 features
Processing 33 features
Processing 34 features
Processing 35 features
Processing 36 features
Processing 37 features
Processing 38 features
Processing 39 features
Processing 40 features
Processing 41 features
Processing 42 features
Processing 43 features
Processing 44 features
Processing 45 features
Processing 46 features
Processing 47 features
Processing 48 features
Processing 49 features
Processing 50 features
Saving results to: /home/slouviot/01_projects/eeg_brain_state_prediction/data/custom_envelope_caps/subject_level_feature_selection_session_level/sub-06_ses-02_task-checker_desc-CustomEnvBk8CapsEegOnly_predictions.csv
File saved successfully with 400 rows
Processing 1 features
Processing 2 features
Processing 3 features
Processing 4 features
Processing 5 features
Processing 6 features
Processing 7 features
Processing 8 features
Processing 9 features
Processing 10 features
Processing 11 features
Processing 12 features
Processing 13 features
Processing 14 features
Processing 15 features
Processing 16 features
Processing 17 features
Processing 18 features
Processing 19 features
Processing 20 features
Processing 21 features
Processing 22 features
Processing 23 features
Processing 24 features
Processing 25 features
Processing 26 features
Processing 27 features
Processing 28 features
Processing 29 features
Processing 30 features
Processing 31 features
Processing 32 features
Processing 33 features
Processing 34 features
Processing 35 features
Processing 36 features
Processing 37 features
Processing 38 features
Processing 39 features
Processing 40 features
Processing 41 features
Processing 42 features
Processing 43 features
Processing 44 features
Processing 45 features
Processing 46 features
Processing 47 features
Processing 48 features
Processing 49 features
Processing 50 features
Saving results to: /home/slouviot/01_projects/eeg_brain_state_prediction/data/custom_envelope_caps/subject_level_feature_selection_session_level/sub-07_ses-02_task-checker_desc-CustomEnvBk8CapsEegOnly_predictions.csv
File saved successfully with 400 rows
Processing 1 features
Processing 2 features
Processing 3 features
Processing 4 features
Processing 5 features
Processing 6 features
Processing 7 features
Processing 8 features
Processing 9 features
Processing 10 features
Processing 11 features
Processing 12 features
Processing 13 features
Processing 14 features
Processing 15 features
Processing 16 features
Processing 17 features
Processing 18 features
Processing 19 features
Processing 20 features
Processing 21 features
Processing 22 features
Processing 23 features
Processing 24 features
Processing 25 features
Processing 26 features
Processing 27 features
Processing 28 features
Processing 29 features
Processing 30 features
Processing 31 features
Processing 32 features
Processing 33 features
Processing 34 features
Processing 35 features
Processing 36 features
Processing 37 features
Processing 38 features
Processing 39 features
Processing 40 features
Processing 41 features
Processing 42 features
Processing 43 features
Processing 44 features
Processing 45 features
Processing 46 features
Processing 47 features
Processing 48 features
Processing 49 features
Processing 50 features
Saving results to: /home/slouviot/01_projects/eeg_brain_state_prediction/data/custom_envelope_caps/subject_level_feature_selection_session_level/sub-08_ses-02_task-checker_desc-CustomEnvBk8CapsEegOnly_predictions.csv
File saved successfully with 400 rows
Processing 1 features
Processing 2 features
Processing 3 features
Processing 4 features
Processing 5 features
Processing 6 features
Processing 7 features
Processing 8 features
Processing 9 features
Processing 10 features
Processing 11 features
Processing 12 features
Processing 13 features
Processing 14 features
Processing 15 features
Processing 16 features
Processing 17 features
Processing 18 features
Processing 19 features
Processing 20 features
Processing 21 features
Processing 22 features
Processing 23 features
Processing 24 features
Processing 25 features
Processing 26 features
Processing 27 features
Processing 28 features
Processing 29 features
Processing 30 features
Processing 31 features
Processing 32 features
Processing 33 features
Processing 34 features
Processing 35 features
Processing 36 features
Processing 37 features
Processing 38 features
Processing 39 features
Processing 40 features
Processing 41 features
Processing 42 features
Processing 43 features
Processing 44 features
Processing 45 features
Processing 46 features
Processing 47 features
Processing 48 features
Processing 49 features
Processing 50 features
Saving results to: /home/slouviot/01_projects/eeg_brain_state_prediction/data/custom_envelope_caps/subject_level_feature_selection_session_level/sub-11_ses-02_task-checker_desc-CustomEnvBk8CapsEegOnly_predictions.csv
File saved successfully with 400 rows
Processing 1 features
Processing 2 features
Processing 3 features
Processing 4 features
Processing 5 features
Processing 6 features
Processing 7 features
Processing 8 features
Processing 9 features
Processing 10 features
Processing 11 features
Processing 12 features
Processing 13 features
Processing 14 features
Processing 15 features
Processing 16 features
Processing 17 features
Processing 18 features
Processing 19 features
Processing 20 features
Processing 21 features
Processing 22 features
Processing 23 features
Processing 24 features
Processing 25 features
Processing 26 features
Processing 27 features
Processing 28 features
Processing 29 features
Processing 30 features
Processing 31 features
Processing 32 features
Processing 33 features
Processing 34 features
Processing 35 features
Processing 36 features
Processing 37 features
Processing 38 features
Processing 39 features
Processing 40 features
Processing 41 features
Processing 42 features
Processing 43 features
Processing 44 features
Processing 45 features
Processing 46 features
Processing 47 features
Processing 48 features
Processing 49 features
Processing 50 features
Saving results to: /home/slouviot/01_projects/eeg_brain_state_prediction/data/custom_envelope_caps/subject_level_feature_selection_session_level/sub-12_ses-02_task-checker_desc-CustomEnvBk8CapsEegOnly_predictions.csv
File saved successfully with 400 rows
Processing 1 features
Processing 2 features
Processing 3 features
Processing 4 features
Processing 5 features
Processing 6 features
Processing 7 features
Processing 8 features
Processing 9 features
Processing 10 features
Processing 11 features
Processing 12 features
Processing 13 features
Processing 14 features
Processing 15 features
Processing 16 features
Processing 17 features
Processing 18 features
Processing 19 features
Processing 20 features
Processing 21 features
Processing 22 features
Processing 23 features
Processing 24 features
Processing 25 features
Processing 26 features
Processing 27 features
Processing 28 features
Processing 29 features
Processing 30 features
Processing 31 features
Processing 32 features
Processing 33 features
Processing 34 features
Processing 35 features
Processing 36 features
Processing 37 features
Processing 38 features
Processing 39 features
Processing 40 features
Processing 41 features
Processing 42 features
Processing 43 features
Processing 44 features
Processing 45 features
Processing 46 features
Processing 47 features
Processing 48 features
Processing 49 features
Processing 50 features
Saving results to: /home/slouviot/01_projects/eeg_brain_state_prediction/data/custom_envelope_caps/subject_level_feature_selection_session_level/sub-13_ses-02_task-checker_desc-CustomEnvBk8CapsEegOnly_predictions.csv
File saved successfully with 400 rows
Processing 1 features
Processing 2 features
Processing 3 features
Processing 4 features
Processing 5 features
Processing 6 features
Processing 7 features
Processing 8 features
Processing 9 features
Processing 10 features
Processing 11 features
Processing 12 features
Processing 13 features
Processing 14 features
Processing 15 features
Processing 16 features
Processing 17 features
Processing 18 features
Processing 19 features
Processing 20 features
Processing 21 features
Processing 22 features
Processing 23 features
Processing 24 features
Processing 25 features
Processing 26 features
Processing 27 features
Processing 28 features
Processing 29 features
Processing 30 features
Processing 31 features
Processing 32 features
Processing 33 features
Processing 34 features
Processing 35 features
Processing 36 features
Processing 37 features
Processing 38 features
Processing 39 features
Processing 40 features
Processing 41 features
Processing 42 features
Processing 43 features
Processing 44 features
Processing 45 features
Processing 46 features
Processing 47 features
Processing 48 features
Processing 49 features
Processing 50 features
Saving results to: /home/slouviot/01_projects/eeg_brain_state_prediction/data/custom_envelope_caps/subject_level_feature_selection_session_level/sub-14_ses-02_task-checker_desc-CustomEnvBk8CapsEegOnly_predictions.csv
File saved successfully with 400 rows
Processing 1 features
Processing 2 features
Processing 3 features
Processing 4 features
Processing 5 features
Processing 6 features
Processing 7 features
Processing 8 features
Processing 9 features
Processing 10 features
Processing 11 features
Processing 12 features
Processing 13 features
Processing 14 features
Processing 15 features
Processing 16 features
Processing 17 features
Processing 18 features
Processing 19 features
Processing 20 features
Processing 21 features
Processing 22 features
Processing 23 features
Processing 24 features
Processing 25 features
Processing 26 features
Processing 27 features
Processing 28 features
Processing 29 features
Processing 30 features
Processing 31 features
Processing 32 features
Processing 33 features
Processing 34 features
Processing 35 features
Processing 36 features
Processing 37 features
Processing 38 features
Processing 39 features
Processing 40 features
Processing 41 features
Processing 42 features
Processing 43 features
Processing 44 features
Processing 45 features
Processing 46 features
Processing 47 features
Processing 48 features
Processing 49 features
Processing 50 features
Saving results to: /home/slouviot/01_projects/eeg_brain_state_prediction/data/custom_envelope_caps/subject_level_feature_selection_session_level/sub-15_ses-02_task-checker_desc-CustomEnvBk8CapsEegOnly_predictions.csv
File saved successfully with 400 rows
Processing 1 features
Processing 2 features
Processing 3 features
Processing 4 features
Processing 5 features
Processing 6 features
Processing 7 features
Processing 8 features
Processing 9 features
Processing 10 features
Processing 11 features
Processing 12 features
Processing 13 features
Processing 14 features
Processing 15 features
Processing 16 features
Processing 17 features
Processing 18 features
Processing 19 features
Processing 20 features
Processing 21 features
Processing 22 features
Processing 23 features
Processing 24 features
Processing 25 features
Processing 26 features
Processing 27 features
Processing 28 features
Processing 29 features
Processing 30 features
Processing 31 features
Processing 32 features
Processing 33 features
Processing 34 features
Processing 35 features
Processing 36 features
Processing 37 features
Processing 38 features
Processing 39 features
Processing 40 features
Processing 41 features
Processing 42 features
Processing 43 features
Processing 44 features
Processing 45 features
Processing 46 features
Processing 47 features
Processing 48 features
Processing 49 features
Processing 50 features
Saving results to: /home/slouviot/01_projects/eeg_brain_state_prediction/data/custom_envelope_caps/subject_level_feature_selection_session_level/sub-20_ses-02_task-checker_desc-CustomEnvBk8CapsEegOnly_predictions.csv
File saved successfully with 400 rows
Processing 1 features
Processing 2 features
Processing 3 features
Processing 4 features
Processing 5 features
Processing 6 features
Processing 7 features
Processing 8 features
Processing 9 features
Processing 10 features
Processing 11 features
Processing 12 features
Processing 13 features
Processing 14 features
Processing 15 features
Processing 16 features
Processing 17 features
Processing 18 features
Processing 19 features
Processing 20 features
Processing 21 features
Processing 22 features
Processing 23 features
Processing 24 features
Processing 25 features
Processing 26 features
Processing 27 features
Processing 28 features
Processing 29 features
Processing 30 features
Processing 31 features
Processing 32 features
Processing 33 features
Processing 34 features
Processing 35 features
Processing 36 features
Processing 37 features
Processing 38 features
Processing 39 features
Processing 40 features
Processing 41 features
Processing 42 features
Processing 43 features
Processing 44 features
Processing 45 features
Processing 46 features
Processing 47 features
Processing 48 features
Processing 49 features
Processing 50 features
Saving results to: /home/slouviot/01_projects/eeg_brain_state_prediction/data/custom_envelope_caps/subject_level_feature_selection_session_level/sub-21_ses-02_task-checker_desc-CustomEnvBk8CapsEegOnly_predictions.csv
File saved successfully with 400 rows
Processing 1 features
Processing 2 features
Processing 3 features
Processing 4 features
Processing 5 features
Processing 6 features
Processing 7 features
Processing 8 features
Processing 9 features
Processing 10 features
Processing 11 features
Processing 12 features
Processing 13 features
Processing 14 features
Processing 15 features
Processing 16 features
Processing 17 features
Processing 18 features
Processing 19 features
Processing 20 features
Processing 21 features
Processing 22 features
Processing 23 features
Processing 24 features
Processing 25 features
Processing 26 features
Processing 27 features
Processing 28 features
Processing 29 features
Processing 30 features
Processing 31 features
Processing 32 features
Processing 33 features
Processing 34 features
Processing 35 features
Processing 36 features
Processing 37 features
Processing 38 features
Processing 39 features
Processing 40 features
Processing 41 features
Processing 42 features
Processing 43 features
Processing 44 features
Processing 45 features
Processing 46 features
Processing 47 features
Processing 48 features
Processing 49 features
Processing 50 features
Saving results to: /home/slouviot/01_projects/eeg_brain_state_prediction/data/custom_envelope_caps/subject_level_feature_selection_session_level/sub-22_ses-02_task-checker_desc-CustomEnvBk8CapsEegOnly_predictions.csv
File saved successfully with 400 rows
Error.  nthreads cannot be larger than environment variable "NUMEXPR_MAX_THREADS" (64)2025-02-20 10:21:21 - INFO - Starting processing with task: rest, description: CustomEnvBk8Caps
2025-02-20 10:21:21 - INFO - 
Config Debug:
2025-02-20 10:21:21 - INFO - Code root: /home/slouviot/01_projects/eeg_brain_state_prediction
2025-02-20 10:21:21 - INFO - Data root: /data2/Projects/eeg_fmri_natview/derivatives
2025-02-20 10:21:21 - INFO - Data directory: data/custom_envelope_caps/subject_level_feature_selection_session_level
2025-02-20 10:21:21 - INFO - Found 18 subjects to process
2025-02-20 10:21:26 - INFO - 
Processing subject: 04
2025-02-20 10:26:15 - INFO - Saving results to: /home/slouviot/01_projects/eeg_brain_state_prediction/data/custom_envelope_caps/subject_level_feature_selection_session_level/sub-04_ses-02_task-rest_desc-CustomEnvBk8CapsEegOnly_predictions.csv
2025-02-20 10:26:15 - INFO - 
Processing subject: 06
2025-02-20 10:36:18 - INFO - Saving results to: /home/slouviot/01_projects/eeg_brain_state_prediction/data/custom_envelope_caps/subject_level_feature_selection_session_level/sub-06_ses-02_task-rest_desc-CustomEnvBk8CapsEegOnly_predictions.csv
2025-02-20 10:36:18 - INFO - 
Processing subject: 07
2025-02-20 10:40:30 - INFO - Saving results to: /home/slouviot/01_projects/eeg_brain_state_prediction/data/custom_envelope_caps/subject_level_feature_selection_session_level/sub-07_ses-02_task-rest_desc-CustomEnvBk8CapsEegOnly_predictions.csv
2025-02-20 10:40:30 - INFO - 
Processing subject: 08
2025-02-20 10:44:18 - INFO - Saving results to: /home/slouviot/01_projects/eeg_brain_state_prediction/data/custom_envelope_caps/subject_level_feature_selection_session_level/sub-08_ses-02_task-rest_desc-CustomEnvBk8CapsEegOnly_predictions.csv
2025-02-20 10:44:18 - INFO - 
Processing subject: 12
2025-02-20 10:48:01 - INFO - Saving results to: /home/slouviot/01_projects/eeg_brain_state_prediction/data/custom_envelope_caps/subject_level_feature_selection_session_level/sub-12_ses-02_task-rest_desc-CustomEnvBk8CapsEegOnly_predictions.csv
2025-02-20 10:48:01 - INFO - 
Processing subject: 13
2025-02-20 10:51:41 - INFO - Saving results to: /home/slouviot/01_projects/eeg_brain_state_prediction/data/custom_envelope_caps/subject_level_feature_selection_session_level/sub-13_ses-02_task-rest_desc-CustomEnvBk8CapsEegOnly_predictions.csv
2025-02-20 10:51:41 - INFO - 
Processing subject: 14
2025-02-20 10:55:24 - INFO - Saving results to: /home/slouviot/01_projects/eeg_brain_state_prediction/data/custom_envelope_caps/subject_level_feature_selection_session_level/sub-14_ses-02_task-rest_desc-CustomEnvBk8CapsEegOnly_predictions.csv
2025-02-20 10:55:24 - INFO - 
Processing subject: 15
2025-02-20 10:59:11 - INFO - Saving results to: /home/slouviot/01_projects/eeg_brain_state_prediction/data/custom_envelope_caps/subject_level_feature_selection_session_level/sub-15_ses-02_task-rest_desc-CustomEnvBk8CapsEegOnly_predictions.csv
2025-02-20 10:59:11 - INFO - 
Processing subject: 16
2025-02-20 11:02:56 - INFO - Saving results to: /home/slouviot/01_projects/eeg_brain_state_prediction/data/custom_envelope_caps/subject_level_feature_selection_session_level/sub-16_ses-02_task-rest_desc-CustomEnvBk8CapsEegOnly_predictions.csv
2025-02-20 11:02:56 - INFO - 
Processing subject: 20
2025-02-20 11:06:36 - INFO - Saving results to: /home/slouviot/01_projects/eeg_brain_state_prediction/data/custom_envelope_caps/subject_level_feature_selection_session_level/sub-20_ses-02_task-rest_desc-CustomEnvBk8CapsEegOnly_predictions.csv
2025-02-20 11:06:36 - INFO - 
Processing subject: 21
2025-02-20 11:10:19 - INFO - Saving results to: /home/slouviot/01_projects/eeg_brain_state_prediction/data/custom_envelope_caps/subject_level_feature_selection_session_level/sub-21_ses-02_task-rest_desc-CustomEnvBk8CapsEegOnly_predictions.csv
2025-02-20 11:10:19 - INFO - 
Processing subject: 22
2025-02-20 11:14:01 - INFO - Saving results to: /home/slouviot/01_projects/eeg_brain_state_prediction/data/custom_envelope_caps/subject_level_feature_selection_session_level/sub-22_ses-02_task-rest_desc-CustomEnvBk8CapsEegOnly_predictions.csv
2025-02-20 11:14:01 - INFO - 
Processing completed successfully
Creating BIDS architecture with parameters: {'root': PosixPath('/data2/Projects/eeg_fmri_natview/derivatives'), 'datatype': 'multimodal', 'suffix': 'multimodal', 'description': 'CustomEnvBk8Caps', 'run': '01', 'task': 'rest', 'extension': '.pkl'}
Data root path exists: True
Full data root path: /data2/Projects/eeg_fmri_natview/derivatives
Database info: (32, 14)
Processing 1 features
Processing 2 features
Processing 3 features
Processing 4 features
Processing 5 features
Processing 6 features
Processing 7 features
Processing 8 features
Processing 9 features
Processing 10 features
Processing 11 features
Processing 12 features
Processing 13 features
Processing 14 features
Processing 15 features
Processing 16 features
Processing 17 features
Processing 18 features
Processing 19 features
Processing 20 features
Processing 21 features
Processing 22 features
Processing 23 features
Processing 24 features
Processing 25 features
Processing 26 features
Processing 27 features
Processing 28 features
Processing 29 features
Processing 30 features
Processing 31 features
Processing 32 features
Processing 33 features
Processing 34 features
Processing 35 features
Processing 36 features
Processing 37 features
Processing 38 features
Processing 39 features
Processing 40 features
Processing 41 features
Processing 42 features
Processing 43 features
Processing 44 features
Processing 45 features
Processing 46 features
Processing 47 features
Processing 48 features
Processing 49 features
Processing 50 features
Saving results to: /home/slouviot/01_projects/eeg_brain_state_prediction/data/custom_envelope_caps/subject_level_feature_selection_session_level/sub-04_ses-02_task-rest_desc-CustomEnvBk8CapsEegOnly_predictions.csv
File saved successfully with 400 rows
Processing 1 features
Processing 2 features
Processing 3 features
Processing 4 features
Processing 5 features
Processing 6 features
Processing 7 features
Processing 8 features
Processing 9 features
Processing 10 features
Processing 11 features
Processing 12 features
Processing 13 features
Processing 14 features
Processing 15 features
Processing 16 features
Processing 17 features
Processing 18 features
Processing 19 features
Processing 20 features
Processing 21 features
Processing 22 features
Processing 23 features
Processing 24 features
Processing 25 features
Processing 26 features
Processing 27 features
Processing 28 features
Processing 29 features
Processing 30 features
Processing 31 features
Processing 32 features
Processing 33 features
Processing 34 features
Processing 35 features
Processing 36 features
Processing 37 features
Processing 38 features
Processing 39 features
Processing 40 features
Processing 41 features
Processing 42 features
Processing 43 features
Processing 44 features
Processing 45 features
Processing 46 features
Processing 47 features
Processing 48 features
Processing 49 features
Processing 50 features
Saving results to: /home/slouviot/01_projects/eeg_brain_state_prediction/data/custom_envelope_caps/subject_level_feature_selection_session_level/sub-06_ses-02_task-rest_desc-CustomEnvBk8CapsEegOnly_predictions.csv
File saved successfully with 400 rows
Processing 1 features
Processing 2 features
Processing 3 features
Processing 4 features
Processing 5 features
Processing 6 features
Processing 7 features
Processing 8 features
Processing 9 features
Processing 10 features
Processing 11 features
Processing 12 features
Processing 13 features
Processing 14 features
Processing 15 features
Processing 16 features
Processing 17 features
Processing 18 features
Processing 19 features
Processing 20 features
Processing 21 features
Processing 22 features
Processing 23 features
Processing 24 features
Processing 25 features
Processing 26 features
Processing 27 features
Processing 28 features
Processing 29 features
Processing 30 features
Processing 31 features
Processing 32 features
Processing 33 features
Processing 34 features
Processing 35 features
Processing 36 features
Processing 37 features
Processing 38 features
Processing 39 features
Processing 40 features
Processing 41 features
Processing 42 features
Processing 43 features
Processing 44 features
Processing 45 features
Processing 46 features
Processing 47 features
Processing 48 features
Processing 49 features
Processing 50 features
Saving results to: /home/slouviot/01_projects/eeg_brain_state_prediction/data/custom_envelope_caps/subject_level_feature_selection_session_level/sub-07_ses-02_task-rest_desc-CustomEnvBk8CapsEegOnly_predictions.csv
File saved successfully with 400 rows
Processing 1 features
Processing 2 features
Processing 3 features
Processing 4 features
Processing 5 features
Processing 6 features
Processing 7 features
Processing 8 features
Processing 9 features
Processing 10 features
Processing 11 features
Processing 12 features
Processing 13 features
Processing 14 features
Processing 15 features
Processing 16 features
Processing 17 features
Processing 18 features
Processing 19 features
Processing 20 features
Processing 21 features
Processing 22 features
Processing 23 features
Processing 24 features
Processing 25 features
Processing 26 features
Processing 27 features
Processing 28 features
Processing 29 features
Processing 30 features
Processing 31 features
Processing 32 features
Processing 33 features
Processing 34 features
Processing 35 features
Processing 36 features
Processing 37 features
Processing 38 features
Processing 39 features
Processing 40 features
Processing 41 features
Processing 42 features
Processing 43 features
Processing 44 features
Processing 45 features
Processing 46 features
Processing 47 features
Processing 48 features
Processing 49 features
Processing 50 features
Saving results to: /home/slouviot/01_projects/eeg_brain_state_prediction/data/custom_envelope_caps/subject_level_feature_selection_session_level/sub-08_ses-02_task-rest_desc-CustomEnvBk8CapsEegOnly_predictions.csv
File saved successfully with 400 rows
Processing 1 features
Processing 2 features
Processing 3 features
Processing 4 features
Processing 5 features
Processing 6 features
Processing 7 features
Processing 8 features
Processing 9 features
Processing 10 features
Processing 11 features
Processing 12 features
Processing 13 features
Processing 14 features
Processing 15 features
Processing 16 features
Processing 17 features
Processing 18 features
Processing 19 features
Processing 20 features
Processing 21 features
Processing 22 features
Processing 23 features
Processing 24 features
Processing 25 features
Processing 26 features
Processing 27 features
Processing 28 features
Processing 29 features
Processing 30 features
Processing 31 features
Processing 32 features
Processing 33 features
Processing 34 features
Processing 35 features
Processing 36 features
Processing 37 features
Processing 38 features
Processing 39 features
Processing 40 features
Processing 41 features
Processing 42 features
Processing 43 features
Processing 44 features
Processing 45 features
Processing 46 features
Processing 47 features
Processing 48 features
Processing 49 features
Processing 50 features
Saving results to: /home/slouviot/01_projects/eeg_brain_state_prediction/data/custom_envelope_caps/subject_level_feature_selection_session_level/sub-12_ses-02_task-rest_desc-CustomEnvBk8CapsEegOnly_predictions.csv
File saved successfully with 400 rows
Processing 1 features
Processing 2 features
Processing 3 features
Processing 4 features
Processing 5 features
Processing 6 features
Processing 7 features
Processing 8 features
Processing 9 features
Processing 10 features
Processing 11 features
Processing 12 features
Processing 13 features
Processing 14 features
Processing 15 features
Processing 16 features
Processing 17 features
Processing 18 features
Processing 19 features
Processing 20 features
Processing 21 features
Processing 22 features
Processing 23 features
Processing 24 features
Processing 25 features
Processing 26 features
Processing 27 features
Processing 28 features
Processing 29 features
Processing 30 features
Processing 31 features
Processing 32 features
Processing 33 features
Processing 34 features
Processing 35 features
Processing 36 features
Processing 37 features
Processing 38 features
Processing 39 features
Processing 40 features
Processing 41 features
Processing 42 features
Processing 43 features
Processing 44 features
Processing 45 features
Processing 46 features
Processing 47 features
Processing 48 features
Processing 49 features
Processing 50 features
Saving results to: /home/slouviot/01_projects/eeg_brain_state_prediction/data/custom_envelope_caps/subject_level_feature_selection_session_level/sub-13_ses-02_task-rest_desc-CustomEnvBk8CapsEegOnly_predictions.csv
File saved successfully with 400 rows
Processing 1 features
Processing 2 features
Processing 3 features
Processing 4 features
Processing 5 features
Processing 6 features
Processing 7 features
Processing 8 features
Processing 9 features
Processing 10 features
Processing 11 features
Processing 12 features
Processing 13 features
Processing 14 features
Processing 15 features
Processing 16 features
Processing 17 features
Processing 18 features
Processing 19 features
Processing 20 features
Processing 21 features
Processing 22 features
Processing 23 features
Processing 24 features
Processing 25 features
Processing 26 features
Processing 27 features
Processing 28 features
Processing 29 features
Processing 30 features
Processing 31 features
Processing 32 features
Processing 33 features
Processing 34 features
Processing 35 features
Processing 36 features
Processing 37 features
Processing 38 features
Processing 39 features
Processing 40 features
Processing 41 features
Processing 42 features
Processing 43 features
Processing 44 features
Processing 45 features
Processing 46 features
Processing 47 features
Processing 48 features
Processing 49 features
Processing 50 features
Saving results to: /home/slouviot/01_projects/eeg_brain_state_prediction/data/custom_envelope_caps/subject_level_feature_selection_session_level/sub-14_ses-02_task-rest_desc-CustomEnvBk8CapsEegOnly_predictions.csv
File saved successfully with 400 rows
Processing 1 features
Processing 2 features
Processing 3 features
Processing 4 features
Processing 5 features
Processing 6 features
Processing 7 features
Processing 8 features
Processing 9 features
Processing 10 features
Processing 11 features
Processing 12 features
Processing 13 features
Processing 14 features
Processing 15 features
Processing 16 features
Processing 17 features
Processing 18 features
Processing 19 features
Processing 20 features
Processing 21 features
Processing 22 features
Processing 23 features
Processing 24 features
Processing 25 features
Processing 26 features
Processing 27 features
Processing 28 features
Processing 29 features
Processing 30 features
Processing 31 features
Processing 32 features
Processing 33 features
Processing 34 features
Processing 35 features
Processing 36 features
Processing 37 features
Processing 38 features
Processing 39 features
Processing 40 features
Processing 41 features
Processing 42 features
Processing 43 features
Processing 44 features
Processing 45 features
Processing 46 features
Processing 47 features
Processing 48 features
Processing 49 features
Processing 50 features
Saving results to: /home/slouviot/01_projects/eeg_brain_state_prediction/data/custom_envelope_caps/subject_level_feature_selection_session_level/sub-15_ses-02_task-rest_desc-CustomEnvBk8CapsEegOnly_predictions.csv
File saved successfully with 400 rows
Processing 1 features
Processing 2 features
Processing 3 features
Processing 4 features
Processing 5 features
Processing 6 features
Processing 7 features
Processing 8 features
Processing 9 features
Processing 10 features
Processing 11 features
Processing 12 features
Processing 13 features
Processing 14 features
Processing 15 features
Processing 16 features
Processing 17 features
Processing 18 features
Processing 19 features
Processing 20 features
Processing 21 features
Processing 22 features
Processing 23 features
Processing 24 features
Processing 25 features
Processing 26 features
Processing 27 features
Processing 28 features
Processing 29 features
Processing 30 features
Processing 31 features
Processing 32 features
Processing 33 features
Processing 34 features
Processing 35 features
Processing 36 features
Processing 37 features
Processing 38 features
Processing 39 features
Processing 40 features
Processing 41 features
Processing 42 features
Processing 43 features
Processing 44 features
Processing 45 features
Processing 46 features
Processing 47 features
Processing 48 features
Processing 49 features
Processing 50 features
Saving results to: /home/slouviot/01_projects/eeg_brain_state_prediction/data/custom_envelope_caps/subject_level_feature_selection_session_level/sub-16_ses-02_task-rest_desc-CustomEnvBk8CapsEegOnly_predictions.csv
File saved successfully with 400 rows
Processing 1 features
Processing 2 features
Processing 3 features
Processing 4 features
Processing 5 features
Processing 6 features
Processing 7 features
Processing 8 features
Processing 9 features
Processing 10 features
Processing 11 features
Processing 12 features
Processing 13 features
Processing 14 features
Processing 15 features
Processing 16 features
Processing 17 features
Processing 18 features
Processing 19 features
Processing 20 features
Processing 21 features
Processing 22 features
Processing 23 features
Processing 24 features
Processing 25 features
Processing 26 features
Processing 27 features
Processing 28 features
Processing 29 features
Processing 30 features
Processing 31 features
Processing 32 features
Processing 33 features
Processing 34 features
Processing 35 features
Processing 36 features
Processing 37 features
Processing 38 features
Processing 39 features
Processing 40 features
Processing 41 features
Processing 42 features
Processing 43 features
Processing 44 features
Processing 45 features
Processing 46 features
Processing 47 features
Processing 48 features
Processing 49 features
Processing 50 features
Saving results to: /home/slouviot/01_projects/eeg_brain_state_prediction/data/custom_envelope_caps/subject_level_feature_selection_session_level/sub-20_ses-02_task-rest_desc-CustomEnvBk8CapsEegOnly_predictions.csv
File saved successfully with 400 rows
Processing 1 features
Processing 2 features
Processing 3 features
Processing 4 features
Processing 5 features
Processing 6 features
Processing 7 features
Processing 8 features
Processing 9 features
Processing 10 features
Processing 11 features
Processing 12 features
Processing 13 features
Processing 14 features
Processing 15 features
Processing 16 features
Processing 17 features
Processing 18 features
Processing 19 features
Processing 20 features
Processing 21 features
Processing 22 features
Processing 23 features
Processing 24 features
Processing 25 features
Processing 26 features
Processing 27 features
Processing 28 features
Processing 29 features
Processing 30 features
Processing 31 features
Processing 32 features
Processing 33 features
Processing 34 features
Processing 35 features
Processing 36 features
Processing 37 features
Processing 38 features
Processing 39 features
Processing 40 features
Processing 41 features
Processing 42 features
Processing 43 features
Processing 44 features
Processing 45 features
Processing 46 features
Processing 47 features
Processing 48 features
Processing 49 features
Processing 50 features
Saving results to: /home/slouviot/01_projects/eeg_brain_state_prediction/data/custom_envelope_caps/subject_level_feature_selection_session_level/sub-21_ses-02_task-rest_desc-CustomEnvBk8CapsEegOnly_predictions.csv
File saved successfully with 400 rows
Processing 1 features
Processing 2 features
Processing 3 features
Processing 4 features
Processing 5 features
Processing 6 features
Processing 7 features
Processing 8 features
Processing 9 features
Processing 10 features
Processing 11 features
Processing 12 features
Processing 13 features
Processing 14 features
Processing 15 features
Processing 16 features
Processing 17 features
Processing 18 features
Processing 19 features
Processing 20 features
Processing 21 features
Processing 22 features
Processing 23 features
Processing 24 features
Processing 25 features
Processing 26 features
Processing 27 features
Processing 28 features
Processing 29 features
Processing 30 features
Processing 31 features
Processing 32 features
Processing 33 features
Processing 34 features
Processing 35 features
Processing 36 features
Processing 37 features
Processing 38 features
Processing 39 features
Processing 40 features
Processing 41 features
Processing 42 features
Processing 43 features
Processing 44 features
Processing 45 features
Processing 46 features
Processing 47 features
Processing 48 features
Processing 49 features
Processing 50 features
Saving results to: /home/slouviot/01_projects/eeg_brain_state_prediction/data/custom_envelope_caps/subject_level_feature_selection_session_level/sub-22_ses-02_task-rest_desc-CustomEnvBk8CapsEegOnly_predictions.csv
File saved successfully with 400 rows
Error.  nthreads cannot be larger than environment variable "NUMEXPR_MAX_THREADS" (64)2025-02-20 11:14:05 - INFO - Starting processing with task: rest, description: CustomEnvBk8Caps
2025-02-20 11:14:05 - INFO - 
Config Debug:
2025-02-20 11:14:05 - INFO - Code root: /home/slouviot/01_projects/eeg_brain_state_prediction
2025-02-20 11:14:05 - INFO - Data root: /data2/Projects/eeg_fmri_natview/derivatives
2025-02-20 11:14:05 - INFO - Data directory: data/custom_envelope_caps/subject_level_feature_selection_session_level
2025-02-20 11:14:05 - INFO - Found 18 subjects to process
2025-02-20 11:14:10 - INFO - 
Processing subject: 04
2025-02-20 11:23:07 - INFO - Saving results to: /home/slouviot/01_projects/eeg_brain_state_prediction/data/custom_envelope_caps/subject_level_feature_selection_session_level/sub-04_ses-02_task-rest_desc-CustomEnvBk8CapsWithPupil_predictions.csv
2025-02-20 11:23:07 - INFO - 
Processing subject: 06
2025-02-20 11:32:04 - INFO - Saving results to: /home/slouviot/01_projects/eeg_brain_state_prediction/data/custom_envelope_caps/subject_level_feature_selection_session_level/sub-06_ses-02_task-rest_desc-CustomEnvBk8CapsWithPupil_predictions.csv
2025-02-20 11:32:04 - INFO - 
Processing subject: 07
2025-02-20 11:41:16 - INFO - Saving results to: /home/slouviot/01_projects/eeg_brain_state_prediction/data/custom_envelope_caps/subject_level_feature_selection_session_level/sub-07_ses-02_task-rest_desc-CustomEnvBk8CapsWithPupil_predictions.csv
2025-02-20 11:41:16 - INFO - 
Processing subject: 08
2025-02-20 11:50:34 - INFO - Saving results to: /home/slouviot/01_projects/eeg_brain_state_prediction/data/custom_envelope_caps/subject_level_feature_selection_session_level/sub-08_ses-02_task-rest_desc-CustomEnvBk8CapsWithPupil_predictions.csv
2025-02-20 11:50:34 - INFO - 
Processing subject: 12
2025-02-20 11:59:37 - INFO - Saving results to: /home/slouviot/01_projects/eeg_brain_state_prediction/data/custom_envelope_caps/subject_level_feature_selection_session_level/sub-12_ses-02_task-rest_desc-CustomEnvBk8CapsWithPupil_predictions.csv
2025-02-20 11:59:37 - INFO - 
Processing subject: 13
2025-02-20 12:08:53 - INFO - Saving results to: /home/slouviot/01_projects/eeg_brain_state_prediction/data/custom_envelope_caps/subject_level_feature_selection_session_level/sub-13_ses-02_task-rest_desc-CustomEnvBk8CapsWithPupil_predictions.csv
2025-02-20 12:08:53 - INFO - 
Processing subject: 14
2025-02-20 12:18:07 - INFO - Saving results to: /home/slouviot/01_projects/eeg_brain_state_prediction/data/custom_envelope_caps/subject_level_feature_selection_session_level/sub-14_ses-02_task-rest_desc-CustomEnvBk8CapsWithPupil_predictions.csv
2025-02-20 12:18:07 - INFO - 
Processing subject: 15
2025-02-20 12:27:17 - INFO - Saving results to: /home/slouviot/01_projects/eeg_brain_state_prediction/data/custom_envelope_caps/subject_level_feature_selection_session_level/sub-15_ses-02_task-rest_desc-CustomEnvBk8CapsWithPupil_predictions.csv
2025-02-20 12:27:17 - INFO - 
Processing subject: 16
2025-02-20 12:36:21 - INFO - Saving results to: /home/slouviot/01_projects/eeg_brain_state_prediction/data/custom_envelope_caps/subject_level_feature_selection_session_level/sub-16_ses-02_task-rest_desc-CustomEnvBk8CapsWithPupil_predictions.csv
2025-02-20 12:36:21 - INFO - 
Processing subject: 20
2025-02-20 12:45:18 - INFO - Saving results to: /home/slouviot/01_projects/eeg_brain_state_prediction/data/custom_envelope_caps/subject_level_feature_selection_session_level/sub-20_ses-02_task-rest_desc-CustomEnvBk8CapsWithPupil_predictions.csv
2025-02-20 12:45:18 - INFO - 
Processing subject: 21
2025-02-20 12:54:50 - INFO - Saving results to: /home/slouviot/01_projects/eeg_brain_state_prediction/data/custom_envelope_caps/subject_level_feature_selection_session_level/sub-21_ses-02_task-rest_desc-CustomEnvBk8CapsWithPupil_predictions.csv
2025-02-20 12:54:50 - INFO - 
Processing subject: 22
2025-02-20 13:03:56 - INFO - Saving results to: /home/slouviot/01_projects/eeg_brain_state_prediction/data/custom_envelope_caps/subject_level_feature_selection_session_level/sub-22_ses-02_task-rest_desc-CustomEnvBk8CapsWithPupil_predictions.csv
2025-02-20 13:03:56 - INFO - 
Processing completed successfully
Creating BIDS architecture with parameters: {'root': PosixPath('/data2/Projects/eeg_fmri_natview/derivatives'), 'datatype': 'multimodal', 'suffix': 'multimodal', 'description': 'CustomEnvBk8Caps', 'run': '01', 'task': 'rest', 'extension': '.pkl'}
Data root path exists: True
Full data root path: /data2/Projects/eeg_fmri_natview/derivatives
Database info: (32, 14)
Processing 1 features
Processing 2 features
Processing 3 features
Processing 4 features
Processing 5 features
Processing 6 features
Processing 7 features
Processing 8 features
Processing 9 features
Processing 10 features
Processing 11 features
Processing 12 features
Processing 13 features
Processing 14 features
Processing 15 features
Processing 16 features
Processing 17 features
Processing 18 features
Processing 19 features
Processing 20 features
Processing 21 features
Processing 22 features
Processing 23 features
Processing 24 features
Processing 25 features
Processing 26 features
Processing 27 features
Processing 28 features
Processing 29 features
Processing 30 features
Processing 31 features
Processing 32 features
Processing 33 features
Processing 34 features
Processing 35 features
Processing 36 features
Processing 37 features
Processing 38 features
Processing 39 features
Processing 40 features
Processing 41 features
Processing 42 features
Processing 43 features
Processing 44 features
Processing 45 features
Processing 46 features
Processing 47 features
Processing 48 features
Processing 49 features
Processing 50 features
Saving results to: /home/slouviot/01_projects/eeg_brain_state_prediction/data/custom_envelope_caps/subject_level_feature_selection_session_level/sub-04_ses-02_task-rest_desc-CustomEnvBk8CapsWithPupil_predictions.csv
File saved successfully with 400 rows
Processing 1 features
Processing 2 features
Processing 3 features
Processing 4 features
Processing 5 features
Processing 6 features
Processing 7 features
Processing 8 features
Processing 9 features
Processing 10 features
Processing 11 features
Processing 12 features
Processing 13 features
Processing 14 features
Processing 15 features
Processing 16 features
Processing 17 features
Processing 18 features
Processing 19 features
Processing 20 features
Processing 21 features
Processing 22 features
Processing 23 features
Processing 24 features
Processing 25 features
Processing 26 features
Processing 27 features
Processing 28 features
Processing 29 features
Processing 30 features
Processing 31 features
Processing 32 features
Processing 33 features
Processing 34 features
Processing 35 features
Processing 36 features
Processing 37 features
Processing 38 features
Processing 39 features
Processing 40 features
Processing 41 features
Processing 42 features
Processing 43 features
Processing 44 features
Processing 45 features
Processing 46 features
Processing 47 features
Processing 48 features
Processing 49 features
Processing 50 features
Saving results to: /home/slouviot/01_projects/eeg_brain_state_prediction/data/custom_envelope_caps/subject_level_feature_selection_session_level/sub-06_ses-02_task-rest_desc-CustomEnvBk8CapsWithPupil_predictions.csv
File saved successfully with 400 rows
Processing 1 features
Processing 2 features
Processing 3 features
Processing 4 features
Processing 5 features
Processing 6 features
Processing 7 features
Processing 8 features
Processing 9 features
Processing 10 features
Processing 11 features
Processing 12 features
Processing 13 features
Processing 14 features
Processing 15 features
Processing 16 features
Processing 17 features
Processing 18 features
Processing 19 features
Processing 20 features
Processing 21 features
Processing 22 features
Processing 23 features
Processing 24 features
Processing 25 features
Processing 26 features
Processing 27 features
Processing 28 features
Processing 29 features
Processing 30 features
Processing 31 features
Processing 32 features
Processing 33 features
Processing 34 features
Processing 35 features
Processing 36 features
Processing 37 features
Processing 38 features
Processing 39 features
Processing 40 features
Processing 41 features
Processing 42 features
Processing 43 features
Processing 44 features
Processing 45 features
Processing 46 features
Processing 47 features
Processing 48 features
Processing 49 features
Processing 50 features
Saving results to: /home/slouviot/01_projects/eeg_brain_state_prediction/data/custom_envelope_caps/subject_level_feature_selection_session_level/sub-07_ses-02_task-rest_desc-CustomEnvBk8CapsWithPupil_predictions.csv
File saved successfully with 400 rows
Processing 1 features
Processing 2 features
Processing 3 features
Processing 4 features
Processing 5 features
Processing 6 features
Processing 7 features
Processing 8 features
Processing 9 features
Processing 10 features
Processing 11 features
Processing 12 features
Processing 13 features
Processing 14 features
Processing 15 features
Processing 16 features
Processing 17 features
Processing 18 features
Processing 19 features
Processing 20 features
Processing 21 features
Processing 22 features
Processing 23 features
Processing 24 features
Processing 25 features
Processing 26 features
Processing 27 features
Processing 28 features
Processing 29 features
Processing 30 features
Processing 31 features
Processing 32 features
Processing 33 features
Processing 34 features
Processing 35 features
Processing 36 features
Processing 37 features
Processing 38 features
Processing 39 features
Processing 40 features
Processing 41 features
Processing 42 features
Processing 43 features
Processing 44 features
Processing 45 features
Processing 46 features
Processing 47 features
Processing 48 features
Processing 49 features
Processing 50 features
Saving results to: /home/slouviot/01_projects/eeg_brain_state_prediction/data/custom_envelope_caps/subject_level_feature_selection_session_level/sub-08_ses-02_task-rest_desc-CustomEnvBk8CapsWithPupil_predictions.csv
File saved successfully with 400 rows
Processing 1 features
Processing 2 features
Processing 3 features
Processing 4 features
Processing 5 features
Processing 6 features
Processing 7 features
Processing 8 features
Processing 9 features
Processing 10 features
Processing 11 features
Processing 12 features
Processing 13 features
Processing 14 features
Processing 15 features
Processing 16 features
Processing 17 features
Processing 18 features
Processing 19 features
Processing 20 features
Processing 21 features
Processing 22 features
Processing 23 features
Processing 24 features
Processing 25 features
Processing 26 features
Processing 27 features
Processing 28 features
Processing 29 features
Processing 30 features
Processing 31 features
Processing 32 features
Processing 33 features
Processing 34 features
Processing 35 features
Processing 36 features
Processing 37 features
Processing 38 features
Processing 39 features
Processing 40 features
Processing 41 features
Processing 42 features
Processing 43 features
Processing 44 features
Processing 45 features
Processing 46 features
Processing 47 features
Processing 48 features
Processing 49 features
Processing 50 features
Saving results to: /home/slouviot/01_projects/eeg_brain_state_prediction/data/custom_envelope_caps/subject_level_feature_selection_session_level/sub-12_ses-02_task-rest_desc-CustomEnvBk8CapsWithPupil_predictions.csv
File saved successfully with 400 rows
Processing 1 features
Processing 2 features
Processing 3 features
Processing 4 features
Processing 5 features
Processing 6 features
Processing 7 features
Processing 8 features
Processing 9 features
Processing 10 features
Processing 11 features
Processing 12 features
Processing 13 features
Processing 14 features
Processing 15 features
Processing 16 features
Processing 17 features
Processing 18 features
Processing 19 features
Processing 20 features
Processing 21 features
Processing 22 features
Processing 23 features
Processing 24 features
Processing 25 features
Processing 26 features
Processing 27 features
Processing 28 features
Processing 29 features
Processing 30 features
Processing 31 features
Processing 32 features
Processing 33 features
Processing 34 features
Processing 35 features
Processing 36 features
Processing 37 features
Processing 38 features
Processing 39 features
Processing 40 features
Processing 41 features
Processing 42 features
Processing 43 features
Processing 44 features
Processing 45 features
Processing 46 features
Processing 47 features
Processing 48 features
Processing 49 features
Processing 50 features
Saving results to: /home/slouviot/01_projects/eeg_brain_state_prediction/data/custom_envelope_caps/subject_level_feature_selection_session_level/sub-13_ses-02_task-rest_desc-CustomEnvBk8CapsWithPupil_predictions.csv
File saved successfully with 400 rows
Processing 1 features
Processing 2 features
Processing 3 features
Processing 4 features
Processing 5 features
Processing 6 features
Processing 7 features
Processing 8 features
Processing 9 features
Processing 10 features
Processing 11 features
Processing 12 features
Processing 13 features
Processing 14 features
Processing 15 features
Processing 16 features
Processing 17 features
Processing 18 features
Processing 19 features
Processing 20 features
Processing 21 features
Processing 22 features
Processing 23 features
Processing 24 features
Processing 25 features
Processing 26 features
Processing 27 features
Processing 28 features
Processing 29 features
Processing 30 features
Processing 31 features
Processing 32 features
Processing 33 features
Processing 34 features
Processing 35 features
Processing 36 features
Processing 37 features
Processing 38 features
Processing 39 features
Processing 40 features
Processing 41 features
Processing 42 features
Processing 43 features
Processing 44 features
Processing 45 features
Processing 46 features
Processing 47 features
Processing 48 features
Processing 49 features
Processing 50 features
Saving results to: /home/slouviot/01_projects/eeg_brain_state_prediction/data/custom_envelope_caps/subject_level_feature_selection_session_level/sub-14_ses-02_task-rest_desc-CustomEnvBk8CapsWithPupil_predictions.csv
File saved successfully with 400 rows
Processing 1 features
Processing 2 features
Processing 3 features
Processing 4 features
Processing 5 features
Processing 6 features
Processing 7 features
Processing 8 features
Processing 9 features
Processing 10 features
Processing 11 features
Processing 12 features
Processing 13 features
Processing 14 features
Processing 15 features
Processing 16 features
Processing 17 features
Processing 18 features
Processing 19 features
Processing 20 features
Processing 21 features
Processing 22 features
Processing 23 features
Processing 24 features
Processing 25 features
Processing 26 features
Processing 27 features
Processing 28 features
Processing 29 features
Processing 30 features
Processing 31 features
Processing 32 features
Processing 33 features
Processing 34 features
Processing 35 features
Processing 36 features
Processing 37 features
Processing 38 features
Processing 39 features
Processing 40 features
Processing 41 features
Processing 42 features
Processing 43 features
Processing 44 features
Processing 45 features
Processing 46 features
Processing 47 features
Processing 48 features
Processing 49 features
Processing 50 features
Saving results to: /home/slouviot/01_projects/eeg_brain_state_prediction/data/custom_envelope_caps/subject_level_feature_selection_session_level/sub-15_ses-02_task-rest_desc-CustomEnvBk8CapsWithPupil_predictions.csv
File saved successfully with 400 rows
Processing 1 features
Processing 2 features
Processing 3 features
Processing 4 features
Processing 5 features
Processing 6 features
Processing 7 features
Processing 8 features
Processing 9 features
Processing 10 features
Processing 11 features
Processing 12 features
Processing 13 features
Processing 14 features
Processing 15 features
Processing 16 features
Processing 17 features
Processing 18 features
Processing 19 features
Processing 20 features
Processing 21 features
Processing 22 features
Processing 23 features
Processing 24 features
Processing 25 features
Processing 26 features
Processing 27 features
Processing 28 features
Processing 29 features
Processing 30 features
Processing 31 features
Processing 32 features
Processing 33 features
Processing 34 features
Processing 35 features
Processing 36 features
Processing 37 features
Processing 38 features
Processing 39 features
Processing 40 features
Processing 41 features
Processing 42 features
Processing 43 features
Processing 44 features
Processing 45 features
Processing 46 features
Processing 47 features
Processing 48 features
Processing 49 features
Processing 50 features
Saving results to: /home/slouviot/01_projects/eeg_brain_state_prediction/data/custom_envelope_caps/subject_level_feature_selection_session_level/sub-16_ses-02_task-rest_desc-CustomEnvBk8CapsWithPupil_predictions.csv
File saved successfully with 400 rows
Processing 1 features
Processing 2 features
Processing 3 features
Processing 4 features
Processing 5 features
Processing 6 features
Processing 7 features
Processing 8 features
Processing 9 features
Processing 10 features
Processing 11 features
Processing 12 features
Processing 13 features
Processing 14 features
Processing 15 features
Processing 16 features
Processing 17 features
Processing 18 features
Processing 19 features
Processing 20 features
Processing 21 features
Processing 22 features
Processing 23 features
Processing 24 features
Processing 25 features
Processing 26 features
Processing 27 features
Processing 28 features
Processing 29 features
Processing 30 features
Processing 31 features
Processing 32 features
Processing 33 features
Processing 34 features
Processing 35 features
Processing 36 features
Processing 37 features
Processing 38 features
Processing 39 features
Processing 40 features
Processing 41 features
Processing 42 features
Processing 43 features
Processing 44 features
Processing 45 features
Processing 46 features
Processing 47 features
Processing 48 features
Processing 49 features
Processing 50 features
Saving results to: /home/slouviot/01_projects/eeg_brain_state_prediction/data/custom_envelope_caps/subject_level_feature_selection_session_level/sub-20_ses-02_task-rest_desc-CustomEnvBk8CapsWithPupil_predictions.csv
File saved successfully with 400 rows
Processing 1 features
Processing 2 features
Processing 3 features
Processing 4 features
Processing 5 features
Processing 6 features
Processing 7 features
Processing 8 features
Processing 9 features
Processing 10 features
Processing 11 features
Processing 12 features
Processing 13 features
Processing 14 features
Processing 15 features
Processing 16 features
Processing 17 features
Processing 18 features
Processing 19 features
Processing 20 features
Processing 21 features
Processing 22 features
Processing 23 features
Processing 24 features
Processing 25 features
Processing 26 features
Processing 27 features
Processing 28 features
Processing 29 features
Processing 30 features
Processing 31 features
Processing 32 features
Processing 33 features
Processing 34 features
Processing 35 features
Processing 36 features
Processing 37 features
Processing 38 features
Processing 39 features
Processing 40 features
Processing 41 features
Processing 42 features
Processing 43 features
Processing 44 features
Processing 45 features
Processing 46 features
Processing 47 features
Processing 48 features
Processing 49 features
Processing 50 features
Saving results to: /home/slouviot/01_projects/eeg_brain_state_prediction/data/custom_envelope_caps/subject_level_feature_selection_session_level/sub-21_ses-02_task-rest_desc-CustomEnvBk8CapsWithPupil_predictions.csv
File saved successfully with 400 rows
Processing 1 features
Processing 2 features
Processing 3 features
Processing 4 features
Processing 5 features
Processing 6 features
Processing 7 features
Processing 8 features
Processing 9 features
Processing 10 features
Processing 11 features
Processing 12 features
Processing 13 features
Processing 14 features
Processing 15 features
Processing 16 features
Processing 17 features
Processing 18 features
Processing 19 features
Processing 20 features
Processing 21 features
Processing 22 features
Processing 23 features
Processing 24 features
Processing 25 features
Processing 26 features
Processing 27 features
Processing 28 features
Processing 29 features
Processing 30 features
Processing 31 features
Processing 32 features
Processing 33 features
Processing 34 features
Processing 35 features
Processing 36 features
Processing 37 features
Processing 38 features
Processing 39 features
Processing 40 features
Processing 41 features
Processing 42 features
Processing 43 features
Processing 44 features
Processing 45 features
Processing 46 features
Processing 47 features
Processing 48 features
Processing 49 features
Processing 50 features
Saving results to: /home/slouviot/01_projects/eeg_brain_state_prediction/data/custom_envelope_caps/subject_level_feature_selection_session_level/sub-22_ses-02_task-rest_desc-CustomEnvBk8CapsWithPupil_predictions.csv
File saved successfully with 400 rows
Error.  nthreads cannot be larger than environment variable "NUMEXPR_MAX_THREADS" (64)2025-02-20 13:33:59 - INFO - Starting processing with task: checker, description: CustomEnvBk8Caps
2025-02-20 13:33:59 - INFO - 
Config Debug:
2025-02-20 13:33:59 - INFO - Code root: /home/slouviot/01_projects/eeg_brain_state_prediction
2025-02-20 13:33:59 - INFO - Data root: /data2/Projects/eeg_fmri_natview/derivatives
2025-02-20 13:33:59 - INFO - Data directory: data/custom_envelope_caps/subject_level_feature_selection_session_level
2025-02-20 13:33:59 - INFO - Found 19 subjects to process
2025-02-20 13:34:00 - INFO - 
Processing subject: 06
